{"timestamps": [0.48329412499879254, 0.5034311250001338, 0.523568124999656, 0.5437051249991782, 0.563843124999039, 0.5839801250003802, 0.6041171249999024, 0.6242541249994247, 0.6443911249989469, 0.6645291249988077, 0.6846661250001489, 0.7048031249996711, 0.7249401249991934, 0.7450771250005346, 0.7652151250003953, 0.7853521249999176, 0.8054891249994398, 0.825626124998962, 0.8457631250003033, 0.865901125000164, 0.8860381249996863, 0.9061751249992085, 0.9263121250005497, 0.9464501250004105, 0.9665871249999327, 0.9867241249994549, 1.0068611249989772, 1.0269981250003184, 1.0471361250001792, 1.0672731249997014, 1.0874101249992236, 1.1075471250005648, 1.1276851250004256, 1.1478221249999478, 1.16795912499947, 1.1880961249989923, 1.2082331250003335, 1.2283711250001943, 1.2485081249997165, 1.2686451249992388, 1.288782124998761, 1.3089201250004407, 1.329056666665565, 1.3491936666669062, 1.3693306666664284, 1.3894676666659507, 1.4096056666658114, 1.4297426666671527, 1.449879666666675, 1.4700166666661971, 1.490154666666058], "x_swing_data": [-0.19675, -0.222023, -0.205133, -0.133239, -0.081121, -0.086836, 0.002946, 0.033908, 0.087144, 0.160866, 0.257707, 0.187276, 0.162493, 0.087219, 0.084687, 0.141808, 0.138051, 0.175205, 0.441317, 1.3308, 1.722525, 2.286817, 2.935398, 3.824349, 5.531225, 7.681546, 4.798925, 0.847272, 2.631018, 4.036197, 4.314774, 6.036706, 2.624088, 1.326445, 1.60951, 1.497135, 1.369521, 1.769214, 1.617365, 1.191086, 0.987086, 0.891855, 0.887044, 0.821405, 0.605172, 0.448343, 0.34904, 0.295422, 0.19288, 0.092417, 0.091036], "y_swing_data": [-0.358964, -0.365289, -0.493805, -0.414381, -0.371491, -0.336835, -0.362552, -0.521966, -0.592768, -0.405638, -0.290644, -0.342816, -0.244238, 0.204193, 0.140114, 0.10709, 0.02075, 0.49979, 1.34996, 1.409015, 1.205797, 0.959175, 0.48343, -0.348218, -2.070393, -3.807296, -3.747495, -4.100316, -2.137209, 6.051601, -5.859487, 0.577855, 2.978656, 3.808867, 0.57391, 0.51546, -0.492504, -1.040456, -0.788933, -0.345595, 0.210578, 0.412542, 0.332288, 0.257746, 0.076481, 0.00639, -0.034168, -0.239528, -0.145912, 0.110104, 0.052709], "z_swing_data": [0.018859, 0.063645, 0.22637, 0.187828, 0.022536, 0.051028, 0.123769, 0.195488, 0.221967, 0.067336, 0.197645, 0.591043, 0.773074, 0.830432, 0.784344, 1.116786, 1.342888, 1.686661, 1.932075, 2.408147, 2.797872, 2.953197, 3.022016, 3.100698, 2.237375, -0.157404, -1.790855, 4.533386, 10.215274, 0.600074, 3.286477, 0.46777, -0.861895, -1.079772, -0.521107, -0.868383, -0.625256, -0.628967, -0.702005, -0.832013, -0.903444, -0.951899, -0.866976, -0.724566, -0.563633, -0.550336, -0.453857, -0.32265, -0.350603, -0.43659, -0.457218], "sin_pitch_values": [-0.686957, -0.746933, -0.809803, -0.873077, -0.935511, -0.996064, -1.053005, -1.097797, -1.121672, -1.129012, -1.11186, -1.066471, -1.014562, -0.98386, -0.985391, -1.009621, -1.059079, -1.135078, -1.183624, -1.105194, -0.896589, -0.609647, -0.275203, 0.064501, 0.313308, 0.419951, 0.277142, -0.299826, -0.662899, -0.614135, -0.570471, -0.478581, -0.32509, -0.182858, -0.090428, 0.014423, 0.114051, 0.191439, 0.243872, 0.280601, 0.318216, 0.358398, 0.400396, 0.442147, 0.482171, 0.52113, 0.555808, 0.582336, 0.601556, 0.624639, 0.650189], "sin_roll_values": [-1.317542, -1.379715, -1.449709, -1.52669, -1.606574, -1.690965, -1.800466, -1.972297, -2.197908, -2.429989, -2.669473, -2.891054, -3.06232, 3.0997, 3.021258, 2.982989, 3.008243, -3.109512, -2.686913, -2.160338, -1.816048, -1.613007, -1.444588, -1.221546, -0.926971, -0.665999, -0.453248, -0.222996, -0.076491, 0.291422, 0.580238, 0.734685, 0.795793, 0.829983, 0.847043, 0.87751, 0.92021, 0.94967, 0.96809, 0.984928, 1.005444, 1.027737, 1.048353, 1.069071, 1.092992, 1.117212, 1.131798, 1.129093, 1.113693, 1.102152, 1.087655], "sin_yaw_values": [-0.65122, -0.678616, -0.714922, -0.75378, -0.786601, -0.816269, -0.865028, -0.972006, -1.116896, -1.240509, -1.345692, -1.414991, -1.415895, -1.352739, -1.240389, -1.089602, -0.8844, -0.554488, 0.005024, 0.63516, 1.045109, 1.265479, 1.358779, 1.333327, 1.178477, 0.928808, 0.638412, 0.442832, 0.521561, 0.881051, 1.206374, 1.414012, 1.448438, 1.433089, 1.408333, 1.356332, 1.301226, 1.264368, 1.247693, 1.233556, 1.200581, 1.146548, 1.075578, 0.992376, 0.903626, 0.813136, 0.736495, 0.686869, 0.651083, 0.602565, 0.549632]}