{"timestamps": [0.060410999998566695, 0.08054899999842746, 0.10068599999976868, 0.12082299999929091, 0.14095999999881315, 0.1610979999986739, 0.18123500000001513, 0.20137199999953737, 0.2215089999990596, 0.24164599999858183, 0.2617839999984426, 0.2819209999997838, 0.30205799999930605, 0.3221949999988283, 0.34233299999868905, 0.3624699999982113, 0.3826069999995525, 0.40274399999907473, 0.4228819999989355, 0.44301899999845773, 0.46315599999979895, 0.4832929999993212, 0.5034299999988434, 0.5235679999987042, 0.5437049999982264, 0.5638419999995676, 0.5839789999990899, 0.6041159999986121, 0.6242539999984729, 0.6443909999998141, 0.6645279999993363, 0.6846649999988585, 0.7048029999987193, 0.7249399999982415, 0.7450769999995828, 0.7652133749998029, 0.7853503749993251, 0.8054883749991859, 0.8256253749987081, 0.8457623749982304, 0.8658993749995716, 0.8860363749990938, 0.9061743749989546, 0.9263113749984768, 0.946448374999818, 0.9665853749993403, 0.986723374999201, 1.0068603749987233, 1.0269973749982455, 1.0471343749995867, 1.067271374999109], "x_swing_data": [0.276552, 0.279955, 0.3029, 0.385656, 0.272622, 0.044308, -0.230227, -0.520783, -1.27547, -1.410654, -1.252474, -1.290134, -1.09656, -0.740946, -0.800724, -0.725829, -0.389756, -0.140979, 0.052368, 0.268026, 0.497025, 0.999161, 1.644279, 2.701858, 5.29227, 8.958597, 8.887913, 7.83226, 4.901698, 1.121382, 3.997077, 2.829023, 2.679445, 3.904773, 3.718391, 3.202431, 3.505389, 3.694875, 4.561822, 5.010168, 4.457096, 3.967292, 3.848855, 2.779571, 1.89293, 1.129247, 0.874303, 0.77588, 0.609619, 0.375842, 0.154203], "y_swing_data": [-0.001025, -0.153393, -0.302222, -0.181963, 0.008065, 0.221766, 0.155577, 0.062447, 0.188386, 0.431413, 0.586511, 0.341374, 0.261163, 0.62798, 0.834219, 0.754577, 0.631139, 0.075084, -0.212393, -0.153942, -0.025672, 0.273693, 1.140114, 3.387746, 4.090694, -1.514408, -6.605148, -4.033455, -2.340052, -0.773956, 0.161083, -0.604908, -3.987151, -0.340404, -1.483332, -1.958558, -0.805398, -0.58729, -1.326004, -1.982638, -2.807186, -1.3816, 0.878702, 1.627017, 1.270288, 0.890822, 0.687641, 0.459511, 0.202072, -0.096968, 0.050525], "z_swing_data": [0.434609, 0.437949, 0.228097, 0.180778, -0.028685, 0.022978, 0.053248, 0.375059, 0.591426, 0.653341, 0.635364, 0.787819, 0.837671, 0.840482, 0.770597, 0.555619, 0.470543, 0.794543, 1.268772, 1.912765, 2.259719, 2.589212, 3.676687, 4.459365, 6.070839, 8.630321, 5.233009, 4.151142, 3.201531, 8.048798, 3.633273, 5.12889, 3.026147, 1.82616, 0.964053, 0.213233, -0.038161, 0.096331, 0.824978, 1.197639, 0.315729, -0.269511, -0.563363, -0.911247, -0.900862, -0.335066, -0.119283, -0.049547, 0.027142, -0.041993, 0.142306], "sin_pitch_values": [0.173164, 0.106543, 0.03531, -0.044084, -0.129704, -0.212898, -0.286004, -0.359215, -0.431677, -0.499049, -0.563382, -0.627595, -0.695659, -0.76195, -0.81119, -0.83633, -0.84944, -0.89044, -0.975873, -1.053207, -1.053784, -0.945952, -0.706923, -0.325861, -0.019079, 0.177052, 0.319993, 0.320338, 0.17734, -0.046892, -0.022177, 0.147087, 0.252224, 0.367652, 0.494769, 0.561497, 0.619283, 0.675569, 0.714182, 0.740408, 0.771709, 0.815761, 0.87167, 0.947518, 1.022626, 1.086414, 1.145553, 1.205273, 1.269821, 1.313527, 1.30931], "sin_roll_values": [-1.615586, -1.589359, -1.567872, -1.558494, -1.565285, -1.575216, -1.593373, -1.626766, -1.670269, -1.710883, -1.755535, -1.807633, -1.869435, -1.954026, -2.076953, -2.227511, -2.36769, -2.452961, -2.4645, -2.407107, -2.297397, -2.083468, -1.780506, -1.523895, -1.265251, -1.000461, -0.562555, -0.15271, 0.127497, 0.347231, 0.556192, 0.73052, 0.918261, 1.070214, 1.183343, 1.278055, 1.375078, 1.504183, 1.653568, 1.760689, 1.794002, 1.775113, 1.737001, 1.730266, 1.757514, 1.776917, 1.783042, 1.748554, 1.607824, 1.330224, 0.983266], "sin_yaw_values": [2.806874, 2.791545, 2.775345, 2.759496, 2.755121, 2.763673, 2.779636, 2.786028, 2.780267, 2.781903, 2.800496, 2.824857, 2.84582, 2.855701, 2.844104, 2.823149, 2.848361, 2.960451, -3.12664, -2.869971, -2.58822, -2.266458, -1.938072, -1.775214, -1.75623, -1.803861, -1.977928, -2.178763, -2.318805, -2.309044, -2.188958, -2.065048, -1.972792, -1.902464, -1.85256, -1.809176, -1.794458, -1.826907, -1.881581, -1.892565, -1.797369, -1.643439, -1.547825, -1.536397, -1.563666, -1.575648, -1.576316, -1.545274, -1.419214, -1.150056, -0.802691]}