{"timestamps": [0.6443970000000263, 0.6645339999995485, 0.6846718333326862, 0.7048088333322085, 0.7249468333320692, 0.7450838333334104, 0.7652218333332712, 0.7853588333327934, 0.8054958333323157, 0.8256338333321764, 0.8457708333335177, 0.8659088333333784, 0.8860458333329007, 0.9061828333324229, 0.9263208333322837, 0.9464578333336249, 0.9665958333334856, 0.9867328333330079, 1.00686983333253, 1.0270078333323909, 1.047144833333732, 1.0672828333335929, 1.087419833333115, 1.1075568333326373, 1.127694833332498, 1.1478318333320203, 1.1679698333337, 1.1881068333332223, 1.2082438333327445, 1.2283818333326053, 1.2485188333321275, 1.2686568333319883, 1.2887938333333295, 1.3089308333328518, 1.3290688333327125, 1.3492058333322348, 1.3693438333320955, 1.3894808333334367, 1.409617833332959, 1.4297558333328197, 1.449892833332342, 1.4700308333322027, 1.490167833333544, 1.5103058333334047, 1.530442833332927, 1.5505798333324492, 1.57071783333231, 1.5908548333336512, 1.610992833333512, 1.6311298333330342, 1.6512668333325564], "x_swing_data": [-0.210891, -0.204599, -0.183028, -0.18325, -0.204645, -0.182415, -0.164101, -0.117889, -0.155474, -0.192503, -0.084764, 0.109983, 0.250014, 0.34784, 0.366652, 0.323488, 0.310555, 0.256106, 0.185706, 0.420438, 1.606668, 3.781057, 7.266766, 12.542074, 17.119499, 17.718439, 5.267203, 7.472495, 10.781391, 11.836767, 10.472874, 8.013738, 6.549105, 5.130753, 4.300221, 3.754216, 2.387474, 1.217621, 1.226751, 0.659186, 0.324167, 0.287036, 0.194027, 0.102631, 0.104426, 0.242054, 0.278378, 0.164092, 0.333548, 0.428244, 0.501089], "y_swing_data": [-0.54499, -0.530513, -0.626141, -0.628188, -0.607306, -0.517026, -0.453803, -0.596978, -0.5956, -0.53064, -0.558664, -0.621439, -0.825505, -0.935836, -0.971993, -1.077207, -1.258548, -1.510242, -1.63025, -1.257148, 0.524886, 0.633951, 0.914029, -0.902497, -5.66704, -13.923525, -2.381123, 1.263463, -3.871571, 1.300999, 2.878103, 5.107109, 4.800839, 1.127223, -0.721753, 1.509952, 2.397896, 1.315264, 1.269364, 1.278054, 1.194114, 0.880114, 0.627257, 0.444387, 0.225162, -0.006258, -0.201615, -0.369084, -0.222726, -0.844943, -0.142155], "z_swing_data": [-0.239899, -0.135386, -0.001399, 0.040346, 0.012583, -0.093029, -0.046581, -0.027189, -0.060446, -0.153017, -0.139942, 0.032788, 0.285603, 0.427962, 0.624095, 0.876287, 1.381239, 2.055031, 2.941198, 4.06689, 5.556012, 6.277256, 6.42084, 4.865894, 2.215029, -3.375812, 15.871683, 8.449612, 5.264089, 1.911363, -0.162892, -1.432265, -2.655035, -2.70967, -2.683943, -2.315795, -1.519415, -1.179495, -0.687125, -0.34874, 0.050324, 0.469481, 0.800174, 0.904923, 0.867422, 0.864782, 1.00118, 0.762117, 0.651541, 0.672679, 0.4078], "sin_pitch_values": [-0.272787, -0.298698, -0.326459, -0.355525, -0.386363, -0.420482, -0.456816, -0.49072, -0.51873, -0.541435, -0.560339, -0.581484, -0.603385, -0.633891, -0.679725, -0.747625, -0.8339, -0.932742, -1.03223, -1.070136, -0.930487, -0.598171, -0.155336, 0.280281, 0.286827, -0.25065, -0.652778, -0.534198, -0.346592, -0.133971, 0.07134, 0.252027, 0.434046, 0.621218, 0.818209, 0.98915, 1.121808, 1.217272, 1.273759, 1.28793, 1.263878, 1.205601, 1.118075, 1.011792, 0.89628, 0.784254, 0.683171, 0.599766, 0.523941, 0.448186, 0.384146], "sin_roll_values": [-1.42998, -1.490317, -1.552328, -1.615408, -1.678183, -1.738575, -1.800552, -1.875021, -1.966675, -2.072835, -2.191189, -2.31801, -2.451927, -2.584358, -2.705608, -2.807559, -2.88235, -2.908356, -2.82389, -2.532764, -2.102352, -1.750536, -1.493338, -1.070313, -0.336458, 0.247094, 0.680556, 1.147437, 1.435153, 1.549946, 1.598754, 1.645914, 1.747334, 1.860972, 1.899902, 1.86689, 1.821692, 1.770517, 1.663855, 1.49676, 1.322025, 1.173924, 1.071679, 1.009409, 0.974334, 0.956298, 0.955564, 0.971622, 0.990502, 0.99636, 0.994121], "sin_yaw_values": [-1.55758, -1.576002, -1.591714, -1.603507, -1.609037, -1.601068, -1.584723, -1.575329, -1.573511, -1.566239, -1.546887, -1.509724, -1.457702, -1.385617, -1.288888, -1.165795, -1.014791, -0.818684, -0.520234, -0.031477, 0.541745, 0.954678, 1.132989, 1.022204, 0.575563, 0.294377, 0.644218, 0.980589, 1.236356, 1.331161, 1.298317, 1.216265, 1.05829, 0.925756, 0.909273, 0.925195, 0.920225, 0.92939, 0.978918, 1.07646, 1.178728, 1.251762, 1.278587, 1.267571, 1.23146, 1.176855, 1.104984, 1.015704, 0.927979, 0.853637, 0.772114]}