{"timestamps": [0, 0.02013699999952223, 0.04027400000086345, 0.06041200000072422, 0.08054900000024645, 0.10068599999976868, 0.12082299999929091, 0.14096000000063214, 0.16109700000015437, 0.18123500000001513, 0.20137199999953737, 0.22150891666751704, 0.24164591666703927, 0.2617829166665615, 0.28191991666608374, 0.3020579166659445, 0.3221949166672857, 0.34233191666680796, 0.3624689166663302, 0.3826059166658524, 0.40274291666719364, 0.4228809166670544, 0.44301791666657664, 0.46315491666609887, 0.4832919166674401, 0.5034289166669623, 0.5235659166664846, 0.5437039166663453, 0.5638409166658676, 0.5839779166672088, 0.604114916666731, 0.6242519166662532], "x_swing_data": [-0.631911, 0.012916, 0.851031, 1.308474, 3.964365, 9.843944, 11.280391, 7.962413, 3.790755, 3.308191, 2.234396, 0.558733, 3.71519, 5.804391, 2.459556, 3.066625, 2.677372, 3.133146, 4.178188, 4.366724, 4.962197, 4.652, 4.284918, 3.704108, 3.289674, 2.700429, 2.161705, 1.730443, 1.498263, 1.250842, 1.0002, 0.830773], "y_swing_data": [1.344928, 1.095628, 0.624966, 1.347236, 4.815522, 2.412397, -6.552938, -8.020038, -4.606472, 1.162742, 4.088056, -5.354143, -2.899003, 1.517288, -2.54377, -0.377527, -0.863007, -1.514812, -1.83106, -1.946185, -2.072451, -1.14969, -1.35536, -1.488418, -1.122557, -1.011781, -0.764799, -0.210236, -0.194251, -0.329319, -0.193876, -0.057284], "z_swing_data": [3.169329, 3.495836, 3.391222, 3.341226, 5.500028, 6.35413, 9.318286, 3.139208, 5.909376, 7.243899, 5.570522, 7.165005, 4.461781, 4.591136, 1.747784, 1.471059, 0.826387, 1.059637, 1.950724, 1.468214, 1.026289, 0.595547, 0.06605, -0.571597, -0.778737, -0.803304, -0.327039, 0.029178, 0.226674, 0.228926, 0.231934, 0.163784], "sin_pitch_values": [-1.134573, -1.10303, -0.902265, -0.498035, -0.088402, 0.084418, 0.179966, 0.080635, -0.236555, -0.321304, -0.175137, -0.071046, 0.028583, 0.201276, 0.303105, 0.396234, 0.493913, 0.586819, 0.672957, 0.742786, 0.778107, 0.800379, 0.818229, 0.830136, 0.849681, 0.884438, 0.931205, 0.989365, 1.062686, 1.154687, 1.262051, 1.351314], "sin_roll_values": [-2.416415, -2.208601, -1.879425, -1.492652, -1.346277, -1.082459, -0.677204, -0.153483, 0.110426, 0.237262, 0.420838, 0.701079, 0.955905, 1.083523, 1.217833, 1.33481, 1.465982, 1.622561, 1.786051, 1.971645, 2.15125, 2.333817, 2.501166, 2.647551, 2.758833, 2.850648, 2.935661, 3.03175, 3.137081, -3.027636, -2.85203, -2.523672], "sin_yaw_values": [-2.667272, -2.290409, -1.886201, -1.619834, -1.631976, -1.690348, -1.915468, -2.223095, -2.432899, -2.367151, -2.14917, -1.994186, -1.914896, -1.839426, -1.811504, -1.819074, -1.864792, -1.927629, -1.995591, -2.070146, -2.143687, -2.243895, -2.348402, -2.432609, -2.495611, -2.543458, -2.586773, -2.649227, -2.732268, -2.836959, -3.008966, 2.937706]}