{"timestamps": [0.8256361250005284, 0.8457741250003892, 0.8659111249999114, 0.8860491250015912, 0.9061861250011134, 0.9263241250009742, 0.9464611250004964, 0.9665991250003572, 0.9867361249998794, 1.0068741250015592, 1.0270111250010814, 1.0471491250009421, 1.0672861250004644, 1.0874241250003251, 1.1075611250016664, 1.1276991250015271, 1.1478361250010494, 1.1679731250005716, 1.1881101250000938, 1.2082481249999546, 1.2283851250012958, 1.2485231250011566, 1.2686601250006788, 1.2887981250005396, 1.3089351250000618, 1.3290731249999226, 1.3492101250012638, 1.3693481250011246, 1.3894851250006468, 1.409622125000169, 1.4297601250000298, 1.449897125001371, 1.4700351250012318, 1.490172125000754, 1.5103101250006148, 1.530447125000137, 1.5505851249999978, 1.570722125001339, 1.5908601250011998, 1.610997125000722, 1.6311351250005828, 1.651272125000105, 1.6714101249999658, 1.691547125001307, 1.7116851250011678, 1.73182212500069, 1.7519601250005508, 1.772097125000073, 1.7922351249999338, 1.812372125001275, 1.8325101250011357], "x_swing_data": [-0.253137, -0.206963, -0.186997, -0.235966, -0.151078, -0.228123, -0.184215, -0.252135, -0.495571, -0.505083, -0.438196, -0.57653, -0.856526, -1.036717, -1.233325, -1.322164, -1.042713, -0.088027, 1.470279, 3.174657, 7.486191, 12.426037, 11.090673, 13.406825, 7.36677, 16.339708, -2.609731, 5.521697, 5.381059, 5.413059, 5.107405, 4.344058, 3.417965, 3.041667, 1.584098, 1.189416, 1.133978, 0.745659, 0.455443, 0.18893, -0.039474, -0.053152, -0.117903, -0.125096, -0.207387, -0.275745, -0.125932, 0.219198, 0.269841, 0.221486, 0.265127], "y_swing_data": [-0.550334, -0.469783, -0.46103, -0.562254, -0.827831, -0.882843, -0.474632, -0.399402, -0.882752, -0.923045, -0.745705, -0.75561, -1.133491, -1.859408, -2.184516, -2.355706, -2.858927, -3.232621, -1.935101, -0.418185, -1.41559, -5.236131, -13.702593, -6.194794, -5.651103, 10.634479, 3.551947, -10.866942, 3.429923, 1.311601, 0.248738, 1.951504, 2.42594, 2.944044, 2.731812, 1.113739, 0.247472, 0.005268, 0.199308, 0.203964, 0.179107, 0.213935, 0.243153, -0.171842, -0.19556, 0.214724, 0.599234, 0.346052, -0.247614, -0.483105, -0.38882], "z_swing_data": [-0.61467, -0.658804, -0.630031, -0.392195, -0.376096, -0.341048, -0.493738, -0.359546, -0.097858, -0.047693, -0.127855, 0.217373, 0.986842, 1.727526, 2.193973, 2.496246, 2.787184, 3.563278, 4.303443, 6.195721, 4.694039, 2.507643, 0.193124, 4.416508, 10.765841, -2.593776, -0.442059, 0.347934, -3.266942, -2.887985, -3.074712, -2.801663, -2.679493, -2.468386, -1.984347, -1.147735, -0.369371, 0.022592, 0.024927, 0.012513, -0.001522, -0.110304, 0.009199, 0.04715, 0.071918, 0.058802, 0.052309, -0.1956, 0.239262, 0.435873, 0.184748], "sin_pitch_values": [-0.709218, -0.729073, -0.744387, -0.75661, -0.773892, -0.789595, -0.793426, -0.791117, -0.787776, -0.780956, -0.772779, -0.775386, -0.787721, -0.796513, -0.802912, -0.818217, -0.819715, -0.75632, -0.561639, -0.23942, 0.077973, 0.065521, -0.151397, -0.445922, -0.554317, -0.167931, 0.25327, 0.371329, 0.553092, 0.702929, 0.80835, 0.895561, 0.944756, 0.950363, 0.933249, 0.901249, 0.860358, 0.814334, 0.770062, 0.724241, 0.673392, 0.624313, 0.575101, 0.521119, 0.455581, 0.392346, 0.352344, 0.33779, 0.317813, 0.291673, 0.271532], "sin_roll_values": [-1.055667, -1.091128, -1.119734, -1.14532, -1.196792, -1.271658, -1.333867, -1.385103, -1.461, -1.558585, -1.649607, -1.724128, -1.796871, -1.878577, -1.93231, -1.91296, -1.827362, -1.686476, -1.47884, -1.211373, -0.863784, -0.326007, 0.156498, 0.647457, 1.038581, 0.984098, 1.08031, 1.118028, 1.175662, 1.247521, 1.299788, 1.364274, 1.390426, 1.354535, 1.324394, 1.315992, 1.317878, 1.322055, 1.327279, 1.329306, 1.327707, 1.31919, 1.298525, 1.255001, 1.194655, 1.147408, 1.114694, 1.08802, 1.056498, 1.021052, 0.989863], "sin_yaw_values": [-1.870561, -1.892325, -1.898663, -1.893699, -1.91242, -1.949591, -1.945119, -1.896711, -1.855274, -1.814145, -1.726668, -1.578958, -1.403501, -1.231527, -1.03125, -0.759273, -0.436193, -0.111724, 0.158748, 0.363693, 0.290378, 0.126434, 0.206444, 0.534936, 1.070826, 1.039633, 0.948366, 1.016492, 1.011156, 0.965924, 0.928896, 0.889573, 0.897691, 0.941443, 0.963587, 0.958803, 0.934912, 0.905772, 0.870971, 0.831455, 0.78198, 0.726916, 0.683382, 0.666298, 0.669081, 0.655279, 0.601239, 0.519731, 0.452944, 0.399996, 0.342256]}