{"timestamps": [0, 0.020137999999860767, 0.040274999999383, 0.06041199999890523, 0.08055000000058499, 0.10068700000010722, 0.12082399999962945, 0.14096199999949022, 0.16109899999901245, 0.18123699999887322, 0.20137400000021444, 0.22151099999973667, 0.24164899999959744, 0.26178599999911967, 0.2819230000004609, 0.30206100000032166, 0.3221979999998439, 0.34233554166712565, 0.3624725416666479, 0.3826095416661701, 0.4027475416660309, 0.4228845416655531, 0.44302254166723287, 0.4631595416667551, 0.48329654166627734, 0.5034345416661381, 0.5235715416656603, 0.5437085416670016, 0.5638465416668623, 0.5839835416663846, 0.6041215416662453, 0.6242585416657676, 0.6443955416671088, 0.6645335416669695, 0.6846705416664918, 0.704807541666014, 0.7249455416658748, 0.745082541667216, 0.7652205416670768], "x_swing_data": [0.43733, 0.541754, 0.58784, 0.561531, 0.645113, 0.719231, 0.843496, 1.363131, 2.633667, 4.735367, 7.656009, 10.472585, 12.353374, 13.120197, 4.641888, 6.549748, 9.742294, 11.071589, 7.960563, 7.310974, 5.885416, 4.789148, 4.605188, 3.274926, 1.742272, 1.688649, 1.208455, 0.534624, 0.54354, 0.528027, 0.499178, 0.396909, 0.462658, 0.494994, 0.532009, 0.6296, 0.652618, 0.730012, 0.738591], "y_swing_data": [-0.29985, -0.374593, -0.463864, -0.516796, -0.674509, -0.730983, -0.400443, 0.826878, 1.251445, 1.427361, 0.657972, -1.951209, -3.69533, -8.006632, -3.820574, -2.914253, -2.576366, 2.708955, 1.578788, 4.895445, 5.06254, 2.591456, 0.689779, 2.428118, 2.270316, 1.416627, 1.847838, 1.994772, 1.727784, 1.052392, 0.773488, 0.734429, 0.602437, 0.523701, 0.305055, -0.078377, -0.37484, -0.410158, -0.040024], "z_swing_data": [0.244617, 0.467232, 0.698225, 0.918701, 1.313179, 1.958234, 3.193839, 4.596782, 4.995936, 5.371122, 4.473687, 2.992404, 1.679042, 1.488087, 12.165385, 8.194148, 3.924019, 0.736338, -0.287572, -1.20463, -2.319405, -2.660562, -1.975638, -0.95563, -0.313107, -0.10379, 0.071588, 0.277102, 0.475775, 0.658446, 0.83201, 0.793958, 0.794929, 0.852473, 0.855043, 0.829549, 0.812059, 0.690616, 0.396321], "sin_pitch_values": [-0.536047, -0.557652, -0.587122, -0.629274, -0.690762, -0.759738, -0.791556, -0.736671, -0.557958, -0.244706, 0.12671, 0.374927, 0.214717, -0.29841, -0.63765, -0.625519, -0.480268, -0.284428, -0.112735, 0.065505, 0.277847, 0.500801, 0.697368, 0.853969, 0.966116, 1.03626, 1.071294, 1.069973, 1.042191, 0.985256, 0.911129, 0.838004, 0.770158, 0.704994, 0.637686, 0.565569, 0.492085, 0.427917, 0.37966], "sin_roll_values": [-2.453912, -2.557929, -2.654794, -2.737615, -2.79632, -2.809151, -2.72952, -2.50443, -2.183295, -1.87343, -1.50697, -0.901355, -0.164881, 0.194272, 0.493146, 0.916327, 1.163224, 1.222567, 1.255434, 1.269729, 1.29075, 1.279024, 1.181688, 1.047805, 0.89836, 0.744567, 0.620761, 0.544027, 0.504479, 0.489933, 0.49842, 0.526369, 0.56609, 0.613265, 0.662324, 0.710738, 0.759661, 0.809174, 0.862254], "sin_yaw_values": [-2.945552, -2.864014, -2.764494, -2.641727, -2.490181, -2.295858, -2.020446, -1.637928, -1.22559, -0.943371, -0.861304, -1.113887, -1.470396, -1.639433, -1.346286, -0.90827, -0.603241, -0.49946, -0.445507, -0.438997, -0.458808, -0.402914, -0.265042, -0.113499, 0.045836, 0.184383, 0.275448, 0.312858, 0.305689, 0.269434, 0.208247, 0.126358, 0.028387, -0.082674, -0.198245, -0.30608, -0.406558, -0.518421, -0.656822]}