{"timestamps": [0.5437031666660914, 0.5638401666656137, 0.5839771666669549, 0.6041141666664771, 0.6242511666659993, 0.6443891666658601, 0.6645261666653823, 0.6846631666667236, 0.7048001666662458, 0.724937166665768, 0.7450741666671092, 0.76521216666697, 0.7853491666664922, 0.8054861666660145, 0.8256231666655367, 0.8457601666668779, 0.8658971666664002, 0.8860341666659224, 0.9061721666657832, 0.9263091666671244, 0.9464461666666466, 0.9665831666661688, 0.9867201666656911, 1.0068571666670323, 1.026995166666893, 1.0471321666664153, 1.0672691666659375, 1.0874061666654598, 1.107543166666801, 1.1276801666663232, 1.1478171666658454, 1.1679551666657062, 1.1880916249992879, 1.2082286249988101, 1.2283656250001513, 1.2485026249996736, 1.2686396249991958, 1.2887776249990566, 1.3089146250003978, 1.32905162499992, 1.3491886249994423, 1.3693256249989645, 1.3894626250003057, 1.4096006250001665, 1.4297376249996887, 1.449874624999211, 1.4700116249987332, 1.4901486250000744, 1.5102856249995966, 1.5304226249991189, 1.5505606249989796], "x_swing_data": [0.09078, -0.039679, -0.096027, -0.084588, -0.155915, -0.236747, -0.066174, 0.032474, -0.032822, -0.036615, 0.103991, 0.184119, 0.179179, 0.093852, 0.096895, 0.252025, 0.431639, 0.539923, 1.24262, 1.802099, 2.335475, 2.958663, 3.636572, 4.821431, 7.900473, 8.318276, 2.420835, 0.861821, 3.056367, 3.359156, 6.56001, 4.428044, 2.633337, 2.011505, 1.759295, 1.486779, 1.140703, 1.168726, 1.291281, 1.000105, 0.641936, 0.493622, 0.421368, 0.399082, 0.301305, 0.233498, 0.178432, 0.088711, -0.02302, -0.091443, -0.146483], "y_swing_data": [-0.486707, -0.363824, -0.189291, -0.061803, -0.016249, -0.152454, -0.106664, 0.021001, -0.000146, -0.166231, -0.054062, 0.103488, 0.149948, 0.261725, 0.257062, -0.014175, -0.122284, 0.389755, 0.840358, 1.080494, 1.296113, 1.010322, 0.661832, -0.473235, -3.096467, -4.95607, -2.288477, -5.27316, 1.639731, 0.582645, -2.675114, 0.845428, 2.645651, 2.035408, 0.294564, 1.253064, 0.07614, -0.778614, -0.709955, -0.203416, -0.068305, -0.007402, 0.099849, 0.137963, 0.088559, 0.010707, -0.120099, -0.174458, -0.103387, -0.012793, 0.025683], "z_swing_data": [0.320032, 0.225385, 0.186521, 0.204295, 0.2873, 0.31762, 0.227139, 0.232817, 0.328364, 0.437748, 0.487113, 0.638561, 0.941431, 1.152915, 1.180507, 1.182948, 1.385679, 1.638796, 1.977761, 2.342626, 2.58769, 2.552495, 2.719675, 3.074518, 1.959032, -2.175155, 0.246495, 6.161955, 5.543558, 1.518731, 1.494684, -0.853226, -1.425401, -1.030351, -1.275553, -1.562679, -0.982235, -0.774783, -0.806911, -0.845044, -0.682794, -0.625542, -0.671729, -0.657373, -0.563267, -0.411577, -0.298985, -0.240847, -0.216807, -0.184771, -0.177728], "sin_pitch_values": [-0.826091, -0.875877, -0.929449, -0.984807, -1.036885, -1.075527, -1.095718, -1.098405, -1.085192, -1.059576, -1.034613, -1.021667, -1.018784, -1.02786, -1.05796, -1.124398, -1.243834, -1.37291, -1.329751, -1.096199, -0.794873, -0.453997, -0.094673, 0.224946, 0.349769, 0.312239, 0.05278, -0.478034, -0.636653, -0.576056, -0.476032, -0.345778, -0.186498, -0.061479, 0.019205, 0.126602, 0.234801, 0.314175, 0.372072, 0.42532, 0.473172, 0.514529, 0.552577, 0.587851, 0.619701, 0.648835, 0.674334, 0.694572, 0.71032, 0.722259, 0.730967], "sin_roll_values": [-1.587196, -1.649424, -1.717957, -1.801412, -1.912267, -2.065525, -2.260491, -2.472215, -2.680817, -2.87246, -3.036676, 3.108331, 2.993576, 2.910285, 2.865132, 2.856392, 2.913952, -2.945337, -1.97067, -1.613504, -1.489904, -1.414014, -1.292894, -1.025603, -0.647988, -0.425075, -0.253433, -0.077485, 0.164487, 0.489503, 0.723115, 0.843583, 0.898721, 0.927532, 0.937841, 0.954698, 0.985056, 1.011781, 1.02708, 1.041393, 1.059295, 1.079208, 1.102035, 1.127209, 1.154102, 1.181313, 1.205298, 1.223229, 1.237842, 1.250373, 1.260677], "sin_yaw_values": [-0.754947, -0.774029, -0.79076, -0.815647, -0.863533, -0.948645, -1.063721, -1.179621, -1.277327, -1.344812, -1.369993, -1.356678, -1.312427, -1.233496, -1.118137, -0.973956, -0.774061, -0.221269, 0.86605, 1.306157, 1.470054, 1.520496, 1.478029, 1.322121, 1.032651, 0.774943, 0.578647, 0.533829, 0.750389, 1.058136, 1.328857, 1.476459, 1.498102, 1.517819, 1.521641, 1.473082, 1.407766, 1.358214, 1.323878, 1.286378, 1.247576, 1.208974, 1.163579, 1.107511, 1.043724, 0.977953, 0.916365, 0.864074, 0.817935, 0.774736, 0.732588]}