{"timestamps": [1.2082503749988973, 1.228388375000577, 1.2485253750000993, 1.26866337499996, 1.2888003749994823, 1.308938374999343, 1.3290753750006843, 1.349213375000545, 1.3693503750000673, 1.389488374999928, 1.4096253749994503, 1.429763374999311, 1.4499003750006523, 1.470038375000513, 1.4901753750000353, 1.510313374999896, 1.5304503749994183, 1.550588374999279, 1.5707253750006203, 1.590863375000481, 1.6110003750000033, 1.631138374999864, 1.6512753749993863, 1.671413374999247, 1.6915513749991078, 1.711688375000449, 1.7318263750003098, 1.751963374999832, 1.7721013749996928, 1.792238374999215, 1.8123763749990758, 1.832513375000417, 1.8526513750002778, 1.8727883749998, 1.8929263749996608, 1.913063374999183, 1.9332013749990438, 1.953338375000385, 1.9734763750002458, 1.993613374999768, 2.0137513749996288, 2.033888374999151, 2.0540263749990118, 2.074163375000353, 2.0943013750002137, 2.114438999999038, 2.134576999998899, 2.15471400000024, 2.174852000000101, 2.194988999999623, 2.215126999999484], "x_swing_data": [0.152368, 0.120109, -0.013542, -0.126619, -0.162771, -0.153815, -0.10523, -0.156996, -0.184487, -0.337843, -0.555459, -0.65872, -0.561468, -0.472724, -0.572286, -0.790365, -1.18938, -1.653269, -1.094524, 0.282148, 1.068575, 3.740294, 7.516897, 13.338652, 11.657873, 14.202637, 6.858449, 13.304464, -0.241588, 5.249288, 4.171691, 3.031922, 3.795191, 4.079199, 3.339694, 3.011138, 2.46339, 1.516677, 1.213565, 1.040798, 0.796572, 0.597058, 0.404016, 0.249996, 0.156665, 0.079337, 0.002284, -0.167986, -0.308327, -0.284701, -0.19572], "y_swing_data": [-0.600099, -0.458702, -0.297748, -0.31154, -0.301241, -0.501091, -0.699495, -0.607373, -0.335925, -0.411751, -0.731098, -0.858832, -0.665604, -0.759577, -0.858734, -1.207977, -1.723708, -2.353584, -3.121764, -3.26598, -0.156068, -1.584903, 0.067059, -6.22298, -14.391839, -1.558232, -4.03324, 8.083373, 0.407934, -7.751704, 3.025664, 1.529018, -0.737062, -1.348329, 0.388432, 0.511966, 1.654032, 2.28412, 1.49597, 0.13316, -0.165757, -0.07683, 0.061337, 0.313479, 0.362451, -0.037413, -0.518685, -0.477892, 0.236663, 0.725101, 0.221722], "z_swing_data": [-0.558125, -0.519349, -0.503466, -0.492325, -0.377475, -0.306891, -0.328908, -0.434135, -0.412415, 0.027675, 0.353284, 0.371291, 0.149501, 0.01403, 0.41811, 1.386179, 2.579163, 2.675564, 3.420831, 3.155803, 5.281394, 5.239451, 4.512144, 2.66016, 2.282955, 4.626023, 8.428083, -2.457166, -0.790766, -0.419721, -3.261523, -2.767946, -2.755864, -2.763819, -2.468516, -1.772496, -1.71161, -1.595625, -1.069948, -0.177392, 0.218204, 0.238459, 0.047322, -0.052238, -0.183883, 0.085171, 0.170016, 0.255287, 0.261796, -0.161173, -0.240403], "sin_pitch_values": [-0.407569, -0.426586, -0.443863, -0.458188, -0.467396, -0.479456, -0.496412, -0.511725, -0.519976, -0.530068, -0.54786, -0.569494, -0.590044, -0.612482, -0.63871, -0.668444, -0.699611, -0.734052, -0.759363, -0.701573, -0.528823, -0.190174, 0.064341, -0.032006, -0.264558, -0.506526, -0.546417, -0.190714, 0.129071, 0.259752, 0.439958, 0.606826, 0.722061, 0.807591, 0.878137, 0.919941, 0.934036, 0.93438, 0.926153, 0.903115, 0.870991, 0.833665, 0.789091, 0.742069, 0.693616, 0.646451, 0.591319, 0.523737, 0.456552, 0.405943, 0.364702], "sin_roll_values": [-1.020196, -1.035478, -1.050666, -1.062653, -1.073655, -1.094791, -1.135496, -1.186028, -1.229748, -1.269774, -1.322346, -1.397407, -1.492621, -1.606695, -1.733145, -1.860154, -1.952486, -1.974521, -1.898754, -1.738027, -1.488232, -1.234515, -0.848295, -0.302503, 0.146128, 0.632677, 0.960664, 0.972232, 1.070023, 1.114183, 1.18403, 1.302755, 1.400216, 1.462056, 1.526235, 1.538234, 1.509992, 1.517107, 1.559169, 1.581777, 1.580055, 1.564493, 1.546963, 1.536455, 1.528833, 1.502484, 1.440092, 1.361353, 1.297692, 1.260974, 1.237217], "sin_yaw_values": [-2.205346, -2.224039, -2.235166, -2.235413, -2.22075, -2.208582, -2.207384, -2.197813, -2.15075, -2.078414, -2.009171, -1.950215, -1.879927, -1.786308, -1.66154, -1.512735, -1.334666, -1.114223, -0.824247, -0.499971, -0.20873, -0.038661, -0.18071, -0.345092, -0.224474, 0.073923, 0.467542, 0.46777, 0.437958, 0.496549, 0.459535, 0.369489, 0.302531, 0.260862, 0.233582, 0.262142, 0.309085, 0.293496, 0.22157, 0.16427, 0.13379, 0.118315, 0.097097, 0.049684, -0.015361, -0.062281, -0.05881, -0.022749, -0.011419, -0.055579, -0.116104]}