{"timestamps": [0.20137400000021444, 0.22151099999973667, 0.24164899999959744, 0.26178599999911967, 0.2819229999986419, 0.30206100000032166, 0.3221979999998439, 0.34233599999970465, 0.3624729999992269, 0.3826099999987491, 0.4027479999986099, 0.4228849999999511, 0.44302199999947334, 0.4631599999993341, 0.48329699999885634, 0.5034349999987171, 0.5235720000000583, 0.5437089999995806, 0.5638468333327182, 0.5839838333322405, 0.6041218333321012, 0.6242588333334425, 0.6443958333329647, 0.6645338333328255, 0.6846708333323477, 0.7048078333336889, 0.7249458333335497, 0.7450828333330719, 0.7652208333329327, 0.7853578333324549, 0.8054948333319771, 0.8256328333336569, 0.8457698333331791, 0.8659068333327014, 0.8860448333325621, 0.9061818333320844, 0.9263198333319451, 0.9464568333332863, 0.9665938333328086, 0.9867318333326693, 1.0068688333321916, 1.0270058333335328, 1.0471438333333936, 1.0672808333329158, 1.0874188333327766, 1.1075558333322988, 1.12769283333364, 1.1478308333335008, 1.167967833333023, 1.1881058333328838, 1.208242833332406], "x_swing_data": [-0.202689, -0.112867, -0.115123, -0.149793, -0.121245, -0.194903, -0.271791, -0.200466, -0.050077, 0.053916, 0.063106, 0.129242, 0.311521, 0.425198, 0.5754, 0.649511, 0.801046, 0.902051, 0.915193, 1.056829, 1.340302, 2.095912, 4.291055, 9.421329, 15.366934, 24.886015, 11.244349, 7.587055, 13.192202, 16.072676, 13.833433, 11.708696, 9.053233, 8.479157, 6.111834, 3.319662, 2.232803, 1.171239, 0.910613, 0.568512, 0.282031, 0.170105, 0.230372, 0.427877, 0.492097, 0.388663, 0.511906, 0.621894, 0.627418, 0.620264, 0.848706], "y_swing_data": [-0.96126, -0.998896, -0.84676, -0.779665, -0.787058, -0.458093, -0.428202, -0.575858, -0.81589, -0.736521, -0.713258, -0.628605, -0.644138, -0.564036, -0.548294, -0.681281, -0.948445, -1.146286, -1.492857, -1.630475, -0.908552, 0.851513, 0.588922, 0.673792, -2.543787, -7.547081, -13.811488, 2.645534, -8.778258, -1.868669, 4.203175, 5.853476, 3.226739, 1.880858, 0.854975, 1.146279, 2.689404, 1.988902, 1.27292, 1.198401, 1.050685, 1.076053, 0.655076, 0.188747, -0.082675, 0.033109, 0.130267, -0.121582, -0.380616, -0.881185, -0.42703], "z_swing_data": [-0.0911, -0.150813, -0.216558, -0.153626, -0.122981, -0.16608, -0.083307, -0.0849, -0.205553, -0.282532, -0.344111, -0.244678, -0.132404, 0.007031, 0.092906, 0.39936, 0.775546, 1.359804, 2.21308, 3.448806, 5.60181, 8.124169, 8.337955, 7.892532, 6.630822, 2.809433, 6.33318, 17.539509, 10.705276, 5.724515, 2.064787, -1.238103, -1.531845, -1.970121, -1.869365, -1.483061, -0.854634, -0.258667, 0.186102, 0.480875, 0.637285, 0.64549, 0.720242, 0.900728, 0.979583, 0.806932, 0.455278, 0.605976, 0.760705, 0.549294, 0.369574], "sin_pitch_values": [-0.180175, -0.212653, -0.241779, -0.273732, -0.310117, -0.344246, -0.374813, -0.403523, -0.431882, -0.461108, -0.489777, -0.513169, -0.524413, -0.522588, -0.510889, -0.504105, -0.521508, -0.574823, -0.669123, -0.801033, -0.910993, -0.871212, -0.572124, -0.077552, 0.284371, -0.033797, -0.65941, -0.66713, -0.452815, -0.220691, 0.05695, 0.320996, 0.565715, 0.789138, 0.978281, 1.118551, 1.189352, 1.196712, 1.15663, 1.08942, 1.010709, 0.933434, 0.852365, 0.760728, 0.664345, 0.581616, 0.521629, 0.473094, 0.421789, 0.370538, 0.343316], "sin_roll_values": [-1.053167, -1.12904, -1.202648, -1.275458, -1.348207, -1.416257, -1.479973, -1.54994, -1.627685, -1.710401, -1.798726, -1.901706, -2.026227, -2.168426, -2.321504, -2.477674, -2.631873, -2.778415, -2.900428, -2.94895, -2.793355, -2.325706, -1.889923, -1.532924, -0.905775, -0.142359, 0.248757, 0.851295, 1.2732, 1.475623, 1.545669, 1.60419, 1.682295, 1.725085, 1.659431, 1.510697, 1.313432, 1.102941, 0.937433, 0.835624, 0.78852, 0.791601, 0.813754, 0.827663, 0.837099, 0.86064, 0.897367, 0.938272, 0.972897, 0.991135, 0.989343], "sin_yaw_values": [-0.667783, -0.716092, -0.75486, -0.797016, -0.841792, -0.877897, -0.899859, -0.924976, -0.949848, -0.971051, -0.983826, -0.988356, -0.988731, -0.976086, -0.937846, -0.860047, -0.739062, -0.581354, -0.387083, -0.127839, 0.305655, 0.977067, 1.513183, 1.670613, 1.338165, 0.787736, 0.818717, 1.320041, 1.676856, 1.885544, 1.893371, 1.833563, 1.782014, 1.757215, 1.84036, 2.005073, 2.181633, 2.36164, 2.485769, 2.541228, 2.538084, 2.481392, 2.401049, 2.323435, 2.2471, 2.152863, 2.039203, 1.916712, 1.807527, 1.706664, 1.597658]}