{"timestamps": [0.12082499999996799, 0.14096199999949022, 0.16109999999935098, 0.18123699999887322, 0.20137499999873398, 0.2215120000000752, 0.24164999999993597, 0.2617869999994582, 0.28192499999931897, 0.3020619999988412, 0.32219999999870197, 0.3423370000000432, 0.36247499999990396, 0.3826119999994262, 0.40274999999928696, 0.4228869999988092, 0.44302499999866995, 0.4631620000000112, 0.4832989999995334, 0.5034369999993942, 0.5235739999989164, 0.5437119999987772, 0.5638490000001184, 0.5839869999999792, 0.6041239999995014, 0.6242619999993622, 0.6443989999988844, 0.6645369999987452, 0.6846740000000864, 0.7048119999999471, 0.7249489999994694, 0.7450869999993301, 0.7652239999988524, 0.7853610000001936, 0.8054986249990179, 0.8256356249985402, 0.8457736249984009, 0.8659106249997421, 0.8860486249996029, 0.9061856249991251, 0.9263236249989859, 0.9464606249985081, 0.9665986250001879, 0.9867356249997101, 1.006873624999571, 1.0270106249990931, 1.047148624998954, 1.0672856249984761, 1.0874236250001559, 1.1075606249996781, 1.1276976249992003], "x_swing_data": [-0.001773, 0.001248, -0.039112, -0.091325, -0.147968, -0.261499, -0.273106, -0.181809, -0.044952, -0.049181, -0.044553, 0.107754, -0.028451, -0.338686, -0.943509, -1.565815, -1.542616, -2.394292, -1.373404, 0.004888, 1.634998, 3.956788, 7.874076, 13.690271, 11.332437, 13.789695, 11.346579, 10.456892, -1.089228, 4.55493, 3.811523, 4.376431, 4.392332, 3.728484, 3.822948, 3.279718, 1.718761, 0.917389, 1.036356, 1.228708, 0.998538, 0.513268, 0.142326, 0.075832, 0.025033, -0.049153, -0.056187, -0.146359, -0.449111, -0.382555, 0.22199], "y_swing_data": [-0.416647, -0.276121, -0.278443, -0.477401, -0.573463, -0.463509, -0.257318, -0.213628, -0.4158, -0.801484, -0.999619, -0.533191, -0.139804, -0.475798, -1.930536, -2.252324, -1.514494, -2.258278, -3.507769, -4.423016, 0.307726, -1.813162, -0.258865, -7.593097, -13.443586, -1.392357, -4.650584, 11.811923, 0.38668, -7.633863, 1.735569, 0.509655, -0.471811, -0.508312, 0.555108, 1.368072, 1.7758, 1.389651, 1.022179, 0.482809, -0.086625, -0.356349, -0.257132, 0.002437, 0.147087, -0.074574, -0.448866, -0.616579, 0.066584, 0.37613, 0.394153], "z_swing_data": [-0.397908, -0.553268, -0.578422, -0.543919, -0.467491, -0.384869, -0.597525, -0.714338, -0.587076, -0.225149, 0.057786, 0.125915, 0.143921, 0.86896, 2.240773, 2.258705, 2.727787, 3.858318, 3.007471, 3.148179, 4.94926, 4.338958, 4.649507, 2.676328, 5.793419, 6.001398, 7.903197, -4.76264, 0.87283, -0.004891, -2.94866, -2.607943, -2.524045, -2.678819, -3.050692, -2.583085, -1.920854, -1.154238, -0.64406, 0.001943, 0.409187, 0.411276, 0.295708, 0.212283, -0.055348, 0.153333, 0.364419, 0.380139, 0.300228, -0.317096, -0.173596], "sin_pitch_values": [-0.33531, -0.35097, -0.363335, -0.377377, -0.399612, -0.426654, -0.446135, -0.451449, -0.449728, -0.453581, -0.462393, -0.459431, -0.450276, -0.467529, -0.519263, -0.580274, -0.638006, -0.7053, -0.750945, -0.70721, -0.528502, -0.17263, 0.064759, -0.083351, -0.333121, -0.596678, -0.578402, -0.140596, 0.189043, 0.306618, 0.450989, 0.584429, 0.685936, 0.76194, 0.814495, 0.834599, 0.825393, 0.795052, 0.756057, 0.717809, 0.675796, 0.631665, 0.586513, 0.537002, 0.484121, 0.432766, 0.374379, 0.303175, 0.230688, 0.169033, 0.123117], "sin_roll_values": [-0.951101, -0.951243, -0.947811, -0.946061, -0.952933, -0.966565, -0.982937, -0.999691, -1.029168, -1.087011, -1.174991, -1.273521, -1.363983, -1.460869, -1.591532, -1.749298, -1.894194, -1.948192, -1.910267, -1.740378, -1.446548, -1.195868, -0.771368, -0.209474, 0.261013, 0.864863, 1.095916, 1.046345, 1.13509, 1.183727, 1.267142, 1.388614, 1.5212, 1.64796, 1.733209, 1.736303, 1.679152, 1.613806, 1.593347, 1.609247, 1.620836, 1.608234, 1.582659, 1.550796, 1.514328, 1.472548, 1.413359, 1.341199, 1.281238, 1.239504, 1.191185], "sin_yaw_values": [-0.15715, -0.174537, -0.185427, -0.197139, -0.221273, -0.252895, -0.270288, -0.260768, -0.233941, -0.216302, -0.211208, -0.168736, -0.034684, 0.164948, 0.326988, 0.449196, 0.59177, 0.785237, 1.033933, 1.350908, 1.691936, 1.836723, 1.666153, 1.496736, 1.638268, 2.074989, 2.470626, 2.356446, 2.261347, 2.300483, 2.256605, 2.143814, 2.016952, 1.934577, 1.901103, 1.921669, 1.988662, 2.053419, 2.052615, 1.98855, 1.916975, 1.873912, 1.847075, 1.810996, 1.767079, 1.733706, 1.733868, 1.766429, 1.779263, 1.745128, 1.691434]}