{"timestamps": [0.583978250000655, 0.6041152500001772, 0.624253250000038, 0.6443902499995602, 0.6645272499990824, 0.6846642500004236, 0.7048022500002844, 0.7249392499998066, 0.7450762499993289, 0.7652132500006701, 0.7853502500001923, 0.8054882500000531, 0.8256252499995753, 0.8457622499990975, 0.8658992500004388, 0.8860372500002995, 0.9061742499998218, 0.926311249999344, 0.9464482499988662, 0.9665852500002075, 0.9867232500000682, 1.0068602499995905, 1.0269972499991127, 1.047134250000454, 1.0672722500003147, 1.087409249999837, 1.1075462499993591, 1.1276832499988814, 1.1478202500002226, 1.1679582500000834, 1.1880952499996056, 1.2082322499991278, 1.228369250000469, 1.2485072500003298, 1.268644249999852, 1.2887812499993743, 1.3089182499988965, 1.3290552500002377, 1.3491932500000985, 1.3693302499996207, 1.389467249999143, 1.4096047500006534, 1.4297427500005142, 1.4498797500000364, 1.4700167499995587, 1.490153749999081, 1.5102907500004221, 1.530428750000283, 1.5505657499998051, 1.5707027499993274, 1.5908397500006686], "x_swing_data": [0.122208, 0.079704, 0.151371, 0.327929, 0.332588, 0.397206, 0.471548, 0.420565, 0.351927, 0.35075, 0.418809, 0.449749, 0.661897, 1.068753, 1.689497, 2.10468, 2.839413, 3.476449, 4.997242, 8.378094, 7.630867, 1.776433, 2.298937, 5.056777, 3.104035, 8.392844, 5.085542, 2.702893, 2.056083, 2.102628, 1.901038, 1.949705, 1.7635, 1.932462, 1.636582, 1.483382, 1.442062, 1.080228, 0.950048, 0.879916, 0.798924, 0.720974, 0.590159, 0.351095, 0.264424, 0.25154, 0.150967, 0.063799, 0.008057, -0.046318, -0.032987], "y_swing_data": [-0.412411, -0.421476, -0.512591, -0.332697, -0.169092, -0.166651, -0.191495, -0.164875, -0.09551, -0.123897, 0.11898, 0.180899, 0.792426, 1.39793, 1.298668, 1.125753, 0.725391, 0.13859, -1.49904, -4.077921, -4.951314, -3.175558, -4.698876, 2.118428, -0.879991, -4.861282, 1.683588, 3.628936, 0.806837, 0.382079, -0.330389, -1.125835, -0.876944, -0.26103, 0.241452, 0.266938, 0.548556, 0.680558, 0.565901, 0.414639, 0.15751, 0.108419, 0.336092, 0.483994, 0.370283, 0.200487, 0.052815, -0.049245, 0.032098, 0.063483, -0.088053], "z_swing_data": [-0.03235, -0.060336, -0.02639, -0.08248, -0.062607, 0.13174, 0.416318, 0.684848, 0.926943, 1.211409, 1.467042, 1.767783, 1.993344, 2.384053, 2.866525, 3.223728, 3.345084, 3.424619, 3.386863, 1.647593, -2.271268, 1.886255, 9.542736, 5.735003, 1.439271, 2.489627, -0.88489, -1.722298, -0.982343, -1.389465, -1.218667, -0.685525, -0.679594, -1.00722, -1.241993, -1.246658, -1.186804, -1.090127, -0.949921, -0.770672, -0.573954, -0.497652, -0.494068, -0.418187, -0.28986, -0.23148, -0.177985, -0.076039, 0.072106, 0.180146, 0.284883], "sin_pitch_values": [-1.091943, -1.099787, -1.082829, -1.05022, -1.017668, -0.987498, -0.961072, -0.946761, -0.955672, -0.993904, -1.059496, -1.15438, -1.260519, -1.282015, -1.133875, -0.869091, -0.544602, -0.186635, 0.154991, 0.343886, 0.37524, 0.092212, -0.519596, -0.658408, -0.519113, -0.409479, -0.242047, -0.058078, 0.05699, 0.155115, 0.268086, 0.363959, 0.432142, 0.492755, 0.562577, 0.6352, 0.70985, 0.784862, 0.860279, 0.935143, 1.002715, 1.058961, 1.106533, 1.147362, 1.18132, 1.206112, 1.220777, 1.229349, 1.234811, 1.239039, 1.236796], "sin_roll_values": [-2.36636, -2.569268, -2.776703, -2.965351, -3.125516, 3.022749, 2.909596, 2.814377, 2.734118, 2.670371, 2.638998, 2.677001, 2.931864, -2.677156, -2.06588, -1.768435, -1.597748, -1.419943, -1.135286, -0.799061, -0.57736, -0.323691, -0.12443, 0.146287, 0.527373, 0.780675, 0.892583, 0.950553, 0.967723, 0.966526, 0.97283, 0.978944, 0.982668, 0.985896, 0.999343, 1.014034, 1.025399, 1.042995, 1.071188, 1.105291, 1.122789, 1.108954, 1.078307, 1.053169, 1.034735, 1.016749, 0.991616, 0.966055, 0.947326, 0.935946, 0.906209], "sin_yaw_values": [-1.568671, -1.693541, -1.808145, -1.884907, -1.914462, -1.902612, -1.854853, -1.777075, -1.678018, -1.560553, -1.414529, -1.207679, -0.797044, 0.003993, 0.704042, 1.045038, 1.1981, 1.231306, 1.159734, 0.945367, 0.677584, 0.418795, 0.350599, 0.619892, 0.983425, 1.296206, 1.451874, 1.491995, 1.536147, 1.55826, 1.555236, 1.566529, 1.596238, 1.618597, 1.618868, 1.607066, 1.58069, 1.535728, 1.472295, 1.402409, 1.352218, 1.333188, 1.327061, 1.312836, 1.291103, 1.264461, 1.242306, 1.218741, 1.185036, 1.141997, 1.117404]}