{"timestamps": [0, 0.020137999999860767, 0.040274999999383, 0.060412999999243766, 0.08055099999910453, 0.1006889999989653, 0.12082699999882607, 0.14096499999868684, 0.1611029999985476, 0.18123999999988882, 0.2013779999997496, 0.22151599999961036, 0.24165399999947113, 0.2617919999993319, 0.28192999999919266, 0.3020669999987149, 0.3423430000002554, 0.3624810000001162, 0.38261899999997695, 0.4027569999998377, 0.4228949999996985, 0.4430319999992207, 0.4631699999990815, 0.48330799999894225, 0.503445999998803, 0.5235839999986638, 0.5437219999985246, 0.5638600000002043, 0.5839969999997265], "x_swing_data": [7.879039, 11.595138, 14.164356, 18.291613, 13.467463, 3.748863, 10.883497, 7.415123, 6.879683, 5.828787, 5.535336, 5.553812, 5.519151, 5.365735, 3.541935, 2.649067, 1.674197, 1.126858, 0.729062, 0.81583, 0.640989, 0.685654, 0.640608, 0.591454, 0.628702, 0.535084, 0.59196, 0.789359, 0.908583], "y_swing_data": [0.161824, -0.376536, -3.025117, -7.148742, -11.149221, -1.435194, 3.587692, 0.594978, -1.498401, 2.906262, 1.384644, -0.296143, -1.991943, -0.264517, 1.179286, 1.453663, 1.588876, 1.828918, 1.522304, 1.316236, 1.245084, 0.867926, 0.718479, 0.534913, 0.453197, 0.195678, 0.057873, -0.101137, -0.303422], "z_swing_data": [5.211486, 6.092845, 6.71113, 6.799556, -1.011062, 14.541366, 1.632126, 2.929272, 3.351689, 0.792182, 0.394351, 1.541652, 1.65306, 1.067338, 0.675065, 0.732768, 0.528499, 0.348862, 0.304465, 0.371492, 0.215083, 0.312549, 0.309318, 0.325531, 0.372664, 0.291605, 0.4708, 0.630991, 0.749891], "sin_pitch_values": [-0.225818, 0.255713, 0.53944, 0.412893, -0.213663, -0.523615, -0.27099, 0.039385, 0.260485, 0.477037, 0.664485, 0.795135, 0.909356, 1.028983, 1.136594, 1.220596, 1.317481, 1.351885, 1.372111, 1.38473, 1.388229, 1.363237, 1.307663, 1.22755, 1.133127, 1.026396, 0.906276, 0.778257, 0.649069], "sin_roll_values": [-1.509888, -1.23272, -0.576433, 0.18988, 0.688035, 1.164526, 1.3389, 1.420151, 1.475885, 1.55234, 1.687177, 1.839296, 1.913124, 1.898185, 1.800855, 1.59336, 1.128645, 1.007475, 0.958716, 1.016228, 1.216432, 1.475565, 1.667893, 1.763776, 1.790335, 1.787487, 1.76841, 1.738417, 1.696955], "sin_yaw_values": [-0.212569, -0.278297, -0.589013, -0.92688, -0.955769, -0.446188, -0.157734, -0.042826, 0.038188, 0.011678, -0.097959, -0.173149, -0.110377, 0.036182, 0.247704, 0.545086, 1.105255, 1.238554, 1.282521, 1.200875, 0.964483, 0.656379, 0.400538, 0.227169, 0.11219, 0.028825, -0.036742, -0.101847, -0.173381]}