{"timestamps": [0.4631749999989552, 0.48331299999881594, 0.5034510000004957, 0.5235890000003565, 0.5437270000002172, 0.563865000000078, 0.5840029999999388, 0.6041409999997995, 0.6242789999996603, 0.6444169999995211, 0.6645549999993818, 0.6846929999992426, 0.7048309999991034, 0.7249694999991334, 0.7451074999989942, 0.7652454999988549, 0.7853835000005347, 0.8055215000003955, 0.8256595000002562, 0.845797500000117, 0.8659354999999778, 0.8860734999998385, 0.9062114999996993, 0.9263494999995601, 0.9464874999994208, 0.9666254999992816, 0.9867634999991424, 1.0069014999990031, 1.027039499998864, 1.0471774999987247, 1.0673155000004044, 1.0874535000002652, 1.107591500000126, 1.1277294999999867, 1.1478674999998475, 1.1680054999997083, 1.188143499999569, 1.2082814999994298, 1.2284194999992906, 1.2485574999991513, 1.268695499999012, 1.2888334999988729, 1.3089714999987336, 1.3291095000004134, 1.3492475000002742, 1.369385500000135, 1.3895234999999957, 1.4096614999998565, 1.4297994999997172, 1.449937499999578, 1.4700754999994388], "x_swing_data": [0.090831, 0.086107, 0.092099, -0.008954, -0.295177, -0.566701, -0.735068, -0.887608, -1.133664, -1.394578, -1.522708, -1.253435, -1.122888, -1.411168, -1.709436, -1.269843, -0.748043, -0.375204, 0.102412, 0.362722, 0.918112, 4.219506, 8.824177, 12.811367, 11.799323, 15.643329, 9.066099, 7.750571, -0.137928, 4.569342, 9.392229, 6.314607, 5.562827, 4.223681, 3.400685, 2.826242, 2.535346, 2.108531, 1.412313, 1.411866, 1.396633, 1.174515, 1.060675, 0.839628, 0.611478, 0.47452, 0.450503, 0.422727, 0.35178, 0.240446, 0.148103], "y_swing_data": [-0.34148, -0.594036, -0.499618, -0.432678, -0.524252, -0.691445, -0.738215, -0.641571, -0.502203, -0.505686, -0.676982, -0.96058, -1.168107, -1.478394, -1.204855, -1.176925, -1.31451, -1.595138, -1.759411, -1.678514, 0.003698, 5.43109, -0.534985, -4.979524, -7.982885, -2.316258, -2.164283, 23.08185, -0.520326, -4.837585, 6.516123, 2.657904, 0.357817, 1.937299, 1.170246, -0.193669, -0.199004, 0.093209, 0.928877, 0.612393, 0.19514, 0.004057, -0.146434, -0.170852, -0.164167, -0.342957, -0.453067, -0.351912, -0.087757, 0.303482, 0.266634], "z_swing_data": [0.290837, 0.201105, 0.016747, -0.179999, -0.373683, -0.670428, -0.986678, -1.276024, -1.206025, -0.866369, -0.745697, -0.781051, -0.619915, -0.142194, 0.228978, 0.917625, 1.720076, 2.536446, 3.049736, 4.106438, 5.453998, 6.413486, 7.528549, 3.882421, 2.430502, 9.837922, 26.434923, 0.476383, 14.5435, 4.844352, 1.621812, -0.765796, -0.05977, -1.138804, -0.252394, 0.911152, 1.284938, 0.724945, -0.226357, -0.302905, -0.048634, 0.202561, 0.418502, 0.41953, 0.389518, 0.469498, 0.478335, 0.479529, 0.360731, 0.24903, 0.20429], "sin_pitch_values": [0.234171, 0.244687, 0.252003, 0.255692, 0.253131, 0.243416, 0.227002, 0.210162, 0.191998, 0.176318, 0.16342, 0.152962, 0.141677, 0.107752, 0.056053, -0.034216, -0.199217, -0.429244, -0.681201, -0.905542, -0.921213, -0.778776, -0.41674, 0.144406, 0.486954, -0.145028, -0.628005, -0.384707, -0.27603, -0.240642, -0.059229, 0.090798, 0.194677, 0.280756, 0.341698, 0.390127, 0.436507, 0.476191, 0.503398, 0.524247, 0.540147, 0.554069, 0.571686, 0.592415, 0.61748, 0.652369, 0.704144, 0.777085, 0.85871, 0.942122, 1.020857], "sin_roll_values": [-0.738676, -0.749654, -0.768264, -0.795888, -0.821917, -0.845087, -0.870986, -0.907468, -0.952267, -0.98931, -1.016409, -1.06852, -1.166055, -1.296191, -1.450655, -1.624971, -1.779995, -1.885466, -1.947777, -1.951508, -2.006859, -1.861804, -1.699777, -1.341317, -0.41801, 0.124874, 0.077391, 0.752022, 1.033404, 1.215375, 1.387894, 1.540917, 1.671297, 1.815713, 1.938229, 2.024092, 2.081471, 2.136299, 2.203602, 2.266903, 2.32465, 2.379224, 2.423002, 2.456646, 2.483396, 2.500513, 2.502657, 2.481226, 2.433905, 2.355268, 2.238304], "sin_yaw_values": [-0.476521, -0.477221, -0.479292, -0.482946, -0.49259, -0.503019, -0.50951, -0.507846, -0.497994, -0.489559, -0.471562, -0.432246, -0.372494, -0.283933, -0.149387, 0.022552, 0.213602, 0.398967, 0.578841, 0.791377, 0.980012, 1.288887, 1.571167, 1.527, 0.857747, 0.242965, 0.32892, 0.779271, 0.953633, 1.03965, 1.024569, 1.004653, 1.026247, 1.018285, 1.007053, 1.013257, 1.021761, 1.007166, 0.964334, 0.900283, 0.823956, 0.741524, 0.661785, 0.588235, 0.526431, 0.483546, 0.461033, 0.462192, 0.48298, 0.529619, 0.609553]}