{"timestamps": [0.9062069999999949, 0.9263449999998556, 0.9464830000015354, 0.9666210000013962, 0.9867580000009184, 1.0068960000007792, 1.02703400000064, 1.0471720000005007, 1.0673100000003615, 1.0874480000002222, 1.107586000000083, 1.1277239999999438, 1.1478619999998045, 1.1680000000014843, 1.188138000001345, 1.2082760000012058, 1.2284140000010666, 1.2485520000009274, 1.2686890000004496, 1.2888270000003104, 1.3089650000001711, 1.329103000000032, 1.3492409999998927, 1.3693789999997534, 1.3895170000014332, 1.409655000001294, 1.4297930000011547, 1.4499310000010155, 1.4700690000008763, 1.490207000000737, 1.5103440000002593, 1.53048200000012, 1.5506199999999808, 1.5707579999998416, 1.5908960000015213, 1.611034000001382, 1.6311720000012428, 1.6513100000011036, 1.6714480000009644, 1.6915860000008252, 1.711724000000686, 1.7318620000005467, 1.7520000000004075, 1.7721369999999297, 1.7922749999997905, 1.8124130000014702, 1.832551000001331, 1.8526890000011917, 1.8728270000010525, 1.8929650000009133, 1.913103000000774], "x_swing_data": [-0.018618, -0.089433, -0.356207, -0.77061, -1.161407, -1.441725, -1.434678, -1.353918, -1.271683, -1.041123, -0.853799, -0.960915, -1.197003, -1.05292, -0.504832, -0.045635, 0.055582, 0.027879, 0.210007, 0.926012, 11.39338, 15.810213, 11.572946, 10.946485, 7.636968, 15.964981, -4.240201, 3.803195, 12.450382, 3.76743, 5.813355, 5.446998, 4.431414, 3.280473, 2.511893, 1.630325, 2.07223, 1.984967, 1.512585, 1.305636, 0.859147, 0.631299, 0.597533, 0.672399, 0.385648, 0.074719, -0.036623, -0.029616, -0.084651, -0.24329, -0.344612], "y_swing_data": [-0.604571, -0.65613, -0.662817, -0.873677, -0.862159, -0.493008, -0.327106, -0.846261, -1.042248, -0.995594, -1.001456, -1.158721, -1.301897, -1.378282, -1.738786, -1.926672, -1.478498, -1.131652, -0.376898, 3.170716, 1.358156, -6.369617, -8.634134, -3.466033, 2.707554, 21.788092, 3.150719, -6.35184, 6.856147, 2.004268, 0.047796, 0.417691, 0.868642, 0.819942, 1.483474, 0.903315, 0.640291, 0.502399, 0.432219, 0.339856, 0.398539, 0.073038, -0.456123, -0.669611, -0.304235, -0.140864, -0.109327, 0.060221, 0.06488, 0.287931, 0.504184], "z_swing_data": [0.055158, -0.27523, -0.59525, -0.911265, -1.045256, -1.294156, -1.308218, -1.109804, -0.972808, -0.814756, -0.574326, -0.002029, 0.32627, 0.654484, 1.456301, 2.53716, 3.646207, 4.35063, 5.307261, 6.752659, 4.997749, 5.802447, -0.957868, 11.018439, 28.456049, -2.707977, 13.937316, 2.075197, 5.791425, -1.266913, 0.347452, 0.075647, 1.474095, 1.89671, 1.196441, 0.57826, 0.346047, 0.234842, 0.040721, 0.042498, 0.077525, 0.35948, 0.584419, 0.519511, 0.216093, 0.071393, 0.043587, 0.114027, 0.179765, 0.105073, 0.151099], "sin_pitch_values": [0.184577, 0.194147, 0.19794, 0.194721, 0.187102, 0.186274, 0.190322, 0.182459, 0.166729, 0.155437, 0.151389, 0.13701, 0.108672, 0.044538, -0.08917, -0.301041, -0.555881, -0.783824, -0.859169, -0.686461, -0.341821, 0.224707, 0.537102, -0.112864, -0.478446, -0.137852, -0.065621, -0.068063, 0.127842, 0.277579, 0.351499, 0.407448, 0.473049, 0.543746, 0.604584, 0.653381, 0.700392, 0.744371, 0.78266, 0.812081, 0.826808, 0.834295, 0.84983, 0.874016, 0.903679, 0.939229, 0.978569, 1.025649, 1.072189, 1.109771, 1.139598], "sin_roll_values": [-0.820441, -0.848188, -0.892001, -0.938219, -0.971727, -0.991108, -1.010294, -1.02986, -1.05562, -1.10321, -1.182582, -1.290853, -1.425427, -1.582111, -1.733238, -1.842525, -1.907129, -1.944755, -1.968982, -1.930298, -1.736516, -1.390092, -0.418179, 0.157163, 0.132825, 0.59554, 0.897033, 1.132749, 1.254253, 1.433783, 1.547966, 1.608305, 1.67246, 1.736506, 1.80527, 1.872968, 1.935228, 2.002008, 2.080892, 2.166026, 2.256685, 2.332065, 2.375785, 2.390897, 2.393189, 2.383244, 2.363547, 2.305969, 2.201959, 2.077234, 1.958495], "sin_yaw_values": [-0.871542, -0.875674, -0.87959, -0.884716, -0.887428, -0.875979, -0.860469, -0.848687, -0.834613, -0.804312, -0.750691, -0.678599, -0.563653, -0.394933, -0.184047, 0.055237, 0.278539, 0.480981, 0.624393, 0.88239, 1.221802, 1.19921, 0.461408, -0.138215, 0.010697, 0.443124, 0.66297, 0.714322, 0.735542, 0.727402, 0.784501, 0.869466, 0.936004, 0.968491, 0.968847, 0.953355, 0.914263, 0.8423, 0.742357, 0.616942, 0.47905, 0.357679, 0.272717, 0.211253, 0.160152, 0.12692, 0.109137, 0.12716, 0.184659, 0.264261, 0.347621]}