{"timestamps": [0.7048175416657614, 0.7249545416671026, 0.7450925416669634, 0.7652305416668241, 0.7853675416663464, 0.8055055416662071, 0.8256435416660679, 0.8457805416674091, 0.8659185416672699, 0.8860555416667921, 0.9061935416666529, 0.9263315416665137, 0.9464685416660359, 0.9666065416658967, 0.9867445416657574, 1.0068815416670986, 1.0270195416669594, 1.0471565416664816, 1.0672945416663424, 1.0874325416662032, 1.1075690416673751, 1.127707041667236, 1.1478450416670967, 1.167982041666619, 1.1881200416664797, 1.208257041666002, 1.2283950416658627, 1.2485330416657234, 1.2686700416670647, 1.2888080416669254, 1.3089450416664477, 1.3290830416663084, 1.3492210416661692, 1.3693580416675104, 1.3894960416673712, 1.4096330416668934, 1.4297710416667542, 1.449909041666615, 1.4700460416661372, 1.490184041665998, 1.5103220416658587, 1.5304590416672, 1.5505970416670607, 1.570734041666583, 1.5908720416664437, 1.6110100416663045, 1.6311470416658267, 1.6512850416675064, 1.6714220416670287, 1.6915600416668894, 1.7116980416667502], "x_swing_data": [0.142422, 0.121074, -0.079463, -0.058083, -0.059169, -0.194319, -0.291197, -0.437794, -0.495052, -0.588545, -0.752304, -0.907129, -0.919555, -0.810874, -0.687856, -0.526894, -0.272425, -0.031685, 0.344109, 0.746978, 1.20505, 1.858003, 4.411609, 5.23552, 8.768294, 10.658792, 6.440619, 2.534978, 3.072683, 5.111914, 7.364276, 7.380073, 8.103967, 7.139507, 5.778646, 5.384591, 4.699509, 3.690201, 3.025651, 2.561885, 2.009619, 1.710765, 1.845066, 1.543228, 1.097842, 0.675059, 0.731073, 0.46816, 0.367911, 0.314748, 0.266856], "y_swing_data": [-0.120629, -0.135561, -0.31227, -0.363636, -0.386383, -0.409086, -0.354658, -0.378621, -0.429539, -0.556128, -0.665339, -0.772822, -0.756069, -0.823917, -1.013906, -1.195528, -1.498504, -1.731218, -2.049409, -2.176332, -1.635008, -0.735345, 0.346392, 0.567829, -0.906011, -2.72528, -5.766838, 0.273274, 1.072293, -1.713344, -2.451003, -1.63078, 0.100051, 1.652567, 0.213443, -0.086974, 0.435884, 0.505757, 0.740364, 0.676306, 1.007661, 0.786416, 1.10723, 0.76776, 1.15972, 0.710692, 0.471708, 0.270867, 0.364179, 0.321378, 0.247288], "z_swing_data": [0.006753, 0.136082, 0.183062, 0.240634, 0.313331, 0.377096, 0.533094, 0.637827, 0.675363, 0.690493, 0.786002, 0.906903, 0.996594, 1.16594, 1.351643, 1.569436, 1.742559, 1.914163, 2.16406, 2.361234, 2.654588, 3.15644, 3.860682, 4.015018, 4.266004, 3.367085, 2.055696, 7.718657, 5.703427, 5.397616, 5.632022, 4.079473, 1.693261, -0.22688, 0.161906, 0.062271, -0.222581, -0.50224, -0.413298, -0.362326, -0.42505, -0.382645, -0.409985, -0.397822, -0.53415, -0.400163, -0.133782, 0.104019, 0.23455, 0.233791, 0.327133], "sin_pitch_values": [0.012352, 0.007002, -0.000136, -0.008243, -0.016938, -0.024735, -0.030734, -0.034817, -0.03726, -0.040926, -0.048277, -0.063025, -0.084737, -0.110304, -0.142347, -0.183277, -0.238019, -0.304601, -0.371461, -0.400002, -0.344349, -0.171069, 0.100191, 0.422512, 0.611849, 0.429748, 0.097038, -0.248895, -0.291737, -0.172666, -0.071945, 0.025656, 0.163384, 0.332858, 0.470015, 0.582259, 0.695532, 0.81734, 0.941641, 1.056848, 1.169365, 1.270054, 1.358481, 1.423458, 1.467013, 1.486788, 1.492822, 1.49454, 1.492613, 1.48287, 1.472905], "sin_roll_values": [-1.26698, -1.314258, -1.356886, -1.398504, -1.439227, -1.478499, -1.51667, -1.55283, -1.590119, -1.634306, -1.685832, -1.741847, -1.803284, -1.869646, -1.93562, -1.992905, -2.033011, -2.040712, -2.002823, -1.916813, -1.769974, -1.598805, -1.434118, -1.177315, -0.708798, -0.160169, 0.138383, 0.326799, 0.660248, 0.942538, 1.162405, 1.323886, 1.41237, 1.500812, 1.597435, 1.685173, 1.768372, 1.844114, 1.905927, 1.94972, 1.993768, 2.028747, 2.097723, 2.14078, 2.280321, 2.538869, 2.794529, 2.924027, 2.94464, 2.87346, 2.747846], "sin_yaw_values": [-1.259521, -1.241124, -1.22051, -1.199364, -1.176252, -1.151311, -1.122948, -1.088133, -1.044741, -0.991601, -0.929704, -0.858664, -0.775956, -0.680495, -0.564904, -0.427386, -0.270558, -0.093645, 0.110829, 0.33967, 0.582837, 0.811301, 0.997504, 1.035579, 0.798466, 0.479788, 0.298149, 0.399006, 0.668249, 0.869677, 1.039902, 1.19376, 1.281493, 1.28521, 1.290068, 1.320349, 1.346117, 1.357449, 1.3486, 1.325505, 1.297357, 1.279011, 1.212677, 1.1465, 0.972368, 0.672875, 0.365201, 0.179969, 0.102862, 0.116857, 0.186527]}