{"timestamps": [0.3020679999990534, 0.3222059999989142, 0.34234400000059395, 0.3624820000004547, 0.38261899999997695, 0.40275695833224745, 0.4228949583339272, 0.443032958333788, 0.46317095833364874, 0.4833089583335095, 0.5034469583333703, 0.5235839583328925, 0.5437219583327533, 0.563859958332614, 0.5839979583324748, 0.6041359583323356, 0.6242739583321963, 0.6444119583338761, 0.6645489583333983, 0.6846869583332591, 0.7048249583331199, 0.7249629583329806, 0.7451009583328414, 0.7652389583327022, 0.7853769583325629, 0.8055139583339042, 0.8256519583337649, 0.8457899583336257, 0.8659279583334865, 0.8860659583333472, 0.906203958333208, 0.9263419583330688, 0.946478958332591, 0.9666169583324518, 0.9867549583323125, 1.0068929583321733, 1.027030958333853, 1.0471689583337138, 1.067305958333236, 1.0874439583330968, 1.1075819583329576, 1.1277199583328184, 1.1478579583326791, 1.1679959583325399, 1.1881339583324007, 1.2082709583337419, 1.2284089583336026, 1.2485469583334634, 1.2686849583333242, 1.288822958333185, 1.3089609583330457], "x_swing_data": [0.338267, 0.223648, 0.139573, 0.080364, 0.034482, -0.033509, 0.018197, 0.058429, 0.009731, -0.034772, -0.016141, 0.13171, 0.241353, 0.27074, 0.211482, 0.020014, -0.209643, -0.27035, -0.273894, 0.116679, 0.904925, 2.951894, 5.682998, 8.761992, 12.249516, 16.063787, 14.970523, 4.428284, 5.992348, 7.201184, 6.684325, 7.323346, 6.335968, 6.315665, 5.772708, 5.584249, 4.098502, 2.57583, 1.903291, 1.497915, 1.352388, 0.986024, 0.639792, 0.504626, 0.523312, 0.542448, 0.627032, 0.534505, 0.628649, 0.593727, 0.648076], "y_swing_data": [-0.672544, -0.597612, -0.468496, -0.535871, -0.322889, -0.352701, -0.36664, -0.445138, -0.310494, -0.188959, -0.189489, -0.114216, -0.02618, -0.018962, 0.127667, 0.058482, -0.147582, -0.714685, -1.276546, -1.497617, -1.410172, -0.676909, -0.086863, -0.168291, -1.865538, -6.001872, -9.201056, -5.307093, 4.73072, -1.959274, -4.008761, 2.526677, 2.115814, 0.403069, -0.836334, -0.249319, 1.596224, 2.164715, 2.412423, 1.980171, 1.631719, 1.914121, 1.805809, 1.554121, 1.244874, 1.010279, 0.692343, 0.568212, 0.336579, 0.125014, -0.122761], "z_swing_data": [0.073792, 0.058823, -0.0797, 0.050327, -0.185234, -0.246379, -0.257545, -0.179297, -0.11261, -0.083841, -0.031888, -0.027413, 0.03853, 0.322692, 0.721784, 1.276471, 1.707654, 2.138485, 2.495277, 2.923434, 3.236354, 3.942791, 4.653172, 5.543589, 4.692288, 4.113533, -1.840629, 14.521757, 4.718386, 1.761979, 4.03779, 1.410344, 0.487769, 1.051087, 2.157925, 2.280236, 1.7089, 1.336587, 0.948189, 0.724551, 0.516589, 0.27256, 0.306708, 0.32629, 0.366212, 0.385364, 0.478008, 0.506999, 0.704474, 0.798347, 0.815434], "sin_pitch_values": [0.379285, 0.266461, 0.158356, 0.053663, -0.046463, -0.142366, -0.23529, -0.325537, -0.413084, -0.498817, -0.580202, -0.653104, -0.718302, -0.776264, -0.830615, -0.89078, -0.96621, -1.05311, -1.148203, -1.219957, -1.186909, -0.970276, -0.594156, -0.153388, 0.218972, 0.323472, -0.096454, -0.762835, -0.752101, -0.460211, -0.274811, -0.072584, 0.129573, 0.301027, 0.451681, 0.599689, 0.75084, 0.889336, 1.005101, 1.086958, 1.135424, 1.166785, 1.18758, 1.196092, 1.18622, 1.155668, 1.102639, 1.030871, 0.944514, 0.845273, 0.737804], "sin_roll_values": [-1.144648, -1.206583, -1.261549, -1.311247, -1.356787, -1.399812, -1.444737, -1.498139, -1.562999, -1.645889, -1.756362, -1.899406, -2.069349, -2.260024, -2.461892, -2.655565, -2.820078, -2.933055, -2.943328, -2.74046, -2.276777, -1.888322, -1.664956, -1.445518, -1.032036, -0.355054, 0.313921, 0.697613, 1.130299, 1.329837, 1.448807, 1.511917, 1.575083, 1.639215, 1.680102, 1.646514, 1.564901, 1.474419, 1.400433, 1.322969, 1.234222, 1.178624, 1.178802, 1.238493, 1.340219, 1.457649, 1.550954, 1.613354, 1.639723, 1.638078, 1.625485], "sin_yaw_values": [0.614253, 0.623359, 0.633316, 0.639898, 0.652652, 0.665471, 0.675799, 0.677709, 0.682027, 0.684317, 0.677615, 0.660361, 0.642647, 0.627402, 0.621522, 0.641957, 0.702855, 0.817247, 1.030697, 1.44485, 2.094149, 2.621678, 2.887017, 2.951189, 2.813663, 2.462687, 2.16033, 2.353107, 2.84173, 3.075561, -3.048278, -3.005499, -3.028564, -3.026917, -2.938978, -2.777397, -2.605478, -2.443332, -2.319226, -2.210937, -2.113301, -2.070226, -2.098078, -2.195664, -2.346239, -2.52385, -2.690336, -2.833851, -2.949524, -3.039749, -3.112553]}