{"timestamps": [0.26179208333269344, 0.2819300833325542, 0.30206708333207644, 0.3222050833319372, 0.34234308333361696, 0.3624810833334777, 0.3826190833333385, 0.4027560833328607, 0.4228940833327215, 0.44303208333258226, 0.46317008333244303, 0.4833080833323038, 0.503445083333645, 0.5235830833335058, 0.5437210833333666, 0.5638590833332273, 0.5839970833330881, 0.6041340833326103, 0.6242720833324711, 0.6444100833323319, 0.6645480833321926, 0.6846860833320534, 0.7048230833333946, 0.7249610833332554, 0.7450990833331161, 0.7652370833329769, 0.7853750833328377, 0.8055120833323599, 0.8256500833322207, 0.8457880833320814, 0.8659260833319422, 0.886064083333622, 0.9062010833331442, 0.926339083333005, 0.9464770833328657, 0.9666150833327265, 0.9867530833325873, 1.0068900833321095, 1.0270280833319703, 1.04716608333365, 1.0673040833335108, 1.087441083333033, 1.107579583333063, 1.1277175833329238, 1.1478555833327846, 1.1679935833326454, 1.1881305833321676, 1.2082685833320284, 1.2284065833337081, 1.2485445833335689, 1.2686825833334296], "x_swing_data": [-0.307739, -0.384222, -0.424447, -0.515043, -0.613015, -0.694785, -0.652088, -0.605439, -0.569017, -0.547532, -0.428213, -0.239424, -0.09371, -0.001846, 0.011359, 0.020724, 0.007898, 0.149287, 0.334539, 0.687524, 1.95472, 5.046122, 8.379454, 12.472083, 15.323583, 16.984447, 6.85372, 4.332654, 14.10605, 2.087471, 8.560591, 5.705417, 6.563087, 5.516067, 5.042983, 5.170704, 3.471611, 2.330421, 1.509902, 1.08584, 0.750158, 0.630101, 0.373912, 0.38215, 0.387904, 0.466021, 0.470513, 0.451323, 0.542293, 0.751122, 0.9303], "y_swing_data": [-0.467317, -0.455372, -0.459778, -0.478642, -0.414672, -0.321932, -0.394137, -0.370821, -0.157621, -0.059188, 0.131927, 0.48189, 0.565268, 0.548439, 0.205788, -0.247614, -0.699476, -0.917322, -0.777049, -0.445872, 0.044589, 0.568658, 0.060746, -1.964165, -6.086392, -8.801917, -7.973557, 2.077495, 5.96523, -5.040835, 2.917177, 1.704134, 1.591251, 0.803269, -0.5786, 0.086715, 0.636755, 1.542471, 2.30925, 1.852002, 1.14645, 1.182741, 1.256187, 1.165614, 0.997971, 0.815147, 0.665369, 0.528858, 0.365229, 0.250316, 0.082816], "z_swing_data": [-0.443084, -0.414831, -0.384682, -0.340985, -0.320444, -0.25785, -0.11035, -0.048817, -0.093607, -0.123874, -0.13491, -0.042003, 0.143495, 0.35006, 0.690538, 1.137587, 1.800665, 2.617504, 3.218534, 3.845902, 4.31344, 5.062008, 6.068286, 6.122178, 4.55472, 1.490939, 11.184027, 14.737657, 0.142916, 6.072213, 3.426677, 0.786481, 1.557611, 2.371202, 1.827196, 0.646824, 0.579156, 0.545737, 0.227361, 0.4014, 0.575427, 0.522401, 0.367622, 0.468342, 0.479082, 0.519223, 0.532773, 0.554373, 0.559984, 0.690886, 0.898607], "sin_pitch_values": [-0.045732, -0.114773, -0.191134, -0.273576, -0.358701, -0.447836, -0.543397, -0.640691, -0.733833, -0.819767, -0.899261, -0.967498, -1.016073, -1.051322, -1.089719, -1.147569, -1.225279, -1.309452, -1.373195, -1.31296, -1.067736, -0.670127, -0.196373, 0.253744, 0.455265, 0.002435, -0.695929, -0.727205, -0.31973, -0.1261, 0.095024, 0.316156, 0.498603, 0.629997, 0.745775, 0.861404, 0.971423, 1.062368, 1.132382, 1.182121, 1.206566, 1.211281, 1.202889, 1.181071, 1.143588, 1.088533, 1.017174, 0.932077, 0.835296, 0.732865, 0.63426], "sin_roll_values": [-1.203122, -1.249861, -1.300212, -1.355062, -1.408901, -1.461008, -1.521841, -1.598461, -1.691304, -1.799482, -1.917419, -2.061789, -2.242923, -2.434769, -2.611373, -2.765332, -2.89135, -2.930761, -2.658426, -2.056078, -1.783645, -1.656551, -1.497715, -1.147881, -0.420916, 0.282986, 0.69238, 1.141695, 1.288893, 1.411304, 1.458734, 1.555676, 1.677701, 1.824865, 1.944824, 1.987543, 1.923514, 1.795884, 1.68751, 1.584401, 1.480887, 1.411689, 1.413323, 1.467387, 1.543242, 1.612007, 1.665526, 1.703656, 1.726751, 1.729333, 1.706043], "sin_yaw_values": [0.11441, 0.122333, 0.121131, 0.117563, 0.123973, 0.135548, 0.132401, 0.113819, 0.091544, 0.071984, 0.063958, 0.049778, 0.02067, 0.006217, 0.030497, 0.094445, 0.196263, 0.387119, 0.885847, 1.702198, 2.158681, 2.390492, 2.487297, 2.409021, 1.995407, 1.623071, 1.770633, 2.322103, 2.544857, 2.679912, 2.711914, 2.647452, 2.539913, 2.47199, 2.481711, 2.561575, 2.732562, 2.936297, 3.092275, -3.061938, -2.94762, -2.884944, -2.904643, -2.9913, -3.113926, 3.03916, 2.912514, 2.793889, 2.682652, 2.572591, 2.462939]}