{"timestamps": [0.7451078750000306, 0.7652458749998914, 0.7853838749997522, 0.8055218749996129, 0.8256608749998122, 0.845798874999673, 0.8659368749995338, 0.8860748749993945, 0.9062128749992553, 0.9263508749991161, 0.9464888749989768, 0.9666268750006566, 0.9867648750005173, 1.0069028750003781, 1.0270408750002389, 1.0471788750000997, 1.0673168749999604, 1.0874548749998212, 1.107592874999682, 1.1277308749995427, 1.1478688749994035, 1.1680068749992643, 1.188144874999125, 1.2082828749989858, 1.2284208750006655, 1.2485598749990459, 1.2686978749989066, 1.2888358750005864, 1.3089738750004472, 1.329111875000308, 1.3492498750001687, 1.3693878750000295, 1.3895237916658516, 1.4096617916657124, 1.4297997916655731, 1.449937791667253, 1.4700757916671137, 1.4902137916669744, 1.5103517916668352, 1.530489791666696, 1.5506277916665567, 1.5707657916664175, 1.5909037916662783, 1.611041791666139, 1.6311797916659998, 1.6513177916658606, 1.6714557916657213, 1.691593791665582, 1.7117327916657814, 1.7318707916656422, 1.752008791667322], "x_swing_data": [-0.179503, -0.216712, -0.394677, -0.739868, -1.041827, -1.02267, -1.085548, -1.073272, -1.029088, -1.087269, -1.014222, -0.933107, -0.768834, -0.704846, -0.62015, -0.548233, -0.382433, 0.136978, 0.41388, 0.380178, 12.532714, 15.11181, 11.409645, 9.53353, 7.654658, 15.115401, -5.540885, 2.094198, 7.467249, 7.225009, 4.152733, 4.706872, 3.544414, 3.009856, 2.406857, 2.691194, 2.354439, 1.995562, 1.174181, 1.23688, 0.924093, 0.625506, 0.319466, -0.034619, -0.214018, -0.290304, -0.305174, -0.244036, -0.159102, -0.082752, -0.007328], "y_swing_data": [-0.28845, -0.531453, -0.999017, -0.893672, -0.66311, -0.561635, -0.647168, -0.595442, -0.644152, -0.886615, -1.243914, -1.559566, -1.482273, -1.282057, -1.325535, -1.30704, -1.070932, -0.787715, 0.489278, 4.318064, -1.743168, -7.425503, -9.419262, -3.556105, -0.43148, 27.205036, 0.816562, -7.24656, 4.250194, 3.979505, 0.462936, 1.344079, 0.010568, -0.012455, 0.108441, 0.214327, 0.291693, 0.313811, -0.122825, 0.179078, 0.110393, 0.099652, 0.117913, 0.132262, 0.020073, 0.228453, 0.553193, 0.424929, 0.326455, 0.45976, 0.341244], "z_swing_data": [0.035726, 0.028334, -0.362758, -0.555712, -0.907888, -0.9736, -0.907091, -0.779407, -0.589965, -0.361711, -0.116189, 0.173219, 0.497455, 0.723261, 1.286216, 1.905949, 2.845392, 3.81286, 5.446877, 7.809465, 7.539666, 4.831471, -1.387206, 11.886307, 26.007278, -7.442331, 16.36957, -2.62507, 3.676487, -0.272897, 0.547165, -0.093028, 0.504718, 0.7738, 0.639389, 0.699365, 0.708069, 0.630207, 0.181742, 0.111538, -0.019354, -0.025103, -0.099907, -0.094044, -0.027338, -0.059648, -0.097604, -0.03548, -0.104035, -0.116277, -0.437822], "sin_pitch_values": [0.214191, 0.215778, 0.202327, 0.176797, 0.152468, 0.126092, 0.096358, 0.066579, 0.043071, 0.027603, 0.01164, -0.017499, -0.067284, -0.144884, -0.265423, -0.450547, -0.661612, -0.856749, -0.890885, -0.724085, -0.447127, 0.050715, 0.479555, -0.051871, -0.556414, -0.244678, -0.192436, -0.097927, -0.001729, 0.193307, 0.328879, 0.458468, 0.551697, 0.618858, 0.676085, 0.735257, 0.790362, 0.843917, 0.895726, 0.946182, 0.998478, 1.053394, 1.107536, 1.156663, 1.199554, 1.234268, 1.264768, 1.291982, 1.312179, 1.333068, 1.355482], "sin_roll_values": [-1.009893, -1.026989, -1.058408, -1.091435, -1.119262, -1.148246, -1.176061, -1.203231, -1.237481, -1.28177, -1.346423, -1.433563, -1.538533, -1.657062, -1.783195, -1.903081, -2.004817, -2.070764, -2.110655, -2.008975, -1.73381, -1.411065, -0.598838, 0.087411, -0.107315, 0.352181, 0.44212, 0.850409, 0.964053, 1.056352, 1.162838, 1.301714, 1.432932, 1.525114, 1.608208, 1.672947, 1.705205, 1.725408, 1.769763, 1.814408, 1.85143, 1.879548, 1.891414, 1.878384, 1.841982, 1.809274, 1.768937, 1.706727, 1.634921, 1.613659, 1.713697], "sin_yaw_values": [-0.650469, -0.654157, -0.669266, -0.681088, -0.686935, -0.691622, -0.69608, -0.695552, -0.688556, -0.672103, -0.636006, -0.570872, -0.472848, -0.352192, -0.210077, -0.061323, 0.081987, 0.251046, 0.386387, 0.662231, 1.067224, 1.173256, 0.650546, -0.042907, -0.125491, 0.428916, 0.622804, 0.686386, 0.729441, 0.723443, 0.709425, 0.681894, 0.668503, 0.68161, 0.697608, 0.699697, 0.700901, 0.682571, 0.645991, 0.59371, 0.534201, 0.474264, 0.422447, 0.400488, 0.408362, 0.413796, 0.435737, 0.483087, 0.545473, 0.552732, 0.444651]}