{"timestamps": [0.8054915416651056, 0.8256295416649664, 0.8457665416663076, 0.8659035416658298, 0.8860405416653521, 0.9061785416652128, 0.926315541666554, 0.9464525416660763, 0.966590541665937, 0.9867275416654593, 1.0068645416649815, 1.0270015416663227, 1.0471395416661835, 1.0672765416657057, 1.087413541665228, 1.1075515416650887, 1.12768854166643, 1.1478255416659522, 1.1679625416654744, 1.1881005416653352, 1.2082375416666764, 1.2283745416661986, 1.2485125416660594, 1.2686495416655816, 1.2887865416651039, 1.308923541666445, 1.3290615416663059, 1.349198541665828, 1.3693355416653503, 1.3894725416666915, 1.4096105416665523, 1.4297475416660745, 1.4498845416655968, 1.470021541665119, 1.4901595416649798, 1.510296541666321, 1.5304335416658432, 1.550571541665704, 1.5707085416652262, 1.5908455416665674, 1.6109825416660897, 1.6311205416659504, 1.6512575416654727, 1.671394541664995, 1.6915315416663361, 1.711669541666197, 1.7318065416657191, 1.7519435416652414, 1.7720815416651021, 1.7922181249996356, 1.8123551249991579], "x_swing_data": [0.13088, 0.123879, 0.061934, 0.007331, -0.057107, -0.124172, -0.275287, -0.466244, -0.523492, -0.620219, -0.808509, -0.919273, -0.943119, -0.938514, -0.924383, -0.898876, -0.869664, -0.573367, -0.440413, 0.124435, 0.519775, 0.98076, 1.861847, 7.820765, 6.458493, 9.846384, 8.881402, 2.919407, 2.014561, 6.169291, 4.119439, 5.850747, 7.200497, 6.147877, 5.792905, 5.605118, 5.232804, 4.4297, 3.389912, 2.926939, 2.544853, 2.098691, 1.940117, 1.677771, 1.598326, 1.468165, 1.140192, 0.901216, 0.842148, 0.739224, 0.685894], "y_swing_data": [-0.234691, -0.299729, -0.311575, -0.285379, -0.259956, -0.261575, -0.250389, -0.332879, -0.428718, -0.442173, -0.4137, -0.483596, -0.589132, -0.584523, -0.579023, -0.726689, -0.906657, -1.02804, -1.314392, -1.329334, -0.798986, -0.311506, 0.469682, 2.707445, 0.491994, -1.059305, -6.386459, -0.612007, 2.572583, 2.784905, -1.512696, -2.265695, 0.992022, 2.047051, -0.651233, -1.679327, -0.177053, 0.116215, 0.1441, 0.242761, 0.399629, 0.560229, 0.543046, 0.257686, 0.258548, 0.588701, 0.61837, 0.508972, 0.260182, 0.418174, 0.430261], "z_swing_data": [0.325151, 0.386642, 0.369681, 0.367313, 0.324957, 0.335994, 0.283849, 0.275802, 0.302279, 0.306384, 0.309029, 0.37272, 0.491978, 0.735158, 1.030488, 1.395812, 1.787343, 2.18528, 2.817744, 3.005624, 3.181008, 2.994283, 3.427648, 3.84832, 3.917257, 5.641184, 2.297753, 11.337771, 8.270874, 4.401484, 4.597753, 4.672523, 1.954016, -0.231887, 0.948605, 1.156424, 0.994099, 0.655388, 0.349903, 0.084894, -0.040243, -0.272736, -0.298152, -0.182502, -0.226738, -0.384377, -0.391684, -0.246252, -0.172107, -0.165163, -0.158969], "sin_pitch_values": [0.030053, 0.009582, -0.010076, -0.027586, -0.042043, -0.054525, -0.064919, -0.074816, -0.085469, -0.097004, -0.109184, -0.122098, -0.137046, -0.153083, -0.169278, -0.19106, -0.224314, -0.271427, -0.325351, -0.363746, -0.327596, -0.190525, 0.080532, 0.417981, 0.77664, 0.793968, 0.513007, -0.020304, -0.189241, -0.068282, 0.052574, 0.100302, 0.197481, 0.360324, 0.478841, 0.558143, 0.63994, 0.729821, 0.825819, 0.924447, 1.022142, 1.114988, 1.20004, 1.276782, 1.34046, 1.372529, 1.365106, 1.334312, 1.295728, 1.252223, 1.208191], "sin_roll_values": [-1.28838, -1.294057, -1.298202, -1.302564, -1.306966, -1.314452, -1.327047, -1.341707, -1.360148, -1.384506, -1.413802, -1.45147, -1.503769, -1.571826, -1.651953, -1.739571, -1.825192, -1.900169, -1.933582, -1.913083, -1.826703, -1.65755, -1.546954, -1.468127, -1.20461, -0.485149, 0.067538, 0.180485, 0.464435, 0.715018, 0.949215, 1.107797, 1.225182, 1.379072, 1.523177, 1.634656, 1.743114, 1.851996, 1.949963, 2.02302, 2.082563, 2.160046, 2.267371, 2.403343, 2.600072, 2.913943, -3.030974, -2.7854, -2.648299, -2.580022, -2.558184], "sin_yaw_values": [-0.326071, -0.319303, -0.310016, -0.296203, -0.277709, -0.256548, -0.234685, -0.208972, -0.18111, -0.149445, -0.113281, -0.072532, -0.024688, 0.037666, 0.120344, 0.227043, 0.35838, 0.52243, 0.720597, 0.955674, 1.211518, 1.480142, 1.751971, 1.983485, 1.923768, 1.390809, 0.929258, 0.938236, 1.177317, 1.403656, 1.562864, 1.712567, 1.794945, 1.76855, 1.750468, 1.787092, 1.826509, 1.853956, 1.881048, 1.911645, 1.93437, 1.917832, 1.847046, 1.733037, 1.541785, 1.216149, 0.85611, 0.584603, 0.413208, 0.30607, 0.239181]}