{"timestamps": [0.4228870000006282, 0.4430240000001504, 0.4631620000000112, 0.4832989999995334, 0.5034360000008746, 0.5235740000007354, 0.5437110000002576, 0.5638490000001184, 0.5839859999996406, 0.6041240000013204, 0.6242605833340349, 0.6443985833338957, 0.6645355833334179, 0.6846725833329401, 0.7048105833346199, 0.7249475833341421, 0.7450855833340029, 0.7652225833335251, 0.7853605833333859, 0.8054975833329081, 0.8256345833342493, 0.8457725833341101, 0.8659095833336323, 0.8860475833334931, 0.9061845833330153, 0.9263225833328761, 0.9464595833342173, 0.9665965833337395, 0.9867345833336003, 1.0068715833331225, 1.0270095833329833, 1.0471465833343245, 1.0672845833341853, 1.0874215833337075, 1.1075585833332298, 1.1276965833330905, 1.1478335833344318, 1.1679715833342925, 1.1881085833338147, 1.208245583333337, 1.2283835833331977, 1.248520583334539, 1.2686585833343997, 1.288795583333922, 1.3089335833337827, 1.329070583333305, 1.3492075833346462, 1.369345583334507, 1.3894825833340292, 1.40962058333389, 1.4297575833334122], "x_swing_data": [0.079601, -0.036807, -0.107739, -0.240873, -0.387303, -0.491844, -0.597582, -0.722862, -0.774398, -0.782066, -0.80804, -0.807345, -0.84194, -0.800521, -0.562801, -0.266086, -0.043001, 0.194874, 0.506183, 0.914579, 1.306269, 2.205316, 5.833831, 6.172071, 9.122069, 9.769171, 6.50786, 3.94571, 3.372311, 5.562167, 6.917256, 7.396417, 7.959821, 6.942332, 6.293262, 5.724886, 5.091074, 3.893535, 3.251121, 2.609409, 1.939974, 1.864051, 1.964932, 1.682193, 1.066023, 0.598796, 0.499126, 0.548823, 0.495974, 0.462038, 0.40372], "y_swing_data": [-0.209109, -0.273397, -0.295702, -0.37625, -0.411172, -0.383584, -0.463102, -0.495852, -0.562303, -0.611919, -0.603977, -0.57557, -0.557719, -0.648065, -0.795905, -0.955379, -1.034077, -1.184523, -1.353799, -1.260964, -0.725425, 0.494839, 2.4146, 1.000074, -0.083661, -1.867273, -5.402335, -0.770552, 2.721563, -2.083837, -1.815888, -0.044402, 1.623042, 0.774921, -1.050126, -0.497585, 0.252119, 0.336785, 0.580999, 1.005868, 0.939403, 0.949672, 0.875545, 0.933647, 0.903251, 0.533767, 0.27082, 0.272547, 0.278703, 0.083656, 0.038722], "z_swing_data": [0.111014, 0.163961, 0.215761, 0.238175, 0.305951, 0.35728, 0.403858, 0.412006, 0.399022, 0.444961, 0.517035, 0.669392, 0.882021, 0.99279, 1.168309, 1.367716, 1.616562, 1.943265, 2.193041, 2.46667, 2.822518, 3.399678, 4.214961, 4.018718, 3.987392, 4.340179, 4.015053, 9.205789, 5.754851, 5.724659, 5.279005, 3.502049, 0.829396, 0.289406, 0.678621, -0.016879, -0.53651, -0.374347, -0.322169, -0.177264, -0.015582, -0.118807, -0.074499, -0.123171, -0.040059, 0.073649, 0.254235, 0.304656, 0.243699, 0.204273, 0.129311], "sin_pitch_values": [0.006498, 0.001917, -0.002383, -0.008177, -0.015787, -0.023998, -0.032856, -0.043916, -0.055542, -0.068898, -0.082816, -0.097161, -0.112046, -0.130199, -0.154536, -0.189032, -0.230917, -0.275456, -0.319729, -0.345495, -0.298327, -0.109353, 0.157962, 0.509085, 0.811513, 0.646227, 0.227083, -0.177411, -0.242665, -0.123118, -0.022708, 0.078466, 0.238752, 0.413113, 0.545569, 0.668916, 0.797796, 0.934855, 1.074665, 1.213958, 1.343323, 1.45588, 1.548502, 1.503693, 1.420526, 1.343472, 1.277559, 1.222174, 1.173014, 1.130355, 1.094563], "sin_roll_values": [-1.363509, -1.370433, -1.37949, -1.392091, -1.408121, -1.427061, -1.448428, -1.471843, -1.500006, -1.537157, -1.584494, -1.642389, -1.707372, -1.773258, -1.83869, -1.900636, -1.950992, -1.980809, -1.973526, -1.908826, -1.770953, -1.647589, -1.542924, -1.368357, -0.91447, -0.169796, 0.241366, 0.38105, 0.695011, 0.971207, 1.180495, 1.322545, 1.431612, 1.563707, 1.687261, 1.792799, 1.880232, 1.934044, 1.939573, 1.910324, 1.852263, 1.736717, 1.107133, -1.420773, -1.688005, -1.81334, -1.878669, -1.931636, -1.987353, -2.034981, -2.075492], "sin_yaw_values": [0.28474, 0.295223, 0.307226, 0.320771, 0.337557, 0.358465, 0.38312, 0.416479, 0.458499, 0.504244, 0.556187, 0.617746, 0.690393, 0.780444, 0.890442, 1.020933, 1.172961, 1.349176, 1.556638, 1.801678, 2.071779, 2.333616, 2.542102, 2.627718, 2.374059, 1.870695, 1.627432, 1.724487, 2.010988, 2.220972, 2.39529, 2.531762, 2.560426, 2.516869, 2.509353, 2.539994, 2.573394, 2.617894, 2.676114, 2.737342, 2.820382, 2.953291, -2.708688, -0.217428, 0.00519, 0.090621, 0.120161, 0.13612, 0.155596, 0.166397, 0.168057]}