{"timestamps": [0.10068600000158767, 0.12082400000144844, 0.14096100000097067, 0.1610980000004929, 0.18123500000001513, 0.2013730000016949, 0.22151000000121712, 0.24164700000073935, 0.2617850000006001, 0.28192200000012235, 0.3020590000014636, 0.3221960000009858, 0.34233400000084657, 0.3624710000003688, 0.38260799999989104, 0.40274500000123226, 0.422883000001093, 0.44302000000061525, 0.4631570000001375, 0.4832940000014787, 0.5034320000013395, 0.5235690000008617, 0.5437060000003839, 0.5638440000002447, 0.5839810000015859, 0.6041180000011082, 0.6242550000006304, 0.6443930000004912, 0.664528875000542, 0.6846658750000643, 0.7048028750014055, 0.7249408750012662, 0.7450778750007885, 0.7652148750003107, 0.7853518750016519, 0.8054898750015127, 0.8256268750010349, 0.8457638750005572, 0.8659018750004179, 0.8860388749999402, 0.9061758750012814, 0.9263128750008036, 0.9464508750006644, 0.9665878750001866, 0.9867248750015278, 1.00686187500105, 1.0269998750009108, 1.047136875000433, 1.0672738749999553, 1.087411875001635, 1.1075488750011573], "x_swing_data": [-0.20129, -0.200279, -0.253958, -0.28553, -0.24998, -0.079203, 0.02232, -0.027264, 0.013697, 0.094367, 0.188878, 0.263505, 0.351552, 0.325176, 0.112411, -0.379681, -0.794323, 0.399707, 2.782432, 4.707541, 12.371129, 15.909054, 6.171775, 2.600166, 2.24018, 17.261595, 3.913096, 4.950527, 3.538755, 3.914195, 3.049667, 2.702355, 2.031765, 1.562696, 1.496182, 1.636288, 1.554615, 1.465686, 1.259771, 0.943247, 0.587404, 0.289005, 0.170346, 0.105766, -0.022089, -0.072331, 0.01353, 0.014652, -0.07286, -0.095284, -0.052239], "y_swing_data": [-0.906213, -0.783207, -0.698837, -0.724212, -0.733113, -0.747777, -0.514823, -0.497182, -0.497561, -0.569724, -0.442221, -0.041921, 0.244553, 0.537762, 1.181656, 1.635811, 1.393932, 2.512479, 4.405085, 6.143947, 1.298241, -3.943111, -19.176956, -5.188476, -0.101046, 3.018342, 4.42587, 4.687186, 3.295374, 2.404383, 2.489474, 2.041616, 1.659865, 1.148834, 0.6572, 0.279402, 0.030693, -0.172293, -0.191961, 0.085716, 0.337849, 0.317478, 0.247287, 0.263852, 0.268943, 0.256224, 0.287143, 0.26103, 0.121384, 0.087614, 0.21825], "z_swing_data": [0.010239, 0.098057, 0.157174, 0.224519, 0.188174, 0.028219, 0.140356, 0.165608, 0.144061, 0.137426, -0.01483, 0.116449, 0.533671, 1.621405, 2.776199, 3.370479, 3.397952, 3.441093, 3.497532, 4.603406, 3.803643, 0.880999, -2.77616, 14.050602, 17.04945, 8.35791, 4.216411, 1.170842, -0.245763, -0.234748, -0.782166, -0.652314, -0.39392, -0.17027, -0.201747, -0.454276, -0.719845, -0.63231, -0.575576, -0.670513, -0.59716, -0.370976, -0.10763, -0.026014, 0.035168, 0.096705, 0.191705, 0.344184, 0.435823, 0.402643, 0.318951], "sin_pitch_values": [-0.359054, -0.401082, -0.443505, -0.48772, -0.532135, -0.572666, -0.625236, -0.680191, -0.741158, -0.809216, -0.880748, -0.953111, -1.042127, -1.142492, -1.236546, -1.29389, -1.265998, -1.105039, -0.760279, -0.330497, 0.116928, 0.099886, -0.35346, -0.84135, -1.2508, -1.052537, -0.809984, -0.601353, -0.442194, -0.295485, -0.148661, 0.002295, 0.155563, 0.298592, 0.423399, 0.538248, 0.640013, 0.726639, 0.801446, 0.863035, 0.914248, 0.955457, 0.988761, 1.015095, 1.036031, 1.053953, 1.07514, 1.097539, 1.114845, 1.124888, 1.134734], "sin_roll_values": [-1.127123, -1.165397, -1.196888, -1.217225, -1.223654, -1.233919, -1.255197, -1.276273, -1.306522, -1.365385, -1.452369, -1.53908, -1.599973, -1.648563, -1.703794, -1.679137, -1.513555, -1.585187, -1.521434, -1.443839, -1.303802, -0.734385, -0.302189, -0.013016, 0.871113, 1.529663, 1.662639, 1.643005, 1.60628, 1.547913, 1.495603, 1.462723, 1.454757, 1.47078, 1.504868, 1.54313, 1.584413, 1.601794, 1.579416, 1.538748, 1.488797, 1.424898, 1.338629, 1.241345, 1.144074, 1.060066, 0.984804, 0.905262, 0.81375, 0.718851, 0.623471], "sin_yaw_values": [-0.100927, -0.077418, -0.046847, -0.014589, 0.024416, 0.073241, 0.129737, 0.192197, 0.255868, 0.302077, 0.350182, 0.43169, 0.566954, 0.7496, 0.947306, 1.222127, 1.601511, 1.763045, 1.962053, 2.069252, 1.78825, 1.148343, 0.541708, 0.581723, 1.225696, 1.971743, 2.164316, 2.17055, 2.133181, 2.090633, 2.021694, 1.932777, 1.83522, 1.735606, 1.645348, 1.567257, 1.498975, 1.450678, 1.429506, 1.41535, 1.406329, 1.407873, 1.423754, 1.444641, 1.467147, 1.478294, 1.481561, 1.487042, 1.505516, 1.531858, 1.563014]}