{"timestamps": [0, 0.020137999999860767, 0.04027500000120199, 0.06041200000072422, 0.08055000000058499, 0.10068700000010722, 0.12082400000144844, 0.14096100000097067, 0.16109900000083144, 0.18123600000035367, 0.2013729999998759, 0.22151099999973667, 0.2416480000010779, 0.2617850000006001, 0.2819230000004609, 0.3020599999999831, 0.32219700000132434, 0.34233400000084657, 0.36247200000070734, 0.38260900000022957, 0.4027459999997518, 0.42288400000143156, 0.4430210000009538, 0.463158000000476, 0.4832960000003368, 0.503432999999859, 0.5235700000012002, 0.5437070000007225, 0.5638450000005832, 0.5839820000001055, 0.6041190000014467, 0.6242570000013075, 0.6443940000008297, 0.6645310000003519, 0.6846690000002127, 0.7048059999997349, 0.7249430000010761, 0.7450800000005984, 0.7652180000004591, 0.7853544166664506, 0.8054914166677918, 0.8256294166676525, 0.8457664166671748, 0.865903416666697, 0.8860414166665578, 0.906178416667899, 0.9263154166674212, 0.946453416667282, 0.9665904166668042, 0.9867274166663265], "x_swing_data": [-0.592529, -1.027955, -1.476156, -1.824999, -1.92148, -2.021332, -1.945645, -1.526112, -1.486741, -1.105057, -0.785017, -0.687683, -0.652402, -0.448202, -0.186296, -0.336283, -0.736642, -0.574611, 0.112505, 1.945825, 7.117662, 10.623393, 12.47972, 12.789347, 13.358085, 3.283916, 9.344453, 8.749625, 7.314311, 7.490149, 6.552721, 4.763628, 4.761908, 4.060458, 4.033726, 2.992284, 1.791655, 1.282963, 1.319746, 1.312587, 1.345812, 1.126205, 0.977007, 0.791433, 0.57675, 0.259337, -0.038171, -0.264376, -0.372804, -0.475643], "y_swing_data": [-0.076958, -0.158807, -0.204715, -0.362373, -0.637308, -0.811123, -0.91636, -0.785167, -0.924139, -1.135459, -1.070878, -0.963058, -1.162928, -1.317872, -1.325103, -1.740382, -2.290696, -2.822248, -2.392416, -1.754558, -1.07689, -2.787189, -6.060138, -3.466534, -1.781694, -15.086475, 5.318674, 2.986888, -0.971934, 2.257143, 2.647868, 0.840201, 1.860247, 0.544819, 0.581875, 1.469573, 1.135787, 0.692303, 0.571012, 0.487751, 0.097148, -0.251808, -0.462852, -0.096148, 0.443538, -0.054259, -0.59583, -0.404343, 0.288028, 0.521134], "z_swing_data": [-0.247418, -0.27589, -0.226427, -0.39866, -0.535916, -0.516809, -0.541351, -0.309762, 0.001064, 0.178792, 0.238067, 0.445066, 0.441685, 0.617902, 0.970991, 1.917155, 2.703186, 2.87187, 3.605618, 4.239934, 6.532315, 10.355324, 5.033666, 6.122969, 14.13428, 7.878519, 11.078534, -0.374532, 1.6621, -1.378927, -1.729721, -0.395598, -0.511904, -0.732866, -1.126185, -1.426011, -0.946678, -0.397359, -0.016592, 0.036179, 0.268261, 0.445602, 0.574049, 0.682384, 0.751824, 1.146946, 1.364813, 1.150904, 0.83851, 0.450847], "sin_pitch_values": [0.256093, 0.255209, 0.249637, 0.239347, 0.217116, 0.184008, 0.139374, 0.083445, 0.023175, -0.048976, -0.128882, -0.214048, -0.303778, -0.402489, -0.513409, -0.631635, -0.751945, -0.854031, -0.872615, -0.726029, -0.409414, 0.004879, 0.440277, 0.666526, 0.369886, -0.255396, -0.278955, -0.018621, 0.136121, 0.287309, 0.458759, 0.591704, 0.688794, 0.75645, 0.807036, 0.855124, 0.897545, 0.924122, 0.938339, 0.951452, 0.970269, 0.995352, 1.01784, 1.027334, 1.039735, 1.035722, 0.971269, 0.833442, 0.682212, 0.569687], "sin_roll_values": [-0.887291, -0.907688, -0.92092, -0.92679, -0.937864, -0.960156, -0.996, -1.057062, -1.131086, -1.220176, -1.327547, -1.452127, -1.594189, -1.747154, -1.910898, -2.071091, -2.184362, -2.209395, -2.094015, -1.786271, -1.4223, -1.142461, -0.735602, -0.032206, 0.528039, 0.916339, 1.241178, 1.411455, 1.521641, 1.572616, 1.618159, 1.647624, 1.673779, 1.705228, 1.703036, 1.699034, 1.705589, 1.700167, 1.670428, 1.637848, 1.600267, 1.540707, 1.428279, 1.280577, 1.117188, 0.917799, 0.699016, 0.513855, 0.376725, 0.274438], "sin_yaw_values": [0.122223, 0.070709, 0.026742, -0.007178, -0.034294, -0.047605, -0.045419, -0.027868, 0.012186, 0.062614, 0.12468, 0.190576, 0.257687, 0.335055, 0.423648, 0.528828, 0.675369, 0.893857, 1.223962, 1.660945, 2.112176, 2.343537, 2.30972, 1.979668, 1.634658, 1.896198, 2.239699, 2.338276, 2.440015, 2.505754, 2.472648, 2.45347, 2.435846, 2.42335, 2.421695, 2.380092, 2.311855, 2.260182, 2.224593, 2.176489, 2.116841, 2.070684, 2.074174, 2.104114, 2.146261, 2.232735, 2.339577, 2.405745, 2.411161, 2.384066]}