{"timestamps": [0, 0.02013699999952223, 0.040274999999383, 0.06041200000072422, 0.08054900000024645, 0.10068700000010722, 0.12082399999962945, 0.14096100000097067, 0.16109900000083144, 0.18123600000035367, 0.2013729999998759, 0.22151099999973667, 0.2416479999992589, 0.26178525000068475, 0.281922250000207, 0.30206025000006775, 0.32219724999959, 0.3423342500009312, 0.362472250000792, 0.3826092500003142, 0.40274624999983644, 0.4228842499996972, 0.44302124999921944, 0.46315825000056066, 0.4832962500004214, 0.5034332499999437, 0.5235702499994659, 0.5437072500008071, 0.5638452500006679, 0.5839822500001901, 0.6041192499997123, 0.6242572499995731, 0.6443942500009143, 0.6645312500004366, 0.6846692500002973, 0.7048062499998196, 0.7249432499993418, 0.745080250000683, 0.7652182500005438, 0.785355250000066, 0.8054922499995882, 0.825630249999449, 0.8457672500007902, 0.8659042500003125, 0.8860422500001732, 0.9061792499996955, 0.9263162499992177, 0.9464542500008974, 0.9665912500004197, 0.9867282499999419], "x_swing_data": [-0.260146, -0.181477, -0.143079, -0.140687, -0.1435, -0.142329, -0.093682, -0.100141, -0.012279, 0.153663, 0.329858, 0.395352, 0.374251, 0.076946, -0.349958, 0.035222, 3.060943, 3.419714, 10.629846, 13.967074, 15.28512, 1.803652, 1.964433, 0.517302, 15.778744, 3.595967, 2.932339, 3.64044, 3.387754, 3.082595, 2.100128, 1.638489, 1.851702, 1.936724, 1.9306, 1.603483, 1.252973, 0.837513, 0.480168, 0.157639, -0.077735, -0.20066, -0.220138, -0.279473, -0.318357, -0.329518, -0.307183, -0.23213, -0.256482, -0.16204], "y_swing_data": [-1.366671, -1.3431, -1.35573, -1.211916, -1.079525, -1.093783, -0.972654, -0.768797, -0.692501, -0.661399, -0.802718, -0.442383, 0.868767, 1.932822, 1.381122, 0.76428, 3.31434, 2.992723, 5.249472, -2.321226, -12.127752, -13.966191, -4.492387, 5.837433, 1.207946, 8.702245, 7.138434, 3.45094, 2.490479, 1.691675, 0.83825, 0.920218, 0.42111, -0.466274, -0.906541, -0.799057, -0.538977, -0.287428, -0.103367, 0.070867, 0.071676, 0.092751, 0.104254, 0.066559, 0.136231, 0.251681, 0.09591, 0.106641, 0.004994, -0.457947], "z_swing_data": [0.09802, 0.00448, -0.077636, -0.07901, -0.131535, -0.033107, 0.031372, 0.061967, 0.165019, 0.308642, 0.346138, 1.078803, 2.094264, 2.285556, 3.837615, 3.791117, 3.592208, 2.783412, 2.648988, 1.09491, -3.19016, 5.139544, 15.578761, 17.628862, 10.291072, 3.203991, -0.778793, -0.265855, -0.233633, 0.513365, 0.121396, -0.467361, -0.273014, -0.272009, -0.507012, -0.913576, -1.142957, -1.12569, -1.044804, -0.954254, -0.842836, -0.714255, -0.583463, -0.533004, -0.470969, -0.388199, -0.283794, -0.187303, -0.121488, -0.005528], "sin_pitch_values": [0.072694, 0.007913, -0.06213, -0.134301, -0.211828, -0.294302, -0.384048, -0.478448, -0.579224, -0.686312, -0.814482, -0.967503, -1.122229, -1.275774, -1.398157, -1.41777, -1.241672, -0.812749, -0.34091, 0.158919, 0.313981, -0.214678, -0.5465, -1.067139, -1.03623, -0.832481, -0.621798, -0.428593, -0.23027, -0.035032, 0.131183, 0.282766, 0.41524, 0.521438, 0.598901, 0.662915, 0.720248, 0.771578, 0.815101, 0.852371, 0.882259, 0.907929, 0.933028, 0.953709, 0.973825, 0.997564, 1.021425, 1.049153, 1.079621, 1.106018], "sin_roll_values": [-1.120487, -1.146825, -1.182662, -1.225705, -1.282922, -1.360942, -1.45706, -1.559296, -1.666305, -1.777619, -1.882498, -1.974129, -2.174785, -2.375198, -2.354996, -1.724899, -1.506929, -1.413261, -1.503245, -1.4041, -0.604367, -0.375925, -0.029243, 0.603744, 1.137235, 1.399868, 1.456014, 1.457636, 1.43703, 1.410205, 1.424837, 1.5074, 1.613187, 1.692987, 1.736856, 1.767632, 1.79377, 1.813003, 1.824308, 1.826255, 1.816602, 1.787706, 1.740335, 1.679942, 1.617133, 1.557263, 1.501065, 1.447451, 1.385691, 1.299117], "sin_yaw_values": [0.045612, 0.053277, 0.061946, 0.072161, 0.077594, 0.082727, 0.09929, 0.125738, 0.154623, 0.18059, 0.245771, 0.356065, 0.407468, 0.472864, 0.731743, 1.627472, 2.080046, 2.328127, 2.323787, 1.927217, 1.055368, 0.512643, 0.610413, 0.931185, 1.603965, 1.883429, 1.845633, 1.766798, 1.685538, 1.606092, 1.517901, 1.408187, 1.294229, 1.203149, 1.120081, 1.036355, 0.9524, 0.871867, 0.796339, 0.73174, 0.681341, 0.649153, 0.632301, 0.628261, 0.626493, 0.624265, 0.622401, 0.619137, 0.627101, 0.660331]}