{"timestamps": [0.3624710000003688, 0.38260799999989104, 0.40274500000123226, 0.422883000001093, 0.44302000000061525, 0.4631570000001375, 0.4832939999996597, 0.5034320000013395, 0.5235690000008617, 0.5437060000003839, 0.5638429999999062, 0.5839809999997669, 0.6041180000011082, 0.6242550000006304, 0.6443920000001526, 0.6645300000000134, 0.6846670000013546, 0.7048040000008768, 0.7249410000003991, 0.7450790000002598, 0.7652159999997821, 0.7853530000011233, 0.8054910000009841, 0.8256280000005063, 0.8457650000000285, 0.8659020000013697, 0.8860400000012305, 0.9061770000007527, 0.9263135000001057, 0.9464504999996279, 0.9665885000013077, 0.9867255000008299, 1.0068625000003522, 1.0269994999998744, 1.0471374999997352, 1.0672745000010764, 1.0874115000005986, 1.1075485000001208, 1.1276864999999816, 1.1478235000013228, 1.167960500000845, 1.1880975000003673, 1.208235500000228, 1.2283724999997503, 1.2485095000010915, 1.2686465000006137, 1.2887845000004745, 1.3089214999999967, 1.329058500001338, 1.3491965000011987, 1.369333500000721], "x_swing_data": [-0.8022, -0.968556, -1.105685, -1.505934, -1.715175, -1.525506, -1.273542, -1.103675, -1.158035, -1.10966, -0.77762, -0.714363, -0.566152, -0.400188, -0.06327, 0.127914, 0.055089, -0.066545, -0.247944, -0.154517, 0.775758, 4.992321, 5.57161, 10.396914, 13.160965, 13.174675, 9.22071, 6.655681, 10.4449, 3.885904, 8.081397, 7.446993, 6.661084, 5.18955, 4.925246, 5.145028, 4.644994, 4.012195, 2.963101, 1.602549, 1.559746, 1.32178, 1.127382, 0.798851, 0.352426, 0.018636, -0.157983, -0.299875, -0.719957, -0.987439, -0.64058], "y_swing_data": [-0.303264, -0.428407, -0.5066, -0.462362, -0.646229, -1.038265, -1.349385, -1.364796, -1.42582, -1.388154, -1.23435, -1.208583, -1.063048, -1.248697, -0.80352, -0.566389, -0.547063, -0.492796, -0.68126, -0.870761, -0.740325, 0.232335, 0.575821, -2.564227, -5.200771, -4.090224, -1.149215, -9.796867, 7.884188, 1.395164, -2.00036, 1.541298, 1.00959, 2.118083, 0.833237, -0.147864, 0.328509, 0.980693, 2.346786, 2.382692, 1.352568, 0.23391, -0.101239, -0.034794, -0.064479, -0.022561, 0.157582, 0.102114, 0.24285, 0.641297, 0.761923], "z_swing_data": [-0.167642, -0.043414, -0.049959, -0.027542, 0.123312, 0.24682, 0.039449, 0.001606, 0.163321, 0.181857, -0.012509, 0.1037, 0.329958, 0.354909, 0.338593, 0.86518, 1.207125, 1.801648, 2.324455, 2.841051, 3.50239, 3.632456, 7.167311, 10.803255, 5.707867, 3.869236, 14.495874, 9.791632, 4.272145, 3.905742, 2.474779, -0.296996, -0.261661, -1.13594, -0.532607, 0.064663, -0.086141, -0.66974, -1.391831, -1.315866, -0.615421, -0.227956, 0.192754, 0.475903, 0.572585, 0.640051, 0.572379, 0.570701, 0.843863, 0.667696, 0.353704], "sin_pitch_values": [0.418167, 0.402569, 0.386133, 0.363769, 0.335218, 0.296266, 0.243436, 0.179067, 0.109785, 0.044341, -0.017203, -0.093101, -0.19222, -0.311799, -0.438822, -0.564004, -0.690222, -0.797271, -0.866223, -0.871448, -0.768301, -0.519651, -0.190108, 0.20062, 0.562189, 0.630319, 0.013063, -0.323105, -0.128541, 0.061661, 0.171484, 0.318636, 0.446201, 0.552845, 0.647234, 0.734157, 0.824637, 0.910217, 0.980589, 1.035723, 1.077994, 1.10607, 1.126353, 1.143762, 1.147556, 1.131178, 1.098761, 1.047574, 0.978466, 0.914042, 0.854716], "sin_roll_values": [-0.7889, -0.808161, -0.843164, -0.883911, -0.907485, -0.924079, -0.95665, -1.011692, -1.077433, -1.144138, -1.219653, -1.303414, -1.392276, -1.492364, -1.610653, -1.728338, -1.838632, -1.933912, -1.985817, -1.963181, -1.854082, -1.722461, -1.491296, -1.225422, -0.711242, 0.17256, 0.715883, 1.036873, 1.212421, 1.411609, 1.518832, 1.619676, 1.678315, 1.739706, 1.798417, 1.820184, 1.806947, 1.754743, 1.714272, 1.725816, 1.740493, 1.726, 1.667501, 1.563215, 1.412541, 1.224254, 1.023048, 0.811447, 0.626189, 0.506663, 0.417639], "sin_yaw_values": [-0.870387, -0.918875, -0.967754, -1.000339, -1.010952, -1.012426, -1.003535, -0.986043, -0.954196, -0.896943, -0.808656, -0.727695, -0.664936, -0.60956, -0.551932, -0.471439, -0.368958, -0.240573, -0.059453, 0.1948, 0.470612, 0.800952, 1.114956, 1.226945, 1.085254, 0.625323, 0.558885, 0.843973, 1.026638, 1.125409, 1.224043, 1.223619, 1.202276, 1.156333, 1.118473, 1.118155, 1.141141, 1.172826, 1.153967, 1.070889, 0.96857, 0.884628, 0.829669, 0.808967, 0.82845, 0.885296, 0.957776, 1.033366, 1.083734, 1.107232, 1.122825]}