{"timestamps": [0, 0.02013699999952223, 0.04027399999904446, 0.06041199999890523, 0.08054900000024645, 0.10068549999959941, 0.12082249999912165, 0.14095950000046287, 0.1610964999999851, 0.18123349999950733, 0.20137049999902956, 0.22150849999889033, 0.24164550000023155, 0.2617824999997538, 0.281919499999276, 0.30205650000061723, 0.32219350000013947, 0.3423304999996617, 0.36246749999918393, 0.38260450000052515, 0.4027425000003859, 0.42287949999990815, 0.4430164999994304, 0.4631534999989526, 0.48329050000029383, 0.5034274999998161, 0.5235644999993383, 0.5437015000006795, 0.5638395000005403, 0.5839765000000625, 0.6041134999995847, 0.624250499999107, 0.6443875000004482, 0.6645244999999704, 0.6846614999994927, 0.7047984999990149, 0.7249355000003561, 0.7450735000002169, 0.7652104999997391, 0.7853474999992613, 0.8054845000006026, 0.8256215000001248, 0.845758499999647, 0.8658954999991693, 0.8860325000005105, 0.9061695000000327, 0.9263074999998935, 0.9464444999994157, 0.9665814999989379, 0.9867185000002792], "x_swing_data": [-0.458764, -1.223673, -2.488698, -0.83521, -1.589096, -1.253221, -0.845966, -0.622747, -0.333781, -0.099057, 0.149863, 0.289611, 0.138754, 0.014348, -0.081877, -0.708092, -0.884245, -0.176996, 0.980346, 5.691291, 7.648097, 10.101583, 12.860552, 13.173771, 14.469821, 8.211249, 4.529344, 8.287877, 8.711702, 8.856059, 7.323426, 6.165339, 4.833896, 4.529051, 3.915643, 3.129024, 2.637072, 1.941488, 1.077922, 0.605338, 0.088581, -0.150369, -0.185929, -0.144934, -0.202727, -0.349167, -0.583092, -0.713237, -0.643867, -0.61992], "y_swing_data": [-0.726752, -1.292931, -1.727639, -1.249672, -1.452161, -1.506005, -1.611752, -1.504088, -1.472678, -1.259991, -0.936235, -0.80562, -0.731188, -0.782181, -0.209042, 0.452251, -0.779827, -1.389795, -1.273031, -0.248379, -0.62537, -1.924164, -1.995016, 1.614858, 6.008677, -7.283552, 3.015995, 3.12534, 2.008708, 2.432935, 0.757291, 1.518023, 1.777547, 1.192135, 0.74193, 0.703392, 0.870339, 1.222275, 0.838638, 0.454022, 0.265421, 0.104808, -0.023371, 0.145514, 0.428529, -0.114219, -0.194972, 0.344472, 0.077097, -0.935109], "z_swing_data": [0.06964, -0.007792, 0.126301, -0.043374, 0.198816, 0.344541, 0.324935, 0.480617, 0.546006, 0.744024, 0.702883, 0.830167, 1.130071, 1.34683, 1.822676, 2.577644, 3.261339, 3.08949, 3.098089, 3.265424, 7.084455, 7.867364, 7.019753, 4.400998, 11.800168, 9.68514, 7.382379, 2.237886, 3.074284, 0.110961, -0.085855, -0.939937, -0.615821, 0.335964, 0.045284, -0.829444, -1.198508, -0.898927, -0.389074, -0.031789, 0.204341, 0.155078, 0.034697, -0.165274, 0.033548, 0.097925, -0.018752, -0.030738, -0.052875, 0.332206], "sin_pitch_values": [0.496073, 0.466257, 0.419891, 0.373418, 0.310494, 0.229573, 0.134827, 0.03376, -0.075854, -0.195002, -0.328446, -0.470749, -0.612659, -0.768367, -0.926075, -1.023231, -1.059595, -1.015609, -0.888066, -0.594858, -0.170832, 0.312046, 0.813187, 0.791359, 0.090189, -0.223941, -0.191441, -0.057233, 0.071299, 0.209457, 0.334525, 0.447057, 0.539357, 0.620376, 0.69309, 0.753083, 0.795583, 0.830791, 0.863939, 0.897688, 0.927952, 0.959578, 0.990377, 1.02145, 1.06421, 1.084896, 1.074151, 1.054923, 1.024884, 0.983495], "sin_roll_values": [-1.03794, -1.097284, -1.112008, -1.165644, -1.206497, -1.24772, -1.300411, -1.357956, -1.422086, -1.484236, -1.557655, -1.666378, -1.785237, -1.885897, -1.955207, -1.944372, -1.807866, -1.641698, -1.51942, -1.473388, -1.379393, -1.116959, -0.537873, 0.583317, 0.92269, 1.177691, 1.590745, 1.865671, 2.015167, 2.148629, 2.228687, 2.268066, 2.312643, 2.346993, 2.369418, 2.39038, 2.409137, 2.418423, 2.399453, 2.343314, 2.260848, 2.158071, 2.037121, 1.913682, 1.7536, 1.528319, 1.287013, 1.086889, 0.905736, 0.744429], "sin_yaw_values": [0.287319, 0.25816, 0.252895, 0.25918, 0.276676, 0.292508, 0.319344, 0.360405, 0.429493, 0.517071, 0.583961, 0.619965, 0.675379, 0.776527, 0.905339, 1.119307, 1.445152, 1.804347, 2.11507, 2.367049, 2.522672, 2.540299, 2.215597, 1.399842, 1.446257, 1.685679, 1.910429, 2.042063, 2.117146, 2.068913, 2.02967, 1.987879, 1.923301, 1.856036, 1.801216, 1.740821, 1.650979, 1.537661, 1.4377, 1.363636, 1.310667, 1.280735, 1.281364, 1.283921, 1.315668, 1.420658, 1.574252, 1.688795, 1.782951, 1.860473]}