{"timestamps": [1.3693317500001285, 1.3894687499996508, 1.409605750000992, 1.4297427500005142, 1.449880750000375, 1.4700177499998972, 1.4901547500012384, 1.5102917500007607, 1.5304297500006214, 1.55056712500118, 1.5707041250007023, 1.5908411250002246, 1.6109791250000853, 1.6311161249996076, 1.6512531250009488, 1.671390125000471, 1.6915271249999932, 1.711665124999854, 1.7318021250011952, 1.7519391250007175, 1.7720761250002397, 1.7922141250001005, 1.8123511249996227, 1.832488125000964, 1.8526251250004862, 1.8727621250000084, 1.8929001249998691, 1.9130371250012104, 1.9331741250007326, 1.9533111250002548, 1.973448124999777, 1.9935861249996378, 2.013723125000979, 2.0338601250005013, 2.0539971250000235, 2.0741351249998843, 2.0942721250012255, 2.1144091250007477, 2.13454612500027, 2.154683124999792, 2.174821124999653, 2.194958125000994, 2.2150951250005164, 2.2352321250000386, 2.2553701249998994, 2.2755071250012406, 2.295644125000763, 2.315781125000285, 2.3359181249998073, 2.356056124999668, 2.3761931250010093], "x_swing_data": [0.559623, 0.363876, 0.143274, 0.073848, 0.019556, -0.065357, -0.354836, -0.544359, -0.624292, -0.772996, -0.933003, -1.081391, -1.192643, -0.871081, -0.487578, -0.398778, -0.320871, -0.196471, -0.000651, -0.213326, -0.308981, 0.301729, 8.17074, 9.194687, 16.884251, 17.692719, 0.945602, 1.809051, 6.972254, 9.954106, 5.483231, 4.153873, 4.550495, 3.82339, 3.704742, 3.308753, 3.324249, 3.451937, 3.138199, 2.99367, 2.696938, 2.185778, 1.373235, 0.839581, 0.462793, 0.298301, 0.117386, -0.003368, -0.111701, -0.124538, -0.090558], "y_swing_data": [-0.627016, -0.690438, -0.803037, -0.900073, -1.073333, -1.034368, -0.90186, -1.246872, -1.232593, -0.997348, -0.871511, -0.816348, -1.137814, -1.510435, -1.444613, -1.339646, -1.13669, -0.815026, -0.364603, 1.369375, 1.558208, 0.446725, 0.971896, 5.961699, -2.434622, -15.287978, -13.721785, -4.362568, 20.665766, -3.462538, 11.787132, 5.030208, 3.948872, 2.588597, 2.002326, 1.276357, 0.246375, -0.146705, -0.232316, -0.137024, 0.353248, 0.978624, 1.075117, 0.962613, 0.72977, 0.544076, 0.424969, 0.497969, 0.536039, 0.477961, 0.535303], "z_swing_data": [0.316534, 0.184354, 0.227531, 0.169692, 0.140459, 0.053667, 0.011936, 0.241134, 0.336402, 0.379381, 0.370781, 0.571111, 0.460004, 0.224849, 0.277799, 0.459621, 0.618218, 0.919262, 1.906735, 3.870072, 4.095989, 4.926081, 5.021417, 2.550867, 5.189048, -3.056599, 9.222353, 21.780104, 16.941824, 12.943609, 2.885085, 0.007687, -0.320728, -0.263321, -0.175124, 0.144998, 0.113174, -0.445523, -0.942252, -1.050812, -1.191617, -1.207199, -1.120538, -0.82937, -0.485316, -0.252296, -0.259596, -0.329988, -0.222328, -0.102332, -0.201756], "sin_pitch_values": [0.29744, 0.273024, 0.247627, 0.220328, 0.194866, 0.173285, 0.150079, 0.118287, 0.081247, 0.039634, -0.00971, -0.074259, -0.151947, -0.254349, -0.383709, -0.53619, -0.710837, -0.907955, -1.123396, -1.273633, -1.312164, -1.202674, -0.841645, -0.354259, 0.175051, 0.402239, -0.13499, -0.564101, -1.009725, -0.910695, -0.709697, -0.528615, -0.352252, -0.177253, -0.008112, 0.137893, 0.245586, 0.328678, 0.413441, 0.506748, 0.602073, 0.695174, 0.779243, 0.854006, 0.923906, 0.997968, 1.066122, 1.120136, 1.167799, 1.212174, 1.252622], "sin_roll_values": [-1.187493, -1.226878, -1.264546, -1.299855, -1.329934, -1.359052, -1.388062, -1.425988, -1.469714, -1.518484, -1.573169, -1.619467, -1.650939, -1.681848, -1.729352, -1.792916, -1.86824, -1.904683, -1.774126, -1.528624, -1.180457, -1.131535, -1.238543, -1.293892, -1.367863, -0.583935, -0.176133, 0.215209, 0.904199, 1.275729, 1.484274, 1.532269, 1.548559, 1.599121, 1.693636, 1.812783, 1.923563, 2.012306, 2.083048, 2.122621, 2.126522, 2.111484, 2.098584, 2.094236, 2.089349, 2.077696, 2.067161, 2.079838, 2.097031, 2.096625, 2.104582], "sin_yaw_values": [-2.572809, -2.573608, -2.57426, -2.57742, -2.589388, -2.597709, -2.593064, -2.581421, -2.564115, -2.532762, -2.476753, -2.407762, -2.333205, -2.246499, -2.152681, -2.059601, -1.951238, -1.771949, -1.419578, -0.950688, -0.382057, -0.082134, 0.075624, 0.179728, -0.122982, -1.031863, -1.690323, -1.662807, -1.189254, -0.684274, -0.443237, -0.444368, -0.50855, -0.590491, -0.6927, -0.809663, -0.91013, -0.980023, -1.021822, -1.036943, -1.041268, -1.061438, -1.100792, -1.158716, -1.22495, -1.289971, -1.355906, -1.439941, -1.523619, -1.593394, -1.675465]}