{"timestamps": [0.14095799999995506, 0.1610949999994773, 0.18123199999899953, 0.20136899999852176, 0.221505999998044, 0.24164299999756622, 0.26177999999708845, 0.28191687499929685, 0.30205287499848055, 0.3221898749980028, 0.342326874997525, 0.36246387499704724, 0.3826008749965695, 0.4027378749997297, 0.4228748749992519, 0.44301187499877415, 0.4631488749982964, 0.4832858749978186, 0.5034218749970023, 0.5235588749965245, 0.5436958749996847, 0.563832874999207, 0.5839698749987292, 0.6041068749982514, 0.6242438749977737, 0.6443808749972959, 0.6645178749968181, 0.6846548749999783, 0.704790874999162, 0.7249278749986843, 0.7450648749982065, 0.7652018749977287, 0.785338874997251, 0.8054758749967732, 0.8256128749999334, 0.8457498749994556, 0.8658868749989779, 0.8860238749985001, 0.9061598749976838, 0.926296874997206, 0.9464338749967283, 0.9665708749998885, 0.9867078749994107, 1.006844874998933, 1.0269818749984552, 1.0471188749979774, 1.0672558749974996, 1.0873928749970219, 1.1075288749998435, 1.1276658749993658, 1.147802874998888], "x_swing_data": [0.675065, 0.606116, 0.613454, 0.619327, 0.577395, 0.60627, 0.604448, 0.530535, 0.568122, 0.657427, 0.626246, 0.602061, 0.508966, 0.346303, 0.240143, 0.103977, 0.087599, 0.03292, 0.038568, 0.114582, 3.699533, 9.396468, 14.470441, 15.326399, 16.893412, 17.889757, 11.372797, 9.107013, 10.255853, 7.178523, 5.915748, 5.876769, 5.514391, 4.444372, 4.482389, 3.737388, 3.001553, 2.477404, 1.928905, 1.478489, 1.176773, 0.960848, 0.819877, 0.764464, 0.827549, 0.912973, 1.044374, 0.965316, 0.978164, 1.177064, 1.260088], "y_swing_data": [-1.069751, -1.145791, -1.179223, -1.214131, -1.190367, -1.149918, -1.195665, -1.086393, -1.079269, -1.037859, -1.035398, -1.020461, -1.137213, -0.996311, -1.05161, -1.100035, -1.116424, -0.523327, 1.376738, 4.330192, 3.881424, 0.832494, -2.124748, -9.170909, -6.174948, 0.721072, -5.199053, -0.613054, -2.924421, -1.415276, 1.169247, 0.349217, 1.193868, 0.93573, -1.037422, -1.152392, 0.118965, 1.156559, 1.300257, 1.49684, 1.235216, 1.133173, 0.740431, 0.578588, 0.482965, 0.349135, -0.364939, -0.6738, -0.56854, -0.729095, -1.086493], "z_swing_data": [-0.421471, -0.309334, -0.255949, -0.106445, -0.034886, 0.122016, 0.405329, 0.529211, 0.471023, 0.180686, -0.001427, 0.08279, -0.01123, -0.105434, 0.191352, 0.896212, 2.065623, 3.460956, 4.498312, 5.565953, 6.592953, 8.372715, 6.723195, 6.594398, 5.491813, 7.179226, 10.71951, -0.878336, -0.047413, -0.774684, -1.975573, -2.465028, -3.117157, -2.876328, -2.142308, -2.331763, -2.416139, -2.378824, -2.160262, -1.557364, -0.787777, -0.113905, 0.19928, 0.393682, 0.543422, 0.464035, 0.357766, 0.392596, 0.488585, 0.594825, 0.671605], "sin_pitch_values": [0.329537, 0.321576, 0.31608, 0.305251, 0.286514, 0.255739, 0.214859, 0.166542, 0.106264, 0.027635, -0.066178, -0.157247, -0.244013, -0.344403, -0.496243, -0.720558, -0.963185, -1.104787, -1.138137, -1.111721, -0.926283, -0.509135, -0.058986, 0.129394, -0.067547, -0.599232, -0.649591, -0.353494, -0.055997, 0.173638, 0.358796, 0.50398, 0.671294, 0.843138, 0.960238, 1.051393, 1.137242, 1.221443, 1.294123, 1.345578, 1.348966, 1.291067, 1.188333, 1.073352, 0.972159, 0.892543, 0.823674, 0.752713, 0.681917, 0.60977, 0.529027], "sin_roll_values": [-0.835348, -0.96662, -1.098181, -1.227979, -1.354172, -1.47627, -1.595153, -1.711547, -1.825894, -1.940269, -2.055813, -2.177446, -2.308625, -2.447996, -2.590756, -2.743843, -2.946509, 3.07156, 3.003209, -2.799924, -2.144222, -1.732761, -1.317457, -0.698379, -0.049812, 0.398947, 0.870692, 1.113776, 1.208619, 1.247205, 1.267316, 1.253445, 1.29913, 1.489541, 1.696463, 1.788104, 1.79325, 1.75549, 1.656924, 1.447179, 1.078098, 0.742936, 0.56365, 0.496915, 0.489392, 0.506292, 0.52565, 0.540186, 0.545528, 0.533998, 0.502567], "sin_yaw_values": [-0.468708, -0.487299, -0.489554, -0.476894, -0.451646, -0.427859, -0.404375, -0.373373, -0.323919, -0.251012, -0.167739, -0.103742, -0.051262, 0.014616, 0.108785, 0.21247, 0.260916, 0.241433, 0.422411, 1.104202, 1.859066, 2.253753, 2.284125, 1.974709, 1.723074, 1.810209, 2.253036, 2.455751, 2.579567, 2.693084, 2.744958, 2.763, 2.640583, 2.364307, 2.09183, 1.961343, 1.929379, 1.944138, 2.011708, 2.175859, 2.482417, 2.739692, 2.833044, 2.808322, 2.714423, 2.58413, 2.441183, 2.294204, 2.147373, 2.009322, 1.883641]}