{"timestamps": [0.34232799999881536, 0.36246500000197557, 0.3826020000014978, 0.40273900000102003, 0.42287600000054226, 0.4430130000000645, 0.4631499999995867, 0.48328699999910896, 0.5034239999986312, 0.5235610000017914, 0.5436980000013136, 0.5638350000008359, 0.5839720000003581, 0.6041089999998803, 0.6242459999994026, 0.6443820000022242, 0.6645190000017465, 0.6846580000019458, 0.704795000001468, 0.7249320000009902, 0.7450690000005125, 0.7652060000000347, 0.7853429999995569, 0.8054799999990792, 0.8256170000022394, 0.8457540000017616, 0.8658910000012838, 0.8860280000008061, 0.9061650000003283, 0.9263019999998505, 0.9464389999993728, 0.9665750000021944, 0.9867120000017167, 1.006849000001239, 1.0269860000007611, 1.0471230000002834, 1.0672599999998056, 1.0873969999993278, 1.10753399999885, 1.1276710000020103, 1.1478080000015325, 1.1679450000010547, 1.188082000000577, 1.2082190000000992, 1.2283559999996214, 1.2484929999991436, 1.2686299999986659, 1.2887660000014876, 1.3089030000010098, 1.329040000000532, 1.3491770000000542], "x_swing_data": [0.257508, 0.198379, 0.141456, 0.06219, 0.022986, 0.139259, 0.272743, 0.373885, 0.398699, 0.524477, 0.612688, 0.711269, 0.796949, 0.67433, 0.64275, 0.386074, 0.177965, 0.298389, 0.529441, 0.422402, -0.27282, 2.666643, 11.770505, 16.230949, 19.999989, 24.016464, 20.563309, 14.343583, 6.820896, 11.733327, 7.413084, 8.81424, 7.510846, 6.97183, 6.505847, 5.074962, 4.40408, 3.560531, 2.480445, 1.620148, 1.133785, 0.8309, 0.895964, 1.059406, 1.129959, 1.314317, 1.496339, 1.493801, 1.549895, 1.615551, 1.712352], "y_swing_data": [-1.165828, -1.259135, -1.351339, -1.527243, -1.43772, -1.317803, -1.285486, -1.245228, -1.036273, -1.167041, -1.051148, -1.255996, -1.541067, -1.592477, -1.314082, -1.178319, -0.988046, -1.194508, -1.388492, -0.466529, 2.517385, 3.538527, 0.496051, -4.542877, -8.56312, -6.656541, -6.701033, 7.760667, -7.89812, -1.022824, -0.612793, 0.207664, 0.545432, -0.752245, -2.183504, -1.752442, -1.0288, -0.156313, 0.921372, 0.69756, 0.721543, 0.736279, 0.776624, 0.882633, 0.661112, -0.140678, -0.86174, -0.736907, -0.489819, -0.52764, -0.813074], "z_swing_data": [-0.421219, -0.517368, -0.616475, -0.473496, -0.386953, -0.192637, 0.040735, 0.186494, 0.115818, -0.078547, 0.041509, 0.217476, 0.126783, -0.224927, -0.402561, -0.352281, 0.149326, 1.194701, 3.145644, 4.982678, 6.658966, 7.427476, 10.074523, 6.989376, 8.87731, 10.140616, 10.198269, 10.39022, -1.403203, 2.278197, -0.274946, -0.885327, -1.60925, -1.638755, -2.00074, -3.113488, -3.654006, -3.628642, -2.993253, -1.929228, -0.815388, 0.112659, 0.602228, 0.384747, 0.214133, 0.47149, 0.82483, 0.733251, 0.631639, 0.827362, 1.120521], "sin_pitch_values": [0.443459, 0.446604, 0.415537, 0.370176, 0.33866, 0.315727, 0.294018, 0.271397, 0.24196, 0.197616, 0.135346, 0.053906, -0.039292, -0.136479, -0.236069, -0.349938, -0.498105, -0.693868, -0.89272, -1.001012, -1.01732, -0.944775, -0.590021, -0.060125, 0.21521, 0.07574, -0.501501, -0.523544, -0.226921, 0.079478, 0.300348, 0.498503, 0.693791, 0.83362, 0.897299, 0.942094, 1.01477, 1.088349, 1.13737, 1.184929, 1.272406, 1.423233, 1.484976, 1.314978, 1.201499, 1.126153, 1.044281, 0.966106, 0.919362, 0.892073, 0.854764], "sin_roll_values": [-0.508848, -0.559551, -0.682507, -0.836387, -0.972186, -1.101462, -1.224938, -1.345946, -1.468313, -1.5904, -1.713335, -1.835953, -1.958145, -2.086898, -2.232375, -2.393006, -2.567398, -2.760604, -2.988246, 3.10613, -3.016811, -2.365988, -1.839006, -1.406482, -0.712085, 0.007192, 0.468506, 0.863398, 1.065981, 1.157086, 1.248514, 1.332012, 1.480187, 1.778757, 2.080085, 2.314228, 2.492963, 2.656933, 2.842595, 2.975991, 3.017941, 2.876757, 0.773882, 0.359871, 0.341931, 0.361385, 0.360789, 0.348078, 0.33287, 0.310665, 0.27558], "sin_yaw_values": [-1.830523, -1.916507, -1.963426, -1.994052, -2.025334, -2.041775, -2.042331, -2.016701, -1.964552, -1.89072, -1.801099, -1.705621, -1.627736, -1.56073, -1.489635, -1.407884, -1.308521, -1.207525, -1.144171, -1.039924, -0.615391, 0.198753, 0.787292, 0.878224, 0.601371, 0.314954, 0.36176, 0.805338, 1.005913, 1.128983, 1.218414, 1.207573, 1.041697, 0.711828, 0.398249, 0.168309, -0.00401, -0.172658, -0.375979, -0.542092, -0.628469, -0.535859, 1.508471, 1.850167, 1.781597, 1.661604, 1.549573, 1.436093, 1.305715, 1.162269, 1.016807]}