{"timestamps": [0.7047904583341733, 0.7249274583336955, 0.7450644583332178, 0.76520145833274, 0.7853374583319237, 0.8054744583350839, 0.8256114583346061, 0.8457484583341284, 0.8658854583336506, 0.8860224583331728, 0.9061594583326951, 0.9262954583318788, 0.946432458335039, 0.9665694583345612, 0.9867064583340834, 1.0068434583336057, 1.026980458333128, 1.0471174583326501, 1.0672534583318338, 1.087390458334994, 1.1075274583345163, 1.1276644583340385, 1.1478014583335607, 1.167938458333083, 1.1880754583326052, 1.208211458331789, 1.228348458334949, 1.2484854583344713, 1.2686224583339936, 1.2887594583335158, 1.308896458333038, 1.3290324583322217, 1.349169458335382, 1.3693064583349042, 1.3894434583344264, 1.4095804583339486, 1.4297174583334709, 1.449854458332993, 1.469990333334863, 1.4901273333343852, 1.5102643333339074, 1.5304013333334296, 1.5505383333329519, 1.570675333332474, 1.5908123333319963, 1.610948333334818, 1.6310853333343402, 1.6512223333338625, 1.6713593333333847, 1.691496333332907, 1.7116333333324292], "x_swing_data": [0.47972, 0.383952, 0.556879, 0.692269, 0.707752, 0.687835, 0.745079, 0.848636, 0.759754, 0.6947, 0.631617, 0.676754, 0.704745, 0.651462, 0.785712, 1.050962, 1.164093, 1.227136, 1.440747, 0.626858, 1.373296, 7.819836, 12.42721, 15.061115, 16.931522, 21.784306, 11.095365, 6.686064, 7.267056, 5.539639, 4.76691, 6.845572, 5.568828, 4.1151, 3.83361, 3.488197, 2.489873, 1.573586, 1.477145, 1.424795, 1.096905, 0.837313, 0.863742, 0.739325, 0.696174, 0.718012, 0.599116, 0.593894, 0.6625, 0.524021, 0.496684], "y_swing_data": [-1.576166, -1.437621, -1.115703, -1.297235, -1.49077, -1.298853, -1.250602, -1.484046, -1.445572, -1.079205, -0.78914, -0.743958, -0.889912, -0.7258, -0.803402, -1.122654, -1.639552, -1.851059, -1.369131, 2.800253, 5.299189, 1.636056, -1.125715, -6.086755, -7.539007, 0.501125, -10.361422, 8.47874, -5.094609, -0.101181, -1.05984, -0.630175, 1.001885, -0.257555, -1.564369, -1.470344, 0.009857, 0.05931, -0.103755, 0.210061, 0.536994, 0.859966, 0.730705, 0.603062, 0.447614, 0.208808, 0.357948, 0.219781, -0.005899, -0.155445, -0.097179], "z_swing_data": [-0.777352, -0.802769, -0.758968, -0.582021, -0.337645, -0.317009, -0.290294, -0.063756, 0.188317, -0.070802, -0.191153, -0.072771, 0.117559, -0.14649, -0.039358, 0.475558, 1.529539, 2.752759, 4.274906, 6.43362, 7.712042, 8.077148, 8.710132, 5.389492, 6.502361, 6.818149, 13.441162, -3.30971, 1.198948, 0.152898, -1.377944, -2.544668, -3.012887, -2.290607, -1.933113, -2.75285, -3.288954, -2.438024, -2.235637, -1.897297, -1.478964, -0.89191, -0.5772, -0.271026, -0.18828, -0.003424, 0.168101, 0.235011, 0.316477, 0.455895, 0.532554], "sin_pitch_values": [-0.075628, -0.097857, -0.107487, -0.114993, -0.128575, -0.146391, -0.167383, -0.192679, -0.215267, -0.238441, -0.269154, -0.301531, -0.334969, -0.387724, -0.478686, -0.61063, -0.749246, -0.889924, -1.021947, -1.072434, -0.983018, -0.699521, -0.226493, 0.205708, 0.23668, -0.075194, -0.539764, -0.324229, -0.106008, 0.110715, 0.277541, 0.442658, 0.624729, 0.772211, 0.851935, 0.908301, 0.951155, 0.985929, 1.034623, 1.100686, 1.177025, 1.246108, 1.296808, 1.315462, 1.298978, 1.254079, 1.196786, 1.139028, 1.090775, 1.055742, 1.032773], "sin_roll_values": [-0.799049, -0.909733, -1.022414, -1.135957, -1.24689, -1.354547, -1.459809, -1.571671, -1.688658, -1.807383, -1.927229, -2.053272, -2.18172, -2.308708, -2.431924, -2.560704, -2.720877, -2.921643, -3.107547, -3.013624, -2.490158, -1.927139, -1.575146, -1.04149, -0.283282, 0.283881, 0.589214, 0.873652, 1.029096, 1.122383, 1.241463, 1.310701, 1.391263, 1.58567, 1.783519, 1.915981, 2.064943, 2.195916, 2.267283, 2.27669, 2.220462, 2.097645, 1.870509, 1.536471, 1.214226, 0.975265, 0.834254, 0.758424, 0.72112, 0.71949, 0.736759], "sin_yaw_values": [2.964544, 2.906434, 2.870742, 2.854284, 2.840616, 2.83723, 2.842534, 2.834064, 2.817541, 2.826926, 2.866208, 2.915531, 2.967953, 3.047627, -3.117538, -2.979833, -2.860661, -2.772383, -2.666728, -2.300181, -1.603009, -0.955082, -0.715956, -0.846064, -1.219476, -1.397547, -1.115032, -0.888462, -0.758385, -0.679989, -0.642252, -0.658214, -0.806574, -1.075574, -1.311846, -1.472042, -1.655448, -1.814912, -1.905506, -1.92963, -1.88847, -1.788325, -1.590021, -1.28837, -1.001797, -0.803726, -0.709657, -0.690507, -0.721184, -0.799799, -0.90846]}