{"timestamps": [0.7048089999989315, 0.7249469999987923, 0.7450839999983145, 0.765221499999825, 0.7853594999996858, 0.805496499999208, 0.8256344999990688, 0.845771499998591, 0.8659084999999322, 0.886046499999793, 0.9061834999993152, 0.926321499999176, 0.9464584999986982, 0.9665954999982205, 0.9867334999999002, 1.0068704999994225, 1.0270084999992832, 1.0471454999988055, 1.0672824999983277, 1.0874205000000075, 1.1075574999995297, 1.1276954999993904, 1.1478324999989127, 1.167969499998435, 1.1881074999982957, 1.208244499999637, 1.2283824999994977, 1.24851949999902, 1.2686564999985421, 1.288794499998403, 1.3089314999997441, 1.3290694999996049, 1.3492064999991271, 1.3693434999986493, 1.3894814999985101, 1.4096184999998513, 1.429756499999712, 1.4498934999992343, 1.4700304999987566, 1.4901684999986173, 1.5103054999999586, 1.5304434999998193, 1.5505804999993416, 1.5707174999988638, 1.5908554999987246, 1.6109924999982468, 1.6311304999999265, 1.6512674999994488, 1.671404499998971, 1.6915424999988318, 1.711679499998354], "x_swing_data": [-0.214437, -0.208867, -0.195797, -0.24105, -0.282701, -0.291665, -0.333145, -0.190226, -0.265278, -0.216794, 0.056386, 0.229631, 0.192184, 0.082019, 0.072356, -0.049298, -0.128347, -0.187705, -0.298389, -0.401102, -0.590536, -0.632712, -0.370505, 0.634784, 2.619223, 13.010139, 5.038029, 5.086982, 6.668088, 3.522549, 6.885579, 3.67651, 6.159062, 3.839353, 3.078726, 2.706569, 1.718949, 2.400924, 2.267935, 1.572124, 0.980347, 0.84094, 0.898895, 0.720454, 0.625522, 0.751304, 0.756919, 0.528152, 0.415588, 0.372103, 0.354756], "y_swing_data": [-0.08289, -0.11333, -0.108997, -0.053828, 0.136081, -0.016552, -0.105848, -0.207763, 0.033115, -0.062709, -0.54348, -0.649518, -0.730395, -0.812668, -0.881429, -0.982767, -1.078182, -1.254202, -1.54694, -1.895242, -1.941632, -1.615797, -1.086392, -1.21692, -1.088584, -3.485674, -6.072147, -3.184247, -2.249324, -5.748187, 5.306653, 1.529894, -1.548188, 3.297984, 1.948934, 1.749135, 1.125856, 0.059773, 0.986522, 1.89872, 1.272383, 0.826442, 1.049197, 0.920133, 0.651551, 0.59175, 0.52792, 0.360298, 0.222749, 0.080448, 0.058719], "z_swing_data": [0.008644, -0.093274, -0.040074, -0.024994, -0.26883, -0.120542, -0.200598, -0.4513, -0.538543, -0.638838, -0.544439, -0.533336, -0.403463, -0.174797, 0.053294, 0.466922, 0.85333, 1.295957, 1.818502, 2.453531, 3.231496, 3.67344, 3.836114, 4.080503, 5.030835, 6.109893, -0.165504, 0.68998, 4.700683, 7.974034, 3.217803, -1.037591, 0.946529, -1.352492, -1.958704, -1.744789, -1.348812, -0.872164, -1.413178, -1.48281, -1.719881, -1.620033, -1.350521, -0.805277, -0.390362, -0.120448, 0.191848, 0.429918, 0.636894, 0.736425, 0.795443], "sin_pitch_values": [-0.070344, -0.081361, -0.094658, -0.103313, -0.107212, -0.1054, -0.094866, -0.074424, -0.042688, -0.011821, 0.01139, 0.022573, 0.011564, -0.029729, -0.097802, -0.186126, -0.306883, -0.465915, -0.639533, -0.796871, -0.92172, -0.999667, -0.953255, -0.734352, -0.384881, -0.078819, 0.138993, 0.19053, -0.127338, -0.775482, -0.83136, -0.6968, -0.570485, -0.393637, -0.236617, -0.108469, -0.004195, 0.058158, 0.106367, 0.170743, 0.221251, 0.246518, 0.252037, 0.236432, 0.204986, 0.174451, 0.154001, 0.144368, 0.142944, 0.148514, 0.158271], "sin_roll_values": [-1.226605, -1.247473, -1.275058, -1.30419, -1.334361, -1.371588, -1.419803, -1.484489, -1.560349, -1.646816, -1.755734, -1.889198, -2.040659, -2.199897, -2.362346, -2.525686, -2.683907, -2.831338, -2.960826, -3.048384, -3.024861, -2.769672, -2.24766, -1.630924, -1.149141, -0.920323, -0.603621, -0.288174, -0.060121, 0.053878, 0.438373, 0.785044, 0.928855, 1.036458, 1.094659, 1.138278, 1.205871, 1.251629, 1.280961, 1.323185, 1.361032, 1.376442, 1.376475, 1.356417, 1.319512, 1.276078, 1.234493, 1.198317, 1.165135, 1.13057, 1.088997], "sin_yaw_values": [-1.979066, -2.003491, -2.045099, -2.080629, -2.099839, -2.121412, -2.157886, -2.182485, -2.17446, -2.12535, -2.052891, -1.960992, -1.84882, -1.724903, -1.60072, -1.477802, -1.347158, -1.212727, -1.082008, -0.935934, -0.711101, -0.307638, 0.24986, 0.740638, 0.958516, 0.995939, 0.893582, 0.651369, 0.4139, 0.373008, 0.774784, 1.069974, 1.20856, 1.273776, 1.262309, 1.2256, 1.204874, 1.200741, 1.181979, 1.130403, 1.086073, 1.069727, 1.071018, 1.091622, 1.125159, 1.153716, 1.159416, 1.141995, 1.113671, 1.077013, 1.038455]}