{"timestamps": [0.9061831250000978, 0.9263211249999586, 0.9464581250012998, 0.9665961250011605, 0.9867331250006828, 1.006870125000205, 1.0270081250000658, 1.047145125001407, 1.0672831250012678, 1.08742012500079, 1.1075581250006508, 1.127695125000173, 1.1478321249996952, 1.167970125001375, 1.1881071250008972, 1.208245125000758, 1.2283821250002802, 1.248520125000141, 1.2686571249996632, 1.2887941250010044, 1.3089321250008652, 1.3290691250003874, 1.3492071250002482, 1.3693441249997704, 1.3894821250014502, 1.4096201666670822, 1.4297571666666045, 1.4498951666664652, 1.4700321666678065, 1.4901701666676672, 1.5103071666671894, 1.5304441666667117, 1.5505821666665724, 1.5707191666679137, 1.5908571666677744, 1.6109941666672967, 1.6311321666671574, 1.6512691666666797, 1.6714061666680209, 1.6915441666678817, 1.7116811666674039, 1.7318191666672647, 1.7519561666667869, 1.7720931666663091, 1.7922311666679889, 1.812368166667511, 1.8325061666673719, 1.852643166666894, 1.8727811666667549, 1.892918166668096, 1.9130551666676183], "x_swing_data": [-0.165169, -0.247941, -0.341172, -0.386787, -0.375653, -0.527848, -0.54726, -0.541461, -0.490698, -0.225396, -0.207552, -0.173578, -0.056859, 0.014279, 0.23456, 0.17956, 0.036721, 0.039448, 0.05022, -0.038707, -0.031568, -0.014556, 0.345633, 0.891881, 2.208871, 12.450753, 6.071385, 5.667526, 6.307545, 3.154296, 5.727911, 5.463273, 5.226326, 4.154067, 4.337902, 2.872322, 2.555069, 2.452893, 2.253669, 2.249305, 1.491673, 1.36112, 0.96536, 0.528659, 0.386969, 0.471205, 0.570227, 0.389784, 0.210191, 0.239422, 0.269361], "y_swing_data": [-0.267592, -0.407954, -0.193409, 0.124243, -0.037265, -0.269065, -0.020158, 0.136057, -0.191713, -0.455165, -0.671946, -0.684708, -0.770499, -1.053888, -1.09878, -1.117814, -1.262224, -1.440333, -1.665263, -1.828341, -2.071277, -2.012357, -1.364346, -0.898927, -0.728985, -1.763211, -6.353366, -4.651338, -2.169437, -3.523047, -3.305434, 8.695356, -1.069479, 0.707809, 0.945813, 1.880383, 1.292175, 0.797744, 0.776969, 1.022065, 1.653247, 1.789646, 1.041747, 0.796908, 0.852015, 0.555125, 0.241192, 0.069191, -0.037856, -0.062862, -0.073857], "z_swing_data": [-0.05535, 0.048582, 0.052743, 0.013055, -0.020016, -0.015116, -0.243272, -0.416891, -0.49181, -0.58208, -0.485323, -0.477051, -0.40522, -0.246329, 0.027042, 0.3315, 0.597691, 0.912499, 1.398334, 2.089768, 2.727488, 3.572991, 3.901969, 3.910442, 4.935689, 5.155755, 1.275611, -0.051496, 2.888857, 4.666948, 6.230805, -1.846737, 0.431852, -0.842201, -1.50165, -1.977, -1.472568, -1.060285, -1.543486, -2.403583, -2.337749, -1.807055, -1.324066, -0.582804, -0.221044, 0.160293, 0.476795, 0.695179, 0.823859, 0.893483, 0.872572], "sin_pitch_values": [-0.210924, -0.231927, -0.248683, -0.25851, -0.2643, -0.256756, -0.236781, -0.207313, -0.170706, -0.13317, -0.098758, -0.078817, -0.086296, -0.129829, -0.207645, -0.308971, -0.423966, -0.562449, -0.717795, -0.866507, -0.99118, -1.032372, -0.915711, -0.659553, -0.296544, 0.027946, 0.246961, 0.352304, 0.230032, -0.273531, -0.682364, -0.508461, -0.319388, -0.154962, -0.028663, 0.080069, 0.180901, 0.271115, 0.338932, 0.380894, 0.410548, 0.449125, 0.473676, 0.470116, 0.459303, 0.446017, 0.429911, 0.412351, 0.39251, 0.37543, 0.363248], "sin_roll_values": [-1.231565, -1.273319, -1.325335, -1.371921, -1.417058, -1.477498, -1.540278, -1.600308, -1.672363, -1.765498, -1.873997, -1.994051, -2.12274, -2.249801, -2.373194, -2.488506, -2.592466, -2.683793, -2.754328, -2.778598, -2.696772, -2.399329, -1.976174, -1.519708, -1.087104, -0.86185, -0.549682, -0.215945, 0.070074, 0.293071, 0.512732, 0.796438, 0.963851, 1.087712, 1.160358, 1.229563, 1.299983, 1.380487, 1.455391, 1.495876, 1.496585, 1.479848, 1.44927, 1.399656, 1.354615, 1.313208, 1.265778, 1.214322, 1.163554, 1.11319, 1.060266], "sin_yaw_values": [-2.195472, -2.252781, -2.327754, -2.387344, -2.443089, -2.517654, -2.567266, -2.567576, -2.545362, -2.501498, -2.431657, -2.333861, -2.208281, -2.068544, -1.924626, -1.781983, -1.640058, -1.489673, -1.323759, -1.13817, -0.894589, -0.494687, -0.048805, 0.288315, 0.476295, 0.500762, 0.38314, 0.195336, 0.010452, 0.03368, 0.294687, 0.546986, 0.621355, 0.678431, 0.70211, 0.690541, 0.644151, 0.593407, 0.577621, 0.603071, 0.64199, 0.659994, 0.668868, 0.678106, 0.66771, 0.637868, 0.597533, 0.55529, 0.512572, 0.46772, 0.423378]}