{"timestamps": [0.7249466249995749, 0.7450836249990971, 0.7652216249989579, 0.7853586249984801, 0.8054966250001598, 0.8256336249996821, 0.8457716249995428, 0.8659086249990651, 0.8860456249985873, 0.9061836249984481, 0.9263206249997893, 0.9464586249996501, 0.9665956249991723, 0.9867326249986945, 1.0068706249985553, 1.0270076249998965, 1.0471456249997573, 1.0672826249992795, 1.0874196249988017, 1.1075576249986625, 1.1276946250000037, 1.1478326249998645, 1.1679696249993867, 1.1881076249992475, 1.2082446249987697, 1.228381625000111, 1.2485196249999717, 1.268656624999494, 1.2887946249993547, 1.308931624998877, 1.3290686249983992, 1.349206625000079, 1.3693436249996012, 1.389481624999462, 1.4096186249989842, 1.4297556249985064, 1.4498936250001861, 1.4700306249997084, 1.4901686249995691, 1.5103056249990914, 1.5304426249986136, 1.5505806249984744, 1.5707176249998156, 1.5908556249996764, 1.6109926249991986, 1.631129666666311, 1.6512676666661719, 1.671404666665694, 1.6915426666655549, 1.711679666665077, 1.7318176666667568], "x_swing_data": [0.007051, -0.082275, -0.154097, -0.210574, -0.232147, -0.056144, -0.400084, -0.260563, -0.27252, -0.356769, -0.338816, -0.070876, 0.133424, 0.206337, 0.338454, 0.446628, 0.809028, 1.209748, 1.640134, 2.043597, 2.431457, 2.919361, 3.941751, 5.615719, 7.804245, 10.340718, 9.085333, 4.580917, 4.365512, -0.001574, 4.021018, 5.698871, 5.566267, 4.674518, 4.822351, 5.354253, 4.696757, 4.085505, 3.371293, 2.968486, 2.730328, 2.325069, 1.981968, 1.686676, 1.573149, 1.623012, 1.494932, 1.134871, 0.862332, 0.860047, 0.880014], "y_swing_data": [-0.061053, 0.078207, 0.176547, -0.655383, -0.070054, 0.459268, -0.176105, -0.113315, -0.433536, -0.398194, -0.294418, -0.200755, -0.19501, 0.023725, 0.262552, 0.305902, 0.435519, 0.580718, 0.458148, 0.236259, 0.147569, 0.497727, 0.519389, 0.204645, -0.829523, -1.882771, -3.33801, -1.288488, -7.00183, 1.956456, -5.310544, 0.948056, -0.067466, 0.703677, -0.888789, -1.70331, -0.323315, 0.327317, 0.092844, 0.032399, -0.050772, 0.170063, 0.495917, 0.71112, 0.698596, 0.85326, 1.504277, 1.618851, 1.235713, 1.023157, 0.988964], "z_swing_data": [0.800228, 0.768224, 1.107631, 1.227264, 0.274385, -0.037656, 0.084642, -0.187548, -0.347144, -0.491013, -0.359641, 0.076556, 0.349082, 0.477688, 0.668556, 0.815693, 1.117779, 1.518196, 2.153152, 2.940594, 3.374954, 3.091969, 2.990325, 3.077229, 1.903407, -1.726552, -5.939464, -2.708412, 1.18559, 4.678182, 5.386426, 4.298012, 1.914604, 0.838914, -0.213783, -1.099094, -1.345336, -0.93719, -0.621304, -0.336275, -0.223385, -0.273394, -0.24636, -0.187242, -0.160361, -0.134192, -0.326796, -0.462151, -0.422816, -0.398471, -0.212127], "sin_pitch_values": [-0.412412, -0.442823, -0.487872, -0.554415, -0.611874, -0.661086, -0.71358, -0.767331, -0.815156, -0.852249, -0.890239, -0.927775, -0.95543, -0.971985, -0.979943, -0.985748, -0.982397, -0.966483, -0.93901, -0.896776, -0.792001, -0.616484, -0.367865, -0.054781, 0.273594, 0.486524, 0.410881, 0.174509, -0.163059, -0.310919, -0.335107, -0.219098, -0.059031, 0.105315, 0.256785, 0.383885, 0.493969, 0.602398, 0.706345, 0.807732, 0.906421, 1.002592, 1.097292, 1.187152, 1.267471, 1.336754, 1.403889, 1.473181, 1.529332, 1.535252, 1.52255], "sin_roll_values": [-1.11767, -1.147152, -1.192413, -1.263842, -1.334397, -1.410918, -1.501269, -1.617222, -1.753071, -1.877639, -1.976147, -2.073063, -2.183842, -2.294167, -2.396464, -2.476143, -2.531736, -2.561044, -2.559377, -2.516899, -2.433582, -2.291398, -2.110242, -1.887132, -1.566934, -1.052512, -0.493332, -0.129583, 0.012245, 0.294511, 0.578977, 0.827429, 0.998602, 1.148289, 1.279037, 1.347965, 1.375189, 1.390746, 1.401845, 1.406196, 1.391447, 1.359281, 1.312398, 1.244887, 1.135044, 0.965378, 0.759032, 0.515746, -0.032684, -1.604795, -1.90509], "sin_yaw_values": [-1.915999, -1.893846, -1.888254, -1.931335, -1.950002, -1.930871, -1.918525, -1.919499, -1.933518, -1.928793, -1.887859, -1.84099, -1.804371, -1.757462, -1.687081, -1.574514, -1.421391, -1.232371, -1.008307, -0.748452, -0.489819, -0.257689, -0.098234, -0.048972, -0.079592, -0.359265, -0.715042, -0.919323, -0.857679, -0.618448, -0.325089, -0.060886, 0.0857, 0.15952, 0.215486, 0.29795, 0.380869, 0.437539, 0.492242, 0.555343, 0.630617, 0.712472, 0.796995, 0.894865, 1.031687, 1.215575, 1.414256, 1.636302, 2.162347, -2.576595, -2.31553]}