{"timestamps": [0.5436979999994946, 0.5638349999990169, 0.5839720000003581, 0.6041089999998803, 0.6242459999994026, 0.6443830000007438, 0.6645197916659527, 0.6846567916672939, 0.7047937916668161, 0.7249307916663383, 0.7450677916658606, 0.7652047916672018, 0.785341791666724, 0.8054787916662463, 0.8256157916657685, 0.8457527916671097, 0.8658897916666319, 0.8860267916661542, 0.9061637916656764, 0.9263007916670176, 0.9464377916665399, 0.9665747916660621, 0.9867117916674033, 1.0068487916669255, 1.0269857916664478, 1.04712279166597, 1.0672597916673112, 1.0873967916668335, 1.1075337916663557, 1.127670791665878, 1.1478077916672191, 1.1679447916667414, 1.188080791665925, 1.2082177916672663, 1.2283547916667885, 1.2484917916663107, 1.268628791665833, 1.2887657916671742, 1.3089027916666964, 1.3290397916662187, 1.349176791665741, 1.3693137916670821, 1.3894507916666043, 1.4095877916661266, 1.4297247916656488, 1.44986179166699, 1.4699987916665123, 1.4901357916660345, 1.5102727916673757, 1.530409791666898, 1.5505467916664202], "x_swing_data": [-0.021539, 0.019877, -0.10242, -0.225806, -0.416902, -0.472415, -0.3103, -0.189974, -0.228911, 0.064496, 0.344515, 0.441785, 0.448353, 0.629493, 0.885308, 1.103148, 1.302732, 1.495222, 1.740094, 2.009549, 2.283088, 3.045818, 4.231365, 5.83076, 8.755751, 10.862385, 7.389757, 4.397562, 2.360586, 3.219634, 5.374379, 7.294925, 7.120301, 5.431283, 4.634106, 4.404079, 3.633974, 3.005626, 2.43525, 2.181108, 1.949014, 1.710346, 1.485699, 1.41442, 1.398565, 1.280974, 1.13254, 0.957549, 0.920775, 0.892794, 0.961712], "y_swing_data": [-0.301095, -0.072141, 0.061739, 0.114962, -0.709659, -0.529533, -0.726165, -0.853414, -0.438922, -0.358937, -0.165192, -0.010153, 0.195951, 0.284231, 0.418667, 0.359464, 0.246835, 0.029866, -0.267681, -0.278903, -0.009485, 0.123451, 0.704508, 0.329889, -0.00293, -2.356419, -3.895162, -4.046189, -5.722396, 1.35568, -3.071864, -2.087176, 1.173376, 1.277406, 0.137473, -0.175942, 0.199689, -0.024512, -0.041709, -0.464295, -0.229371, 0.180668, 0.430435, 0.570731, 0.490868, 0.601024, 0.788223, 0.734925, 0.692026, 0.616347, 0.762493], "z_swing_data": [0.749495, 0.870274, 0.371694, 0.311237, 0.171333, -0.201991, -0.59396, -0.716276, -0.48282, -0.200878, 0.123641, 0.380839, 0.58608, 0.859511, 1.290388, 1.580797, 1.886098, 2.183293, 2.510773, 2.588288, 2.421558, 2.372084, 2.655709, 2.272386, 0.947437, -2.501018, -6.764128, -0.902201, 5.658455, 3.971188, 4.568445, 2.9502, 0.581266, -1.142304, -1.565797, -1.834701, -1.579947, -1.219372, -0.945168, -0.779737, -0.738651, -0.712663, -0.606394, -0.375258, -0.356018, -0.496557, -0.683327, -0.820827, -0.833493, -0.527961, -0.368007], "sin_pitch_values": [-0.325006, -0.400528, -0.461947, -0.516632, -0.57599, -0.635758, -0.69285, -0.745245, -0.79416, -0.836517, -0.86929, -0.892506, -0.914618, -0.939832, -0.960205, -0.975732, -0.992888, -1.00962, -0.991475, -0.907921, -0.746371, -0.505326, -0.193828, 0.165172, 0.439808, 0.422119, 0.21295, -0.206591, -0.475889, -0.535429, -0.402449, -0.202993, 0.03033, 0.26286, 0.46677, 0.636118, 0.781304, 0.918139, 1.048655, 1.16362, 1.265321, 1.359849, 1.44793, 1.523085, 1.557861, 1.517714, 1.485002, 1.458475, 1.439694, 1.431575, 1.425743], "sin_roll_values": [-1.138792, -1.228675, -1.31051, -1.38677, -1.464697, -1.557231, -1.661246, -1.759056, -1.86854, -1.995864, -2.138338, -2.285487, -2.42016, -2.533243, -2.628688, -2.6993, -2.72597, -2.680624, -2.550061, -2.372292, -2.202516, -2.048681, -1.874134, -1.627629, -1.205048, -0.617843, -0.211662, -0.009753, 0.19864, 0.52809, 0.829717, 1.012593, 1.088737, 1.137572, 1.157736, 1.134996, 1.096823, 1.073083, 1.075764, 1.078618, 1.074353, 1.067051, 1.079335, 1.056676, -1.280166, -1.79008, -1.961659, -2.116213, -2.248352, -2.358937, -2.512391], "sin_yaw_values": [-0.107248, -0.16538, -0.188595, -0.195064, -0.202006, -0.212198, -0.218502, -0.203897, -0.187598, -0.177294, -0.168006, -0.148065, -0.099119, -0.015919, 0.093197, 0.232885, 0.417268, 0.663661, 0.964256, 1.261448, 1.488808, 1.628734, 1.702138, 1.699411, 1.484744, 1.096728, 0.861371, 0.840194, 1.088559, 1.51374, 1.913805, 2.175549, 2.297846, 2.34136, 2.37773, 2.428324, 2.472354, 2.496723, 2.504533, 2.519956, 2.54173, 2.565758, 2.573454, 2.620262, -1.305072, -0.782896, -0.610245, -0.462555, -0.346028, -0.26491, -0.161612]}