{"timestamps": [0.4631595416667551, 0.48329654166627734, 0.5034335416657996, 0.5235715416674793, 0.5437085416670016, 0.5638455416665238, 0.5839835416663846, 0.6041205416659068, 0.6242585416657676, 0.6443955416671088, 0.664532541666631, 0.6846705416664918, 0.704807541666014, 0.7249445416673552, 0.745082541667216, 0.7652195416667382, 0.785357541666599, 0.8054945416661212, 0.8256315416674624, 0.8457695416673232, 0.8659065416668454, 0.8860435416663677, 0.9061815416662284, 0.9263185416657507, 0.9464565416674304, 0.9665935416669527, 0.9867305416664749, 1.0068685416663357, 1.027005541665858, 1.0471425416671991, 1.0672805416670599, 1.087417541666582, 1.1075555416664429, 1.127692541665965, 1.1478295416673063, 1.167967541667167, 1.1881045416666893, 1.2082415416662116, 1.2283795416660723, 1.2485165416674135, 1.2686545416672743, 1.2887915416667965, 1.3089285416663188, 1.3290665416661795, 1.349203874999148, 1.3693408750004892, 1.38947887500035, 1.4096158749998722, 1.429753874999733, 1.4498908749992552, 1.4700278750005964], "x_swing_data": [-0.102016, -0.123395, -0.068967, -0.107211, -0.260765, -0.194113, -0.155106, -0.289804, -0.249502, -0.162304, -0.171707, -0.138252, -0.003478, -0.040619, -0.009969, 0.113758, -0.024351, -0.171766, -0.163652, -0.139926, -0.497113, -0.582494, -0.329241, 0.915924, 4.75464, 9.984119, 6.316266, 5.549564, 7.621093, 2.632545, 9.533153, 4.904767, 6.506918, 4.643932, 4.844786, 3.753598, 2.916415, 3.025668, 3.368746, 2.412563, 1.112612, 0.741535, 1.268673, 1.186494, 0.711687, 0.696343, 0.756856, 0.615535, 0.510921, 0.46228, 0.502374], "y_swing_data": [-0.287914, -0.155489, 0.072058, -0.174038, -0.355647, -0.128912, 0.011671, -0.18571, -0.449786, -0.23896, -0.06331, -0.340683, -0.54096, -0.656155, -0.788037, -1.044189, -1.126733, -1.410494, -1.737415, -2.07139, -2.191071, -1.819258, -0.72385, -1.296226, -1.739076, -5.92048, -7.498104, -3.128266, -2.459869, -7.16048, 2.038664, 4.515049, -0.759526, 2.108817, 0.527399, 0.697179, 1.48498, 1.224697, 0.962824, 2.532394, 3.433723, 1.749346, 0.552113, 0.291274, 0.406304, 0.360175, -0.203598, -0.626535, -0.599599, -0.479909, -0.333036], "z_swing_data": [0.036349, -0.187548, -0.234719, 0.047037, -0.0998, -0.481186, -0.242088, -0.227195, -0.481507, -0.572924, -0.535767, -0.591707, -0.413367, -0.35276, -0.298579, -0.124835, 0.314179, 0.867968, 1.382871, 2.083772, 3.086757, 4.068141, 4.45187, 4.282416, 5.96218, 5.092752, 1.193204, 0.144741, 6.113115, 7.079631, 7.876413, -1.74004, 1.037118, -0.956788, -1.64781, -1.646351, -1.476839, -1.450343, -1.894937, -1.699176, -1.513246, -1.142035, -0.240171, 0.325435, 0.606405, 0.935068, 1.225552, 1.283002, 1.154248, 1.056572, 0.963073], "sin_pitch_values": [-0.223986, -0.226591, -0.22472, -0.227525, -0.225488, -0.215554, -0.200049, -0.178942, -0.15146, -0.115191, -0.07516, -0.038263, -0.00884, 0.000675, -0.02391, -0.086487, -0.187289, -0.329317, -0.493865, -0.659756, -0.803168, -0.903242, -0.879428, -0.701518, -0.361344, -0.049483, 0.172179, 0.292912, 0.03637, -0.627698, -0.70173, -0.425902, -0.234635, -0.076484, 0.036181, 0.132442, 0.239616, 0.341398, 0.396073, 0.410195, 0.439799, 0.464407, 0.459536, 0.432921, 0.405484, 0.396632, 0.385105, 0.355972, 0.321242, 0.294055, 0.289251], "sin_roll_values": [-1.160925, -1.191259, -1.225037, -1.261577, -1.303613, -1.35182, -1.402074, -1.456178, -1.522001, -1.605168, -1.701681, -1.815412, -1.950694, -2.099556, -2.255317, -2.416544, -2.575954, -2.728097, -2.870673, -2.991935, -3.017319, -2.804162, -2.288816, -1.566053, -1.190066, -0.919055, -0.590042, -0.236321, 0.056235, 0.321744, 0.650748, 0.917586, 1.051225, 1.164714, 1.229159, 1.28305, 1.347986, 1.405187, 1.40901, 1.369287, 1.351159, 1.339371, 1.294801, 1.234065, 1.189279, 1.157739, 1.119778, 1.068143, 1.008863, 0.947378, 0.883872], "sin_yaw_values": [-1.12598, -1.162363, -1.186784, -1.22494, -1.274252, -1.305474, -1.320275, -1.333326, -1.33849, -1.32426, -1.278022, -1.199907, -1.099757, -0.975891, -0.833221, -0.681679, -0.527477, -0.37442, -0.235425, -0.104378, 0.079803, 0.439943, 0.963267, 1.537317, 1.775964, 1.806147, 1.721394, 1.510187, 1.306058, 1.408568, 1.819529, 2.053241, 2.113853, 2.171117, 2.200085, 2.202613, 2.198844, 2.236346, 2.33649, 2.424351, 2.442644, 2.433884, 2.432371, 2.426095, 2.384583, 2.316479, 2.253213, 2.204064, 2.155574, 2.084515, 1.995208]}