{"timestamps": [0.422883000002912, 0.44302000000243424, 0.4631570000019565, 0.48329500000181724, 0.5034320000013395, 0.5235690000008617, 0.5437060000003839, 0.5638440000002447, 0.5839809999997669, 0.6041180000029271, 0.6242550000024494, 0.6443930000023101, 0.6645286250022764, 0.6846656250017986, 0.7048026250013208, 0.7249406250011816, 0.7450776250007038, 0.7652146250002261, 0.7853516249997483, 0.8054896249996091, 0.8256266250027693, 0.8457636250022915, 0.8659006250018138, 0.8860386250016745, 0.9061756250011967, 0.926312625000719, 0.9464496250002412, 0.966587625000102, 0.9867246249996242, 1.0068616250027844, 1.0269986250023067, 1.0471366250021674, 1.0672736250016897, 1.0874106250012119, 1.1075476250007341, 1.1276856250005949, 1.1478226250001171, 1.1679596249996393, 1.1880966250027996, 1.2082346250026603, 1.2283716250021826, 1.2485086250017048, 1.268645625001227, 1.2887826250007492, 1.30892062500061, 1.3290576250001322, 1.3491946249996545, 1.3693316250028147, 1.3894696250026755, 1.4096066250021977, 1.42974362500172], "x_swing_data": [0.260309, 0.21007, 0.099401, 0.033148, -0.146401, -0.223597, -0.375939, -0.459375, -0.683754, -0.835785, -0.871918, -0.888063, -1.024567, -1.164825, -1.18039, -1.253493, -1.269361, -1.363187, -1.549887, -1.601538, -1.462183, -0.358024, 6.170681, 8.820459, 13.966058, 15.754069, 13.969654, 7.939078, 9.634081, 8.099192, 8.480058, 8.349762, 6.22825, 5.611609, 4.913525, 3.940783, 3.848867, 4.944344, 3.779452, 3.390919, 1.3544, 0.639033, 1.007356, 0.793925, 0.844261, 0.789102, 0.812836, 0.919583, 1.030118, 1.143981, 1.136263], "y_swing_data": [-0.374108, -0.372443, -0.174151, -0.214705, -0.262389, -0.301545, -0.280239, -0.285461, -0.386145, -0.660276, -0.73774, -0.793585, -1.144472, -1.628992, -1.751693, -1.767048, -1.839167, -1.958907, -2.36609, -2.465672, -2.230356, -0.125864, -3.007721, -0.041449, -3.804166, -6.854867, -11.081425, -6.858167, 3.677231, -2.991195, -6.739645, 3.460459, 1.301404, 2.257991, 3.055667, 2.44769, -1.121753, -3.226643, 0.328057, 3.120918, 3.111068, 1.236174, 0.325961, 0.321408, 1.79801, 0.530626, 0.094302, 1.188618, 0.447704, 0.424272, 0.209184], "z_swing_data": [-0.204534, -0.21203, -0.346608, -0.369274, -0.351593, -0.231651, -0.271579, -0.312235, -0.264793, -0.198555, -0.374326, -0.497578, -0.434734, -0.187405, -0.135672, 0.049692, 0.385109, 1.003331, 1.632049, 2.072112, 2.828982, 3.56022, 4.383905, 6.436116, 3.181883, 2.355014, -4.696265, 15.989666, 8.922196, -0.496962, 4.16995, -0.196678, 0.027703, 0.521103, 0.91562, 0.855614, -0.816143, -1.102402, -1.673171, -2.771319, -2.504181, -1.419087, -0.008699, 0.497216, -0.244021, -0.372019, 0.37184, 0.217622, 0.422189, 0.534806, 0.712618], "sin_pitch_values": [0.129227, 0.135756, 0.146425, 0.160882, 0.177646, 0.196871, 0.220194, 0.248602, 0.276689, 0.296886, 0.30512, 0.295235, 0.257646, 0.191, 0.096403, -0.027519, -0.179407, -0.349331, -0.530486, -0.719734, -0.894118, -1.054315, -0.957808, -0.503999, 0.025015, 0.183515, -0.29416, -1.014777, -1.190591, -0.836146, -0.621644, -0.400472, -0.21388, -0.007146, 0.259008, 0.515193, 0.641542, 0.758812, 0.884018, 0.963065, 0.981577, 0.960169, 0.872562, 0.722283, 0.622846, 0.576717, 0.516322, 0.468339, 0.419143, 0.372493, 0.336016], "sin_roll_values": [-0.999055, -1.004114, -1.011226, -1.023192, -1.042129, -1.070765, -1.110889, -1.167392, -1.244035, -1.34138, -1.460329, -1.603039, -1.761828, -1.924907, -2.092441, -2.261926, -2.431241, -2.601274, -2.76812, -2.905097, -2.936365, -2.693662, -1.943617, -1.588043, -1.372961, -0.748896, -0.304926, -0.124734, 0.887562, 1.211563, 1.407734, 1.365963, 1.30492, 1.260649, 1.293343, 1.501364, 1.770456, 1.806592, 1.656695, 1.470047, 1.394873, 1.310814, 1.136227, 0.991396, 0.96854, 1.000383, 1.035518, 1.085184, 1.130639, 1.162542, 1.175889], "sin_yaw_values": [-1.178856, -1.222134, -1.256972, -1.28382, -1.305149, -1.320915, -1.324573, -1.307936, -1.270962, -1.2181, -1.145409, -1.042998, -0.921542, -0.811065, -0.710518, -0.616502, -0.526836, -0.442495, -0.354617, -0.2338, -0.008963, 0.494483, 1.443942, 1.936668, 1.907647, 1.378391, 0.937354, 0.963428, 1.998836, 2.320815, 2.65043, 2.740961, 2.723763, 2.582892, 2.326865, 1.944506, 1.649987, 1.680362, 1.917005, 2.127983, 2.190074, 2.256956, 2.435208, 2.596143, 2.591135, 2.495502, 2.378688, 2.205118, 2.002284, 1.777524, 1.538907]}