{"timestamps": [0.5638449999969453, 0.5839820000001055, 0.6041199999999662, 0.6242569999994885, 0.6443939999990107, 0.6645309999985329, 0.6846689999983937, 0.7048059999979159, 0.7249429999974382, 0.7450812916649738, 0.7652182916644961, 0.7853552916640183, 0.8054932916638791, 0.8256302916634013, 0.8457672916665615, 0.8659052916664223, 0.8860422916659445, 0.9061792916654667, 0.9263172916653275, 0.9464542916648497, 0.966591291664372, 0.9867282916638942, 1.006866291663755, 1.0270032916669152, 1.0471402916664374, 1.0672782916662982, 1.0874152916658204, 1.1075522916653426, 1.1276902916652034, 1.1478272916647256, 1.1679642916642479, 1.18810129166377, 1.2082392916636309, 1.228376291666791, 1.2485132916663133, 1.268651291666174, 1.2887882916656963, 1.3089252916652185, 1.3290632916650793, 1.3492002916646015, 1.3693372916641238, 1.389474291663646, 1.4096122916635068, 1.429749291666667, 1.4498862916661892, 1.47002429166605, 1.4901612916655722, 1.5102982916650944, 1.5304352916646167, 1.5505732916644774, 1.5707102916639997], "x_swing_data": [0.162915, 0.154464, 0.11228, 0.037371, -0.043301, -0.042888, -0.116183, -0.41321, -0.544729, -0.570586, -0.624069, -0.44196, -0.2179, -0.040511, -0.091414, -0.321888, -0.643553, -0.926669, -1.198943, -1.184326, -0.745613, 2.905121, 6.880054, 12.14636, 18.782888, 24.554007, 13.116609, 10.79529, 5.936452, 6.062998, 8.596336, 11.221205, 8.185408, 3.926191, 6.37729, 6.67064, 3.35781, 2.963103, 2.844838, 1.609574, 1.106731, 1.429665, 1.335882, 0.794314, 0.951308, 0.933749, 1.10107, 1.058593, 1.094972, 0.968362, 0.888453], "y_swing_data": [-0.130421, -0.24246, -0.23028, -0.270028, -0.395926, -0.684922, -0.829803, -0.805033, -0.817572, -0.874105, -0.914358, -1.028419, -1.312593, -1.656417, -1.617841, -1.635128, -1.670632, -1.753602, -1.885858, -2.067281, -0.869094, 0.199976, -0.36458, 0.855796, -4.157358, -12.644403, -12.616572, 14.11937, -2.653352, -7.389453, -1.442267, 1.604693, 7.179276, 0.936915, -6.948863, 3.255877, 1.534941, 1.224488, 2.776521, 2.282668, 1.650745, 0.743226, -0.291493, -0.124254, 1.628415, 0.992256, 0.35604, -0.20767, -0.519192, 0.602552, 0.425833], "z_swing_data": [-0.612208, -0.622604, -0.62467, -0.608557, -0.595906, -0.6519, -0.633218, -0.440392, -0.225862, -0.156776, 0.036608, 0.212318, 0.174842, 0.29103, 0.362575, 0.610519, 1.013519, 1.631838, 2.493416, 3.595457, 4.978189, 5.197683, 6.190789, 7.462814, 5.821987, -1.37358, 18.886831, 10.166428, -2.188421, 5.781399, 1.425835, -1.962732, -0.70738, 0.447107, 0.007997, -3.536848, -4.064298, -2.176201, -1.931458, -0.561566, -0.547589, -1.113357, -0.942518, -0.096597, 0.22915, 0.55802, 0.790427, 0.934727, 0.445411, 0.176107, 0.207805], "sin_pitch_values": [0.15133, 0.127929, 0.106438, 0.094185, 0.09215, 0.092691, 0.097245, 0.11026, 0.134078, 0.164075, 0.193242, 0.213822, 0.21639, 0.18725, 0.117399, 0.003345, -0.159203, -0.370789, -0.60165, -0.825833, -1.031008, -1.109482, -0.762275, -0.164677, 0.364107, 0.091917, -0.605729, -0.623872, -0.40453, -0.359634, -0.266849, -0.003263, 0.444485, 0.716661, 0.789233, 0.886034, 0.965351, 0.997727, 0.972498, 0.921421, 0.881728, 0.867566, 0.86711, 0.856125, 0.890234, 0.946454, 0.997036, 1.027816, 1.030899, 1.033146, 1.03212], "sin_roll_values": [-0.881817, -0.884008, -0.888499, -0.896349, -0.91072, -0.935864, -0.977157, -1.036449, -1.114171, -1.216097, -1.346214, -1.503988, -1.688374, -1.893039, -2.107554, -2.324147, -2.539893, -2.751821, -2.953338, -3.103815, -3.062939, -2.447404, -1.853062, -1.648788, -1.139454, -0.460199, -0.241998, 0.129081, 0.349476, 0.573383, 0.793004, 0.87936, 1.019631, 1.338588, 1.328631, 1.304426, 1.273805, 1.119384, 0.984984, 0.906668, 0.870315, 0.834912, 0.789226, 0.762008, 0.801612, 0.903644, 1.038634, 1.15074, 1.183221, 1.208655, 1.218088], "sin_yaw_values": [-1.477686, -1.546812, -1.620077, -1.689655, -1.751557, -1.811021, -1.864081, -1.901779, -1.915169, -1.899973, -1.854605, -1.781163, -1.672846, -1.539166, -1.394441, -1.250993, -1.111862, -0.977896, -0.848968, -0.679158, -0.32102, 0.575589, 1.369702, 1.618104, 1.245453, 0.626542, 0.634714, 1.013291, 1.24167, 1.477567, 1.731994, 1.800038, 1.600798, 1.350585, 1.534142, 1.670267, 1.811511, 2.052911, 2.238813, 2.345341, 2.374053, 2.353497, 2.307021, 2.222636, 2.04031, 1.779726, 1.478817, 1.195857, 0.991573, 0.783337, 0.588452]}