{"timestamps": [1.308963916664652, 1.3291019166645128, 1.3492399166643736, 1.3693779166642344, 1.3895159166640951, 1.4096529166672553, 1.429790916667116, 1.4499289166669769, 1.4700669166668376, 1.4902049166666984, 1.5103429166665592, 1.53048091666642, 1.5506189166662807, 1.5707569166661415, 1.5908949166660022, 1.611032916665863, 1.6311699166653852, 1.651307916665246, 1.6714459166651068, 1.6915839166649675, 1.7117219166648283, 1.731859916664689, 1.7519979166645498, 1.7721359166644106, 1.7922739166642714, 1.8124101249995874, 1.8325471249991097, 1.8526851249989704, 1.8728231249988312, 1.892961124998692, 1.9130991249985527, 1.9332371249984135, 1.9533751249982743, 1.973513124998135, 1.9936511249979958, 2.0137891249978566, 2.0339271249977173, 2.0540641250008775, 2.0742021250007383, 2.094340125000599, 2.11447812500046, 2.1346161250003206, 2.1547541250001814, 2.174892125000042, 2.195030124999903, 2.2151681249997637, 2.2353061249996244, 2.255444124999485, 2.275582124999346, 2.295719124998868, 2.315857124998729], "x_swing_data": [-0.006763, 0.042951, 0.057126, 0.061246, 0.025771, -6.7e-05, 0.012188, 0.005967, -0.009706, -0.005751, 0.002934, 0.009368, 0.035443, 0.028995, 0.015401, 0.009846, 0.011294, 0.011395, -0.005988, -0.010952, -0.014966, 0.012431, 0.020403, -0.00745, 0.037628, 0.115436, 0.046962, 0.091762, -0.045163, -0.012095, -0.095399, -0.103143, -0.020295, -0.044912, -0.077533, -0.057877, 0.027704, -0.006761, -0.042127, -0.015619, -0.054237, -0.01418, -0.0166, 0.016538, -0.000259, 0.033659, 0.049601, 0.06894, 0.042162, 0.026023, 0.019838], "y_swing_data": [-0.003668, 0.019318, -0.021897, -0.064507, -0.005948, 0.006824, 0.044168, 0.027744, -0.010072, -0.000475, 0.005557, 0.025779, 0.00968, 0.003343, -0.003235, 0.00171, -0.002733, -0.016604, -0.005053, -0.025747, -0.023846, -0.014551, 0.018541, -0.013982, 0.014556, 0.109071, -0.041325, 0.032369, -0.033364, 0.0204, -0.007386, 0.01211, -0.017031, 0.045809, 0.039645, -0.048297, -0.084474, -0.020399, 0.05071, -0.010922, 0.068702, -0.032249, 0.002168, -0.032523, 0.020584, 0.030498, -0.001756, -0.007986, 0.024179, 0.009858, -0.007592], "z_swing_data": [0.037407, 0.102862, 0.116141, 0.117847, 0.012215, -0.048968, -0.10564, -0.079946, -0.034228, 0.045732, 0.061779, 0.022109, 0.01574, -0.004205, -0.01764, -0.023127, 0.017131, 0.024406, 0.020422, 0.024022, -0.020404, 0.009939, 0.058163, 0.040797, 0.075863, 0.129057, 0.099112, 0.108432, 0.076282, 0.135865, 0.082279, 0.197329, 0.251178, 0.263918, 0.296911, 0.190277, 0.039498, -0.243148, -0.390043, -0.398842, -0.395613, -0.265775, -0.1871, -0.092537, -0.015382, 0.007509, 0.063144, 0.056922, 0.0249, -0.027251, -0.022881], "sin_pitch_values": [-0.56982, -0.569468, -0.570557, -0.572217, -0.573093, -0.569846, -0.565224, -0.56254, -0.56334, -0.566521, -0.568379, -0.569406, -0.570675, -0.572931, -0.574659, -0.575112, -0.573843, -0.571828, -0.569906, -0.569711, -0.570044, -0.571111, -0.569123, -0.564537, -0.558277, -0.552903, -0.549238, -0.548691, -0.543992, -0.540225, -0.535765, -0.530295, -0.528418, -0.528431, -0.525129, -0.514447, -0.505406, -0.503572, -0.508662, -0.511357, -0.511195, -0.505413, -0.497851, -0.491375, -0.483096, -0.474849, -0.470047, -0.468649, -0.469436, -0.472339, -0.473669], "sin_roll_values": [0.025323, 0.019445, 0.016703, 0.016013, 0.014367, 0.007238, -0.003591, -0.012682, -0.016241, -0.016387, -0.018401, -0.021597, -0.025111, -0.026609, -0.027296, -0.028266, -0.029404, -0.031666, -0.033943, -0.036998, -0.039689, -0.041359, -0.045484, -0.05048, -0.057816, -0.065191, -0.072961, -0.071951, -0.066678, -0.059112, -0.051518, -0.045287, -0.041215, -0.036011, -0.030439, -0.02163, -0.008434, 0.012684, 0.033844, 0.041928, 0.034393, 0.014672, -0.007036, -0.026046, -0.04159, -0.053416, -0.065488, -0.077486, -0.084127, -0.087077, -0.088852], "sin_yaw_values": [0.014805, 0.012789, 0.014024, 0.01582, 0.016096, 0.012432, 0.006636, 0.002624, 0.002364, 0.003726, 0.003011, 0.000492, -0.002468, -0.004441, -0.005886, -0.007859, -0.00882, -0.009115, -0.009168, -0.009175, -0.008186, -0.005589, -0.004518, -0.00438, -0.008325, -0.012508, -0.0129, -0.011067, -0.017616, -0.023526, -0.027391, -0.028336, -0.030623, -0.034107, -0.036527, -0.0376, -0.037325, -0.03516, -0.031543, -0.033675, -0.040271, -0.048245, -0.054817, -0.058556, -0.061082, -0.062111, -0.059972, -0.057436, -0.055136, -0.053924, -0.052987]}