{"timestamps": [0, 0.02013699999952223, 0.04027400000086345, 0.06041200000072422, 0.08054900000024645, 0.10068599999976868, 0.12082299999929091, 0.14096000000063214, 0.16109700000015437, 0.18123500000001513, 0.20137199999953737, 0.22150891666751704, 0.24164591666703927, 0.2617829166665615, 0.28191991666608374, 0.3020579166659445, 0.3221949166672857, 0.34233191666680796, 0.3624689166663302, 0.3826059166658524, 0.40274291666719364, 0.4228809166670544, 0.44301791666657664, 0.46315491666609887, 0.4832919166674401, 0.5034289166669623, 0.5235659166664846, 0.5437039166663453, 0.5638409166658676, 0.5839779166672088, 0.604114916666731, 0.6242519166662532], "x_swing_data": [-0.631911, 0.012916, 0.851031, 1.308474, 3.964365, 9.843944, 11.280391, 7.962413, 3.790755, 3.308191, 2.234396, 0.558733, 3.71519, 5.804391, 2.459556, 3.066625, 2.677372, 3.133146, 4.178188, 4.366724, 4.962197, 4.652, 4.284918, 3.704108, 3.289674, 2.700429, 2.161705, 1.730443, 1.498263, 1.250842, 1.0002, 0.830773], "y_swing_data": [1.344928, 1.095628, 0.624966, 1.347236, 4.815522, 2.412397, -6.552938, -8.020038, -4.606472, 1.162742, 4.088056, -5.354143, -2.899003, 1.517288, -2.54377, -0.377527, -0.863007, -1.514812, -1.83106, -1.946185, -2.072451, -1.14969, -1.35536, -1.488418, -1.122557, -1.011781, -0.764799, -0.210236, -0.194251, -0.329319, -0.193876, -0.057284], "z_swing_data": [3.169329, 3.495836, 3.391222, 3.341226, 5.500028, 6.35413, 9.318286, 3.139208, 5.909376, 7.243899, 5.570522, 7.165005, 4.461781, 4.591136, 1.747784, 1.471059, 0.826387, 1.059637, 1.950724, 1.468214, 1.026289, 0.595547, 0.06605, -0.571597, -0.778737, -0.803304, -0.327039, 0.029178, 0.226674, 0.228926, 0.231934, 0.163784], "sin_pitch_values": [-0.9063538412139556, -0.8925776631666273, -0.7847328456809811, -0.47770016439519647, -0.08828690265092812, 0.08431776966615236, 0.17899612263679673, 0.08054764689833599, -0.23435496319371882, -0.31580409580353214, -0.1742430434950861, -0.07098624723073325, 0.028579108164843964, 0.1999197336747338, 0.2984850971359773, 0.3859468732951529, 0.4740748448304168, 0.5537149902305163, 0.6233010294230067, 0.6763426655303661, 0.7019324005941067, 0.7176200912151713, 0.7299364700027923, 0.7380231473886602, 0.7510698322948037, 0.7735589562307811, 0.802339748672069, 0.8356773920091844, 0.8736654443336426, 0.9146684881194267, 0.9527155690984588, 0.9760102901907853], "sin_roll_values": [-0.6632684058073787, -0.8034048631520939, -0.9527510093875653, -0.9969482855194717, -0.9749012357034852, -0.8831141357070242, -0.6266164756999428, -0.15288110873724792, 0.11020171616103412, 0.23504221538947767, 0.40852547832833863, 0.6450425767853507, 0.8168361420095357, 0.8836128200602765, 0.9383524716173175, 0.9722842090436121, 0.9945120054890035, 0.9986605084504486, 0.9769220286515008, 0.9207301734345394, 0.8362139400677284, 0.7227517004874413, 0.5975376040317455, 0.47418811840474184, 0.373481846448986, 0.2868573058994638, 0.2044792171077346, 0.10962190405496368, 0.004511638284010605, -0.11371017124457883, -0.28553311325182745, -0.579341570404586], "sin_yaw_values": [-0.4567342038738845, -0.7520610700923918, -0.9506709266416716, -0.9987978942235992, -0.998129107457632, -0.9928622062665373, -0.9411864409123503, -0.794690570787122, -0.6508425317985422, -0.6993170718790982, -0.8373528093389125, -0.9117015226391278, -0.941379558683481, -0.9641355006040381, -0.971169515862883, -0.9693370948729689, -0.9570936575438755, -0.9370078949952146, -0.9111233742537403, -0.8778941595665384, -0.840337559974516, -0.7818936732845398, -0.7125953793992, -0.6510626761248446, -0.6019825878723353, -0.5631019551200322, -0.5267900151413265, -0.47271186323346903, -0.39798986287467636, -0.2999437166589911, -0.1322381820397093, 0.20247699993265095]}