{"timestamps": [0.583978250000655, 0.6041152500001772, 0.624253250000038, 0.6443902499995602, 0.6645272499990824, 0.6846642500004236, 0.7048022500002844, 0.7249392499998066, 0.7450762499993289, 0.7652132500006701, 0.7853502500001923, 0.8054882500000531, 0.8256252499995753, 0.8457622499990975, 0.8658992500004388, 0.8860372500002995, 0.9061742499998218, 0.926311249999344, 0.9464482499988662, 0.9665852500002075, 0.9867232500000682, 1.0068602499995905, 1.0269972499991127, 1.047134250000454, 1.0672722500003147, 1.087409249999837, 1.1075462499993591, 1.1276832499988814, 1.1478202500002226, 1.1679582500000834, 1.1880952499996056, 1.2082322499991278, 1.228369250000469, 1.2485072500003298, 1.268644249999852, 1.2887812499993743, 1.3089182499988965, 1.3290552500002377, 1.3491932500000985, 1.3693302499996207, 1.389467249999143, 1.4096047500006534, 1.4297427500005142, 1.4498797500000364, 1.4700167499995587, 1.490153749999081, 1.5102907500004221, 1.530428750000283, 1.5505657499998051, 1.5707027499993274, 1.5908397500006686], "x_swing_data": [0.122208, 0.079704, 0.151371, 0.327929, 0.332588, 0.397206, 0.471548, 0.420565, 0.351927, 0.35075, 0.418809, 0.449749, 0.661897, 1.068753, 1.689497, 2.10468, 2.839413, 3.476449, 4.997242, 8.378094, 7.630867, 1.776433, 2.298937, 5.056777, 3.104035, 8.392844, 5.085542, 2.702893, 2.056083, 2.102628, 1.901038, 1.949705, 1.7635, 1.932462, 1.636582, 1.483382, 1.442062, 1.080228, 0.950048, 0.879916, 0.798924, 0.720974, 0.590159, 0.351095, 0.264424, 0.25154, 0.150967, 0.063799, 0.008057, -0.046318, -0.032987], "y_swing_data": [-0.412411, -0.421476, -0.512591, -0.332697, -0.169092, -0.166651, -0.191495, -0.164875, -0.09551, -0.123897, 0.11898, 0.180899, 0.792426, 1.39793, 1.298668, 1.125753, 0.725391, 0.13859, -1.49904, -4.077921, -4.951314, -3.175558, -4.698876, 2.118428, -0.879991, -4.861282, 1.683588, 3.628936, 0.806837, 0.382079, -0.330389, -1.125835, -0.876944, -0.26103, 0.241452, 0.266938, 0.548556, 0.680558, 0.565901, 0.414639, 0.15751, 0.108419, 0.336092, 0.483994, 0.370283, 0.200487, 0.052815, -0.049245, 0.032098, 0.063483, -0.088053], "z_swing_data": [-0.03235, -0.060336, -0.02639, -0.08248, -0.062607, 0.13174, 0.416318, 0.684848, 0.926943, 1.211409, 1.467042, 1.767783, 1.993344, 2.384053, 2.866525, 3.223728, 3.345084, 3.424619, 3.386863, 1.647593, -2.271268, 1.886255, 9.542736, 5.735003, 1.439271, 2.489627, -0.88489, -1.722298, -0.982343, -1.389465, -1.218667, -0.685525, -0.679594, -1.00722, -1.241993, -1.246658, -1.186804, -1.090127, -0.949921, -0.770672, -0.573954, -0.497652, -0.494068, -0.418187, -0.28986, -0.23148, -0.177985, -0.076039, 0.072106, 0.180146, 0.284883], "sin_pitch_values": [-0.8875238493337544, -0.891110723871709, -0.8832876637905385, -0.8675326702320281, -0.8508852166811618, -0.8346505412400368, -0.8198059109074358, -0.8115271697404238, -0.816701709184648, -0.8381616873567357, -0.872108980030037, -0.9145443541306205, -0.9522489323308383, -0.9585916461663652, -0.9060587018483419, -0.7637424739995669, -0.5180777087920225, -0.1855533877166168, 0.15437120718111416, 0.3371481095600822, 0.3664958403645139, 0.09208137496160504, -0.49652949835529037, -0.6118584079110116, -0.4961101868673676, -0.398131453957896, -0.23969045586140303, -0.05804535546689343, 0.05695915575146647, 0.15449371959609362, 0.2648862917481818, 0.3559766784076049, 0.41881684924071344, 0.473054926091625, 0.5333678081414208, 0.5933385168304839, 0.6517200094074348, 0.7067275547941413, 0.758024563450922, 0.8046839859200279, 0.8429348024320871, 0.8718470734803325, 0.8941516641063796, 0.9116831756609317, 0.9251080275135244, 0.9342363939481323, 0.9393660855563446, 0.9422710134728672, 0.9440859061633897, 0.9454714335425775, 0.9447384994111514], "sin_roll_values": [-0.6998822690262928, -0.5415877170064055, -0.356846215100221, -0.1753306923098639, -0.016075961073335057, 0.11856409680686988, 0.22992114231596095, 0.3214076661105485, 0.3962920116287089, 0.4539751347557698, 0.4817009449939144, 0.4480577752415658, 0.20819450699724074, -0.44791919914637385, -0.8799289593350424, -0.9805329682615924, -0.9996368256404544, -0.9886431983938747, -0.906654867199567, -0.7167015671416422, -0.5458137682085072, -0.31806803784564913, -0.12410916049212176, 0.1457658037934474, 0.503265005263216, 0.7037591255862921, 0.7786949247168558, 0.8137370511465645, 0.8235963890147677, 0.8229168890831764, 0.8264822056648079, 0.8299086917331939, 0.8319805490522311, 0.8337671212278798, 0.8411158246084308, 0.8489704746449511, 0.8549212418887683, 0.8639164867562834, 0.8777702727088372, 0.8935948514383751, 0.9013120582210409, 0.895233079819264, 0.8811585843905536, 0.8689956700339148, 0.8597270369105456, 0.850402059277667, 0.8369115694070068, 0.8226491936223875, 0.8118571779908129, 0.8051604702352646, 0.7871713618856039], "sin_yaw_values": [-0.9999977414938576, -0.9924763258526796, -0.9719647874317762, -0.9510715309736725, -0.9415258796025857, -0.9454524282138055, -0.9599264489906186, -0.9787998883328523, -0.9942572613383431, -0.9999475375868103, -0.9878150873591292, -0.9347941241590592, -0.7152934947624132, 0.0039929893892438496, 0.6473039084095858, 0.8649436096015981, 0.9313489243179118, 0.9429245125079322, 0.9166968520235373, 0.8107118468370736, 0.626912575008409, 0.4066598851136142, 0.34346043016076205, 0.5809472582755594, 0.8324002978628483, 0.9625363623661883, 0.9929370699532525, 0.9968967817710767, 0.9993997721315254, 0.9999214212843698, 0.9998789405576616, 0.9999908949748297, 0.9996763780889591, 0.9988577653368325, 0.9988447796085343, 0.999342327504295, 0.9999510580144801, 0.9993851692410451, 0.995152665488418, 0.9858563210202161, 0.9762067142140953, 0.9719037032382516, 0.9704433035576551, 0.966912327864815, 0.961140143989047, 0.9534451127627097, 0.9465304643512468, 0.9386659621645781, 0.9265126171363522, 0.9094656199673193, 0.8989663788324006]}