{"timestamps": [0.12082499999996799, 0.14096199999949022, 0.16109999999935098, 0.18123699999887322, 0.20137499999873398, 0.2215120000000752, 0.24164999999993597, 0.2617869999994582, 0.28192499999931897, 0.3020619999988412, 0.32219999999870197, 0.3423370000000432, 0.36247499999990396, 0.3826119999994262, 0.40274999999928696, 0.4228869999988092, 0.44302499999866995, 0.4631620000000112, 0.4832989999995334, 0.5034369999993942, 0.5235739999989164, 0.5437119999987772, 0.5638490000001184, 0.5839869999999792, 0.6041239999995014, 0.6242619999993622, 0.6443989999988844, 0.6645369999987452, 0.6846740000000864, 0.7048119999999471, 0.7249489999994694, 0.7450869999993301, 0.7652239999988524, 0.7853610000001936, 0.8054986249990179, 0.8256356249985402, 0.8457736249984009, 0.8659106249997421, 0.8860486249996029, 0.9061856249991251, 0.9263236249989859, 0.9464606249985081, 0.9665986250001879, 0.9867356249997101, 1.006873624999571, 1.0270106249990931, 1.047148624998954, 1.0672856249984761, 1.0874236250001559, 1.1075606249996781, 1.1276976249992003], "x_swing_data": [-0.001773, 0.001248, -0.039112, -0.091325, -0.147968, -0.261499, -0.273106, -0.181809, -0.044952, -0.049181, -0.044553, 0.107754, -0.028451, -0.338686, -0.943509, -1.565815, -1.542616, -2.394292, -1.373404, 0.004888, 1.634998, 3.956788, 7.874076, 13.690271, 11.332437, 13.789695, 11.346579, 10.456892, -1.089228, 4.55493, 3.811523, 4.376431, 4.392332, 3.728484, 3.822948, 3.279718, 1.718761, 0.917389, 1.036356, 1.228708, 0.998538, 0.513268, 0.142326, 0.075832, 0.025033, -0.049153, -0.056187, -0.146359, -0.449111, -0.382555, 0.22199], "y_swing_data": [-0.416647, -0.276121, -0.278443, -0.477401, -0.573463, -0.463509, -0.257318, -0.213628, -0.4158, -0.801484, -0.999619, -0.533191, -0.139804, -0.475798, -1.930536, -2.252324, -1.514494, -2.258278, -3.507769, -4.423016, 0.307726, -1.813162, -0.258865, -7.593097, -13.443586, -1.392357, -4.650584, 11.811923, 0.38668, -7.633863, 1.735569, 0.509655, -0.471811, -0.508312, 0.555108, 1.368072, 1.7758, 1.389651, 1.022179, 0.482809, -0.086625, -0.356349, -0.257132, 0.002437, 0.147087, -0.074574, -0.448866, -0.616579, 0.066584, 0.37613, 0.394153], "z_swing_data": [-0.397908, -0.553268, -0.578422, -0.543919, -0.467491, -0.384869, -0.597525, -0.714338, -0.587076, -0.225149, 0.057786, 0.125915, 0.143921, 0.86896, 2.240773, 2.258705, 2.727787, 3.858318, 3.007471, 3.148179, 4.94926, 4.338958, 4.649507, 2.676328, 5.793419, 6.001398, 7.903197, -4.76264, 0.87283, -0.004891, -2.94866, -2.607943, -2.524045, -2.678819, -3.050692, -2.583085, -1.920854, -1.154238, -0.64406, 0.001943, 0.409187, 0.411276, 0.295708, 0.212283, -0.055348, 0.153333, 0.364419, 0.380139, 0.300228, -0.317096, -0.173596], "sin_pitch_values": [-0.32906192126784156, -0.3438088375277624, -0.3553934843614218, -0.36848330887746017, -0.38906094133964697, -0.41382707512452355, -0.43148206592290533, -0.436269824879009, -0.4347205964121654, -0.4381872393926124, -0.44609108742311576, -0.4434381812553999, -0.4352140409413571, -0.45068183975574333, -0.4962404202212769, -0.54825310698336, -0.5955948762461417, -0.6482622838361864, -0.6823299015413027, -0.6497154071645108, -0.5042402894872923, -0.17177384890740915, 0.06471374588408224, -0.08325452154688479, -0.3269940435635333, -0.5618975979200884, -0.5466865703282858, -0.1401332585590669, 0.18791903058383402, 0.3018361058328624, 0.4358558634258364, 0.5517232427352378, 0.6333975904974967, 0.690326329677369, 0.7273791422814684, 0.7410273098833601, 0.7348143984021197, 0.7139000187777109, 0.6860580687162549, 0.6577358842556607, 0.6255185614227166, 0.5904893065012753, 0.5534601561961793, 0.5115622743519133, 0.46543055016270946, 0.4193834037995121, 0.36569461326513025, 0.29855190540529475, 0.2286473520062103, 0.16822920964565655, 0.12280620525305792], "sin_roll_values": [-0.8140554447299901, -0.8141379083000655, -0.8121402526941237, -0.8111179506691806, -0.8151180801482303, -0.8229390467662617, -0.8321297614401338, -0.8413039912257948, -0.8568703632375544, -0.8852405871331519, -0.9226863687460015, -0.956138137985615, -0.9786902412849464, -0.9939640732729252, -0.9997850236312803, -0.9841108331386302, -0.9481611466960895, -0.9296274832612466, -0.9429310570999956, -0.9856554541799959, -0.9922911015748609, -0.9305338714483614, -0.6971166887350683, -0.2079454267707521, 0.2580593728685417, 0.7610063927932967, 0.8893474464127473, 0.8655988135053119, 0.9065721626483452, 0.9260192943158104, 0.9542501852950742, 0.9834506492614998, 0.9987703542716628, 0.9970243606791012, 0.9868400276606955, 0.9863350064793787, 0.9941352655426987, 0.99907522657487, 0.999745744344052, 0.999260863936675, 0.9987482767751353, 0.999299292159701, 0.9999296393173343, 0.9998000001310622, 0.9984060876406606, 0.9951775141948986, 0.9876323217238079, 0.973758116505074, 0.9583700794795434, 0.945622784160067, 0.9288087322753411], "sin_yaw_values": [-0.1565039656349032, -0.1736521905606791, -0.1843662305249125, -0.19586455105552084, -0.21947176337463942, -0.25020792004858594, -0.26700899164126135, -0.2578226635062664, -0.23181296245296645, -0.21461927037296846, -0.2096412088047472, -0.1679364351023885, -0.0346770463927114, 0.16420103701395694, 0.32119208328324367, 0.43424143413460237, 0.5578309156353345, 0.7069928122727573, 0.859317135934375, 0.9759218136468507, 0.992671558331262, 0.9648493822414591, 0.9954569964245265, 0.9972587872883191, 0.9977246500509549, 0.8755647798848296, 0.6217433808150614, 0.7069289145331031, 0.770895374107825, 0.7453833138885447, 0.7739071682191315, 0.8402687111394767, 0.9021125941141173, 0.934558304488176, 0.9459429237289255, 0.9390731174630799, 0.9139571539929648, 0.8857807777395923, 0.8861536309295344, 0.914002599058438, 0.9406761756331672, 0.9544111093035285, 0.9620771911456644, 0.9712904926437391, 0.9807983234407879, 0.9867595410849032, 0.9867332533507776, 0.9809248823184291, 0.9783494020293497, 0.9848426801105178, 0.9927320967406782]}