{"timestamps": [0.20137400000021444, 0.22151099999973667, 0.24164899999959744, 0.26178599999911967, 0.2819229999986419, 0.30206100000032166, 0.3221979999998439, 0.34233599999970465, 0.3624729999992269, 0.3826099999987491, 0.4027479999986099, 0.4228849999999511, 0.44302199999947334, 0.4631599999993341, 0.48329699999885634, 0.5034349999987171, 0.5235720000000583, 0.5437089999995806, 0.5638468333327182, 0.5839838333322405, 0.6041218333321012, 0.6242588333334425, 0.6443958333329647, 0.6645338333328255, 0.6846708333323477, 0.7048078333336889, 0.7249458333335497, 0.7450828333330719, 0.7652208333329327, 0.7853578333324549, 0.8054948333319771, 0.8256328333336569, 0.8457698333331791, 0.8659068333327014, 0.8860448333325621, 0.9061818333320844, 0.9263198333319451, 0.9464568333332863, 0.9665938333328086, 0.9867318333326693, 1.0068688333321916, 1.0270058333335328, 1.0471438333333936, 1.0672808333329158, 1.0874188333327766, 1.1075558333322988, 1.12769283333364, 1.1478308333335008, 1.167967833333023, 1.1881058333328838, 1.208242833332406], "x_swing_data": [-0.202689, -0.112867, -0.115123, -0.149793, -0.121245, -0.194903, -0.271791, -0.200466, -0.050077, 0.053916, 0.063106, 0.129242, 0.311521, 0.425198, 0.5754, 0.649511, 0.801046, 0.902051, 0.915193, 1.056829, 1.340302, 2.095912, 4.291055, 9.421329, 15.366934, 24.886015, 11.244349, 7.587055, 13.192202, 16.072676, 13.833433, 11.708696, 9.053233, 8.479157, 6.111834, 3.319662, 2.232803, 1.171239, 0.910613, 0.568512, 0.282031, 0.170105, 0.230372, 0.427877, 0.492097, 0.388663, 0.511906, 0.621894, 0.627418, 0.620264, 0.848706], "y_swing_data": [-0.96126, -0.998896, -0.84676, -0.779665, -0.787058, -0.458093, -0.428202, -0.575858, -0.81589, -0.736521, -0.713258, -0.628605, -0.644138, -0.564036, -0.548294, -0.681281, -0.948445, -1.146286, -1.492857, -1.630475, -0.908552, 0.851513, 0.588922, 0.673792, -2.543787, -7.547081, -13.811488, 2.645534, -8.778258, -1.868669, 4.203175, 5.853476, 3.226739, 1.880858, 0.854975, 1.146279, 2.689404, 1.988902, 1.27292, 1.198401, 1.050685, 1.076053, 0.655076, 0.188747, -0.082675, 0.033109, 0.130267, -0.121582, -0.380616, -0.881185, -0.42703], "z_swing_data": [-0.0911, -0.150813, -0.216558, -0.153626, -0.122981, -0.16608, -0.083307, -0.0849, -0.205553, -0.282532, -0.344111, -0.244678, -0.132404, 0.007031, 0.092906, 0.39936, 0.775546, 1.359804, 2.21308, 3.448806, 5.60181, 8.124169, 8.337955, 7.892532, 6.630822, 2.809433, 6.33318, 17.539509, 10.705276, 5.724515, 2.064787, -1.238103, -1.531845, -1.970121, -1.869365, -1.483061, -0.854634, -0.258667, 0.186102, 0.480875, 0.637285, 0.64549, 0.720242, 0.900728, 0.979583, 0.806932, 0.455278, 0.605976, 0.760705, 0.549294, 0.369574], "sin_pitch_values": [-0.17920174332979297, -0.21105387920649774, -0.2394302596275071, -0.2703263638327276, -0.30517005738289205, -0.3374870102886532, -0.3660985177576721, -0.39266081684214466, -0.418580736698121, -0.4449406604201087, -0.4704291162434414, -0.49094051832563607, -0.5007049731980061, -0.49912438738659604, -0.48895292373965465, -0.4830239655030055, -0.4981882437021804, -0.5436862451279897, -0.6202983367145499, -0.7180754060609186, -0.7901127998743804, -0.7651099052312884, -0.5414190278195964, -0.07747428637691295, 0.28055376853687003, -0.033790566335624106, -0.6126506498709067, -0.6187338644457423, -0.4374985659754464, -0.218903916064445, 0.0569192206455327, 0.31551184290869516, 0.5360195599500635, 0.7097462939187994, 0.8295386221622845, 0.8994681936070354, 0.9281279367558819, 0.9308426177106139, 0.9154521310892842, 0.8863585238210961, 0.8472087209947468, 0.8036681722548628, 0.7528391627860781, 0.6894489431210968, 0.6165435699037904, 0.5493749442757656, 0.49829315539159247, 0.4556426255602768, 0.40939331577966614, 0.3621169717189936, 0.33661142739620736], "sin_roll_values": [-0.868994680392797, -0.9040021792730216, -0.9329953404973452, -0.9567037224810617, -0.9753291106458915, -0.9880825447090652, -0.9958783960407812, -0.9997825147000787, -0.9983822757906772, -0.9902710839663642, -0.9741362959542811, -0.9457471788812915, -0.8980716802367417, -0.8266716822886349, -0.7312063082126704, -0.6162078424864997, -0.48793255691243825, -0.3552464056316902, -0.2388337372186619, -0.19145332951429378, -0.3412417756870892, -0.7283334401406639, -0.9495097754629271, -0.999282929146396, -0.7869036250559094, -0.14187864374255005, 0.24619941029887332, 0.752134453117405, 0.9560440626477578, 0.995474436512958, 0.9996843253338853, 0.9994424831068196, 0.9937904599972046, 0.9881210955063073, 0.9960745182791811, 0.9981945789786116, 0.9670642010281107, 0.8925375300936572, 0.8060414555114424, 0.7417151822527728, 0.7093108037519672, 0.7114792178976592, 0.7268704418996867, 0.7363521727636931, 0.742703679647066, 0.758259967640245, 0.7816874971927907, 0.8065377415275732, 0.8265199223202881, 0.8366482029638455, 0.8356653089531703], "sin_yaw_values": [-0.619246729726748, -0.6564415874526218, -0.6851867039259134, -0.7152739274053453, -0.7458380170921031, -0.76939724669266, -0.7832392548355865, -0.7986063189385957, -0.8133270795635398, -0.8254793874515702, -0.8326224550390152, -0.8351228030975563, -0.8353290182025964, -0.8283108284595192, -0.8062858245621869, -0.7578732266192323, -0.6735949315875673, -0.5491560045233498, -0.3774888417322979, -0.12749107634464957, 0.3009178805018823, 0.8288600535349998, 0.9983408113087768, 0.9950224506978157, 0.9730631415582797, 0.7087579474575892, 0.7302699383926088, 0.9687252744975752, 0.9943809430593442, 0.9508745236423772, 0.9484223666708231, 0.9656750225631024, 0.9777763536756571, 0.9826743015543524, 0.9638871866931996, 0.9071746224697712, 0.8191684281616312, 0.7032457592081659, 0.6098122334000201, 0.5649433974422396, 0.5675348086671409, 0.6132753544069155, 0.6746892830452673, 0.729887701803745, 0.7798916260448971, 0.8353282780123764, 0.8922887520359144, 0.9407653804885577, 0.9721099099662108, 0.9907841778092988, 0.9996392469488586]}