{"timestamps": [0.48329412499879254, 0.5034311250001338, 0.523568124999656, 0.5437051249991782, 0.563843124999039, 0.5839801250003802, 0.6041171249999024, 0.6242541249994247, 0.6443911249989469, 0.6645291249988077, 0.6846661250001489, 0.7048031249996711, 0.7249401249991934, 0.7450771250005346, 0.7652151250003953, 0.7853521249999176, 0.8054891249994398, 0.825626124998962, 0.8457631250003033, 0.865901125000164, 0.8860381249996863, 0.9061751249992085, 0.9263121250005497, 0.9464501250004105, 0.9665871249999327, 0.9867241249994549, 1.0068611249989772, 1.0269981250003184, 1.0471361250001792, 1.0672731249997014, 1.0874101249992236, 1.1075471250005648, 1.1276851250004256, 1.1478221249999478, 1.16795912499947, 1.1880961249989923, 1.2082331250003335, 1.2283711250001943, 1.2485081249997165, 1.2686451249992388, 1.288782124998761, 1.3089201250004407, 1.329056666665565, 1.3491936666669062, 1.3693306666664284, 1.3894676666659507, 1.4096056666658114, 1.4297426666671527, 1.449879666666675, 1.4700166666661971, 1.490154666666058], "x_swing_data": [-0.19675, -0.222023, -0.205133, -0.133239, -0.081121, -0.086836, 0.002946, 0.033908, 0.087144, 0.160866, 0.257707, 0.187276, 0.162493, 0.087219, 0.084687, 0.141808, 0.138051, 0.175205, 0.441317, 1.3308, 1.722525, 2.286817, 2.935398, 3.824349, 5.531225, 7.681546, 4.798925, 0.847272, 2.631018, 4.036197, 4.314774, 6.036706, 2.624088, 1.326445, 1.60951, 1.497135, 1.369521, 1.769214, 1.617365, 1.191086, 0.987086, 0.891855, 0.887044, 0.821405, 0.605172, 0.448343, 0.34904, 0.295422, 0.19288, 0.092417, 0.091036], "y_swing_data": [-0.358964, -0.365289, -0.493805, -0.414381, -0.371491, -0.336835, -0.362552, -0.521966, -0.592768, -0.405638, -0.290644, -0.342816, -0.244238, 0.204193, 0.140114, 0.10709, 0.02075, 0.49979, 1.34996, 1.409015, 1.205797, 0.959175, 0.48343, -0.348218, -2.070393, -3.807296, -3.747495, -4.100316, -2.137209, 6.051601, -5.859487, 0.577855, 2.978656, 3.808867, 0.57391, 0.51546, -0.492504, -1.040456, -0.788933, -0.345595, 0.210578, 0.412542, 0.332288, 0.257746, 0.076481, 0.00639, -0.034168, -0.239528, -0.145912, 0.110104, 0.052709], "z_swing_data": [0.018859, 0.063645, 0.22637, 0.187828, 0.022536, 0.051028, 0.123769, 0.195488, 0.221967, 0.067336, 0.197645, 0.591043, 0.773074, 0.830432, 0.784344, 1.116786, 1.342888, 1.686661, 1.932075, 2.408147, 2.797872, 2.953197, 3.022016, 3.100698, 2.237375, -0.157404, -1.790855, 4.533386, 10.215274, 0.600074, 3.286477, 0.46777, -0.861895, -1.079772, -0.521107, -0.868383, -0.625256, -0.628967, -0.702005, -0.832013, -0.903444, -0.951899, -0.866976, -0.724566, -0.563633, -0.550336, -0.453857, -0.32265, -0.350603, -0.43659, -0.457218], "sin_pitch_values": [-0.6341873371035016, -0.6793914678694281, -0.7241513291252992, -0.766309446877229, -0.8049024142657847, -0.8393378423567636, -0.8689145079188896, -0.8902059260072983, -0.9008276447343632, -0.9039902081389413, -0.8965242062451587, -0.8755006871351823, -0.849249372761963, -0.8326412851515742, -0.833488196202183, -0.8466302085895543, -0.8719048612374292, -0.9065670979729585, -0.9259804093572579, -0.8935513064161589, -0.7812020451683823, -0.5725780886639705, -0.2717423036748007, 0.06445628453502043, 0.3082072810409791, 0.4077157112119964, 0.27360782720230287, -0.2953539736394856, -0.6154044598678542, -0.5762517974945505, -0.5400285242223538, -0.46052006525826117, -0.31939407312906254, -0.18184066370094526, -0.09030480872256999, 0.014422499952750266, 0.11380390521436651, 0.19027180304613747, 0.24146185580569068, 0.27693319293780044, 0.3128726249500862, 0.3507744751659583, 0.3897830519192298, 0.4278809836877522, 0.463703751768305, 0.4978604560749866, 0.5276298476731709, 0.5499764165108336, 0.5659260115556503, 0.5848044771354491, 0.6053368547641378], "sin_roll_values": [-0.9681021590998292, -0.9817994428606452, -0.9926778827002334, -0.9990274736438103, -0.9993600473182376, -0.9927884294892431, -0.9737416489674741, -0.9204755674266228, -0.8097257780818212, -0.6530490820832173, -0.4547750824934404, -0.24792583149159148, -0.07918965275158568, 0.04188040110274676, 0.12004444755321797, 0.1579395404710488, 0.13295479800691265, -0.03207515114080935, -0.43917453656575756, -0.8311955869805413, -0.9700762493216432, -0.9991092618009615, -0.9920462951141708, -0.9396295101532618, -0.7998054271555161, -0.61784495455288, -0.4378878868240988, -0.22115242804950838, -0.07641643196227622, 0.2873145583269308, 0.5482229993795401, 0.6703534456849415, 0.7144187062401094, 0.737919898115411, 0.7493255532831323, 0.7691499848615037, 0.7957288247253104, 0.8132235050828608, 0.8238044872580947, 0.8332322821216289, 0.8443999066677118, 0.8561317599512596, 0.8666025499588779, 0.876754090400099, 0.8880067000351194, 0.8988822628769952, 0.9051778614068741, 0.9040248369792253, 0.8973347090548259, 0.8921814345251213, 0.885539949467472], "sin_yaw_values": [-0.6061571773496743, -0.6277162615066844, -0.6555585174299973, -0.6843996676034132, -0.7079568033731742, -0.7285953794068636, -0.7611134252562538, -0.8260180437530746, -0.8987437498872922, -0.9459491982338503, -0.9747708257924347, -0.987886883969083, -0.988026759143578, -0.9763195563975127, -0.9459102736425098, -0.8864427750557065, -0.7735348741472935, -0.5265080821293844, 0.005023978865251035, 0.5933063182340269, 0.8649792401246548, 0.9537516134740813, 0.9776083931675126, 0.9719364115058557, 0.9240247917997657, 0.8009067534492559, 0.5959209608473555, 0.42850001028744256, 0.4982341976540463, 0.7714080989488111, 0.934329805334702, 0.987734493546586, 0.9925235547562055, 0.9905333202322677, 0.9868318357296112, 0.9770905385324906, 0.9638854147484294, 0.9534170629453584, 0.9482546459457167, 0.943671389841199, 0.9322494585007143, 0.9113484060342188, 0.8798649767265782, 0.8373273046432415, 0.7855757128964145, 0.7264458764150056, 0.6716954428117302, 0.6341192948587175, 0.6060482094131276, 0.566757599472005, 0.5223734645214251]}