{"timestamps": [0.5437031666660914, 0.5638401666656137, 0.5839771666669549, 0.6041141666664771, 0.6242511666659993, 0.6443891666658601, 0.6645261666653823, 0.6846631666667236, 0.7048001666662458, 0.724937166665768, 0.7450741666671092, 0.76521216666697, 0.7853491666664922, 0.8054861666660145, 0.8256231666655367, 0.8457601666668779, 0.8658971666664002, 0.8860341666659224, 0.9061721666657832, 0.9263091666671244, 0.9464461666666466, 0.9665831666661688, 0.9867201666656911, 1.0068571666670323, 1.026995166666893, 1.0471321666664153, 1.0672691666659375, 1.0874061666654598, 1.107543166666801, 1.1276801666663232, 1.1478171666658454, 1.1679551666657062, 1.1880916249992879, 1.2082286249988101, 1.2283656250001513, 1.2485026249996736, 1.2686396249991958, 1.2887776249990566, 1.3089146250003978, 1.32905162499992, 1.3491886249994423, 1.3693256249989645, 1.3894626250003057, 1.4096006250001665, 1.4297376249996887, 1.449874624999211, 1.4700116249987332, 1.4901486250000744, 1.5102856249995966, 1.5304226249991189, 1.5505606249989796], "x_swing_data": [0.09078, -0.039679, -0.096027, -0.084588, -0.155915, -0.236747, -0.066174, 0.032474, -0.032822, -0.036615, 0.103991, 0.184119, 0.179179, 0.093852, 0.096895, 0.252025, 0.431639, 0.539923, 1.24262, 1.802099, 2.335475, 2.958663, 3.636572, 4.821431, 7.900473, 8.318276, 2.420835, 0.861821, 3.056367, 3.359156, 6.56001, 4.428044, 2.633337, 2.011505, 1.759295, 1.486779, 1.140703, 1.168726, 1.291281, 1.000105, 0.641936, 0.493622, 0.421368, 0.399082, 0.301305, 0.233498, 0.178432, 0.088711, -0.02302, -0.091443, -0.146483], "y_swing_data": [-0.486707, -0.363824, -0.189291, -0.061803, -0.016249, -0.152454, -0.106664, 0.021001, -0.000146, -0.166231, -0.054062, 0.103488, 0.149948, 0.261725, 0.257062, -0.014175, -0.122284, 0.389755, 0.840358, 1.080494, 1.296113, 1.010322, 0.661832, -0.473235, -3.096467, -4.95607, -2.288477, -5.27316, 1.639731, 0.582645, -2.675114, 0.845428, 2.645651, 2.035408, 0.294564, 1.253064, 0.07614, -0.778614, -0.709955, -0.203416, -0.068305, -0.007402, 0.099849, 0.137963, 0.088559, 0.010707, -0.120099, -0.174458, -0.103387, -0.012793, 0.025683], "z_swing_data": [0.320032, 0.225385, 0.186521, 0.204295, 0.2873, 0.31762, 0.227139, 0.232817, 0.328364, 0.437748, 0.487113, 0.638561, 0.941431, 1.152915, 1.180507, 1.182948, 1.385679, 1.638796, 1.977761, 2.342626, 2.58769, 2.552495, 2.719675, 3.074518, 1.959032, -2.175155, 0.246495, 6.161955, 5.543558, 1.518731, 1.494684, -0.853226, -1.425401, -1.030351, -1.275553, -1.562679, -0.982235, -0.774783, -0.806911, -0.845044, -0.682794, -0.625542, -0.671729, -0.657373, -0.563267, -0.411577, -0.298985, -0.240847, -0.216807, -0.184771, -0.177728], "sin_pitch_values": [-0.7352876505901211, -0.7681053612386105, -0.8012904126899001, -0.8331653723259739, -0.8608231696444419, -0.8798407391705287, -0.8892568970405103, -0.8904827409278607, -0.8843930453756067, -0.8721481221741997, -0.8596647185516642, -0.8529792886294951, -0.8514709791222381, -0.8561953146587915, -0.8713563687930591, -0.9020078623589728, -0.9470223140593459, -0.9804843102907723, -0.971088967278268, -0.889476807459035, -0.7137746630130357, -0.43856113709414885, -0.09453163804693664, 0.22305372292470024, 0.34268080321202854, 0.30719014487725055, 0.05275549828884597, -0.46003445222267436, -0.5945074868624379, -0.5447206743654472, -0.4582559535665767, -0.338928731523545, -0.18541876509245245, -0.0614402789559237, 0.019203819451931385, 0.12626407338541265, 0.2326494505493614, 0.309031958869568, 0.3635464366022929, 0.4126122930221707, 0.4557120568719837, 0.49212488654685127, 0.5248824466289417, 0.5545740480748225, 0.5807917849098269, 0.6042585576335069, 0.6243772273482115, 0.6400566539026339, 0.6520764134438232, 0.6610813172231708, 0.667589906747258], "sin_roll_values": [-0.9998655283732607, -0.9969104367154102, -0.9891913954365316, -0.9735258508258163, -0.9422631956422154, -0.8800975662591675, -0.771440330902274, -0.620498058209439, -0.44464299968404847, -0.26589541323675336, -0.10472428107986811, 0.03325552082605011, 0.14747676427183135, 0.22925054661306277, 0.2729524166022125, 0.2813500051896331, 0.22567967483272822, -0.19499823791421836, -0.9211101806244549, -0.9990881659319691, -0.9967299994391361, -0.9877348058301867, -0.9616330272916123, -0.8550270506930036, -0.6035834612735792, -0.41238910848868005, -0.2507287711777389, -0.07740748758158766, 0.16374627678332326, 0.47018731063406805, 0.661723343954129, 0.7470298543410963, 0.7825312299957745, 0.8001420467714193, 0.8062828669214304, 0.8161392653779216, 0.8333030494534983, 0.8477777450035756, 0.8557920654630847, 0.8631085551080327, 0.8720106107645922, 0.8815842382493708, 0.8921285821869681, 0.9032178608619568, 0.9144318717872948, 0.9251053695627689, 0.9339457677888928, 0.9402040907779087, 0.9450808873715751, 0.9491021685783926, 0.9522971614363739], "sin_yaw_values": [-0.6852500693031964, -0.6990220427710676, -0.7108879896559931, -0.7281692031029197, -0.7601428899507336, -0.8126265777188498, -0.8741685319230962, -0.9244615754973763, -0.9572460489708983, -0.9745740252954521, -0.9799066652265596, -0.9771641171682798, -0.9668079074551046, -0.9436515350947562, -0.8992872042287109, -0.8271155777547754, -0.6990449256170513, -0.2194678608974742, 0.7617759160739646, 0.9651869017623661, 0.9949297821165815, 0.9987352052697426, 0.9957001964627916, 0.9692393009066377, 0.8586607598864642, 0.6996753522109956, 0.546891701563133, 0.5088333155366122, 0.681923335413019, 0.8714427098147134, 0.9708751654734769, 0.9955535334767854, 0.997358930786473, 0.9985970295999461, 0.9987921201644796, 0.9952297525447494, 0.9867399650924952, 0.9774893427828212, 0.9696702379195958, 0.9598250320562716, 0.9482174906884961, 0.9352533112610693, 0.9182264701265583, 0.8945891498281955, 0.8642834071440858, 0.8293554061568662, 0.7933942123907413, 0.7604942966596419, 0.7297354850504684, 0.699527443812098, 0.6687959109443861]}