{"timestamps": [0, 0.020137999999860767, 0.040274999999383, 0.06041199999890523, 0.08055000000058499, 0.10068700000010722, 0.12082399999962945, 0.14096199999949022, 0.16109899999901245, 0.18123699999887322, 0.20137400000021444, 0.22151099999973667, 0.24164899999959744, 0.26178599999911967, 0.2819230000004609, 0.30206100000032166, 0.3221979999998439, 0.34233554166712565, 0.3624725416666479, 0.3826095416661701, 0.4027475416660309, 0.4228845416655531, 0.44302254166723287, 0.4631595416667551, 0.48329654166627734, 0.5034345416661381, 0.5235715416656603, 0.5437085416670016, 0.5638465416668623, 0.5839835416663846, 0.6041215416662453, 0.6242585416657676, 0.6443955416671088, 0.6645335416669695, 0.6846705416664918, 0.704807541666014, 0.7249455416658748, 0.745082541667216, 0.7652205416670768], "x_swing_data": [0.43733, 0.541754, 0.58784, 0.561531, 0.645113, 0.719231, 0.843496, 1.363131, 2.633667, 4.735367, 7.656009, 10.472585, 12.353374, 13.120197, 4.641888, 6.549748, 9.742294, 11.071589, 7.960563, 7.310974, 5.885416, 4.789148, 4.605188, 3.274926, 1.742272, 1.688649, 1.208455, 0.534624, 0.54354, 0.528027, 0.499178, 0.396909, 0.462658, 0.494994, 0.532009, 0.6296, 0.652618, 0.730012, 0.738591], "y_swing_data": [-0.29985, -0.374593, -0.463864, -0.516796, -0.674509, -0.730983, -0.400443, 0.826878, 1.251445, 1.427361, 0.657972, -1.951209, -3.69533, -8.006632, -3.820574, -2.914253, -2.576366, 2.708955, 1.578788, 4.895445, 5.06254, 2.591456, 0.689779, 2.428118, 2.270316, 1.416627, 1.847838, 1.994772, 1.727784, 1.052392, 0.773488, 0.734429, 0.602437, 0.523701, 0.305055, -0.078377, -0.37484, -0.410158, -0.040024], "z_swing_data": [0.244617, 0.467232, 0.698225, 0.918701, 1.313179, 1.958234, 3.193839, 4.596782, 4.995936, 5.371122, 4.473687, 2.992404, 1.679042, 1.488087, 12.165385, 8.194148, 3.924019, 0.736338, -0.287572, -1.20463, -2.319405, -2.660562, -1.975638, -0.95563, -0.313107, -0.10379, 0.071588, 0.277102, 0.475775, 0.658446, 0.83201, 0.793958, 0.794929, 0.852473, 0.855043, 0.829549, 0.812059, 0.690616, 0.396321], "sin_pitch_values": [-0.5107414610728446, -0.5291953805064401, -0.5539672748043618, -0.5885579747607435, -0.6371246868277838, -0.6887315144327482, -0.7114475953560647, -0.6718258180297053, -0.5294549967263837, -0.24227109393633983, 0.12637120828867415, 0.36620460105377517, 0.21307093544152125, -0.2940008487314156, -0.5953088690611263, -0.5855180839793986, -0.4620168735945285, -0.2806084788647988, -0.1124963567930206, 0.06545816409394012, 0.2742858572935087, 0.48012832836116476, 0.6422023935417371, 0.753893953931213, 0.822683873599004, 0.8605049364193335, 0.8778210504457128, 0.8771875406007599, 0.8635112849628184, 0.8334135960767692, 0.7901961553270548, 0.7433093817205416, 0.6962486598235234, 0.648029259854632, 0.5953377945655993, 0.5358963002255148, 0.4724645278905121, 0.4149765237640863, 0.3706047020037671], "sin_roll_values": [-0.6347466850664208, -0.5510847614439578, -0.46779882823582364, -0.39307891358546376, -0.3384532522742644, -0.3263519678652038, -0.4005093441979314, -0.5949172170270305, -0.8182140520816347, -0.9545548731584377, -0.9979637914036411, -0.7841684717729639, -0.16413494604348317, 0.19305228097549648, 0.4733993738008422, 0.7933710809078457, 0.9180858124819, 0.939978399890314, 0.9506840616968739, 0.9550205283973315, 0.9610426346080309, 0.9577355699976295, 0.9252476959462124, 0.8663289683883559, 0.7823064163187087, 0.6776534538478024, 0.5816543537382209, 0.5175858063811726, 0.4833514087808259, 0.4705667708133556, 0.4780383603144932, 0.5023971631029892, 0.5363360993396163, 0.5755405526787236, 0.6149511365528316, 0.6523932645265459, 0.6886756861218463, 0.7237174016474226, 0.7593112305884715], "sin_yaw_values": [-0.19478736063654203, -0.27402779257751386, -0.3682245342182852, -0.47930763421114203, -0.606309596917491, -0.7484585228545341, -0.9005994271755915, -0.9977475153491557, -0.9410056535394048, -0.8095416836761862, -0.7586926967889316, -0.8974203141995466, -0.9949641195569333, -0.997645428127725, -0.9749032394040124, -0.7884407786203917, -0.567314415917501, -0.47895157414357165, -0.4309154485642767, -0.42503178505049344, -0.44287969724650134, -0.3921006568952249, -0.26194980180354555, -0.11325547412013341, 0.04581995191335573, 0.18334002688667203, 0.27197807617994973, 0.3077791561972307, 0.3009503044298475, 0.2661858996661065, 0.2067450922312021, 0.1260220224428762, 0.028383187676513138, -0.08257985284949024, -0.19694900888072459, -0.30132315458680986, -0.395450243112869, -0.49550923250759754, -0.6106031647471454]}