{"timestamps": [0.060410999998566695, 0.08054899999842746, 0.10068599999976868, 0.12082299999929091, 0.14095999999881315, 0.1610979999986739, 0.18123500000001513, 0.20137199999953737, 0.2215089999990596, 0.24164599999858183, 0.2617839999984426, 0.2819209999997838, 0.30205799999930605, 0.3221949999988283, 0.34233299999868905, 0.3624699999982113, 0.3826069999995525, 0.40274399999907473, 0.4228819999989355, 0.44301899999845773, 0.46315599999979895, 0.4832929999993212, 0.5034299999988434, 0.5235679999987042, 0.5437049999982264, 0.5638419999995676, 0.5839789999990899, 0.6041159999986121, 0.6242539999984729, 0.6443909999998141, 0.6645279999993363, 0.6846649999988585, 0.7048029999987193, 0.7249399999982415, 0.7450769999995828, 0.7652133749998029, 0.7853503749993251, 0.8054883749991859, 0.8256253749987081, 0.8457623749982304, 0.8658993749995716, 0.8860363749990938, 0.9061743749989546, 0.9263113749984768, 0.946448374999818, 0.9665853749993403, 0.986723374999201, 1.0068603749987233, 1.0269973749982455, 1.0471343749995867, 1.067271374999109], "x_swing_data": [0.276552, 0.279955, 0.3029, 0.385656, 0.272622, 0.044308, -0.230227, -0.520783, -1.27547, -1.410654, -1.252474, -1.290134, -1.09656, -0.740946, -0.800724, -0.725829, -0.389756, -0.140979, 0.052368, 0.268026, 0.497025, 0.999161, 1.644279, 2.701858, 5.29227, 8.958597, 8.887913, 7.83226, 4.901698, 1.121382, 3.997077, 2.829023, 2.679445, 3.904773, 3.718391, 3.202431, 3.505389, 3.694875, 4.561822, 5.010168, 4.457096, 3.967292, 3.848855, 2.779571, 1.89293, 1.129247, 0.874303, 0.77588, 0.609619, 0.375842, 0.154203], "y_swing_data": [-0.001025, -0.153393, -0.302222, -0.181963, 0.008065, 0.221766, 0.155577, 0.062447, 0.188386, 0.431413, 0.586511, 0.341374, 0.261163, 0.62798, 0.834219, 0.754577, 0.631139, 0.075084, -0.212393, -0.153942, -0.025672, 0.273693, 1.140114, 3.387746, 4.090694, -1.514408, -6.605148, -4.033455, -2.340052, -0.773956, 0.161083, -0.604908, -3.987151, -0.340404, -1.483332, -1.958558, -0.805398, -0.58729, -1.326004, -1.982638, -2.807186, -1.3816, 0.878702, 1.627017, 1.270288, 0.890822, 0.687641, 0.459511, 0.202072, -0.096968, 0.050525], "z_swing_data": [0.434609, 0.437949, 0.228097, 0.180778, -0.028685, 0.022978, 0.053248, 0.375059, 0.591426, 0.653341, 0.635364, 0.787819, 0.837671, 0.840482, 0.770597, 0.555619, 0.470543, 0.794543, 1.268772, 1.912765, 2.259719, 2.589212, 3.676687, 4.459365, 6.070839, 8.630321, 5.233009, 4.151142, 3.201531, 8.048798, 3.633273, 5.12889, 3.026147, 1.82616, 0.964053, 0.213233, -0.038161, 0.096331, 0.824978, 1.197639, 0.315729, -0.269511, -0.563363, -0.911247, -0.900862, -0.335066, -0.119283, -0.049547, 0.027142, -0.041993, 0.142306], "sin_pitch_values": [0.17229988723377618, 0.10634154547930376, 0.0353026630623497, -0.04406972258674207, -0.12934063462442874, -0.21129335410504302, -0.28212080972709863, -0.35153944580386826, -0.4183945510881407, -0.47859074091719267, -0.5340485714131454, -0.5871997498449505, -0.6408914478303834, -0.6903335646242524, -0.7251071644802294, -0.7421885221426646, -0.75091069679715, -0.7773486135890364, -0.8281914724079923, -0.8690144725547096, -0.8692998197860503, -0.8110541936461263, -0.6494972094558179, -0.3201245946764865, -0.01907784253552819, 0.17612842847457602, 0.3145599159604844, 0.3148873842126497, 0.1764119189187247, -0.046874817068024224, -0.0221751821984922, 0.14655721236370944, 0.24955820685251012, 0.3594253325576544, 0.47482836582670457, 0.5324539431519294, 0.5804514603819917, 0.6253414378002365, 0.6549995311500498, 0.6745891506694169, 0.6973611307702517, 0.7282473336760148, 0.7654047310406148, 0.8119692633933971, 0.8534794413438415, 0.884962744741173, 0.9109383772903746, 0.9339368321283098, 0.9550478060075286, 0.9670883772587016, 0.9660068051040855], "sin_roll_values": [-0.9989971102632393, -0.999827718528785, -0.9999957241594455, -0.9999243273321271, -0.9999848126769225, -0.9999902332602782, -0.9997451577383271, -0.9984341066817061, -0.9950566717690436, -0.9902038978442836, -0.982984287224533, -0.9720850447764535, -0.9557379033573722, -0.9274618424095907, -0.8746142820035373, -0.7920022537598225, -0.6989316868586327, -0.635481254918216, -0.6265296964647774, -0.6702055089670724, -0.7474370003995567, -0.8714371443750218, -0.9780913949989445, -0.9989003343756426, -0.9536830528329511, -0.8417199747469533, -0.5333491985768342, -0.15211715007101073, 0.12715185971190232, 0.3402953731777359, 0.5279560069308562, 0.6672570355146816, 0.7945468963174787, 0.8773032307727724, 0.9258742751926585, 0.9574563874596947, 0.9809082287604868, 0.9977821526396786, 0.9965763803714427, 0.9820244990812435, 0.9751928633504658, 0.9791998588244432, 0.9862197692486044, 0.9873116352584385, 0.9826188407259772, 0.978832237500304, 0.9775603161787363, 0.9842426618647852, 0.9993145540288543, 0.9712017721923966, 0.8323121735430192], "sin_yaw_values": [0.3285034504150373, 0.342942571548018, 0.3581144792178259, 0.37286674075354226, 0.3769226558094259, 0.3689877240234468, 0.3541047836467925, 0.3481197552517635, 0.35351459835986293, 0.35198376409557264, 0.3345207666878741, 0.3114662568873469, 0.2914790398751657, 0.2820130251729246, 0.2931200964188042, 0.3130888411034394, 0.2890474387930325, 0.18015266519436177, -0.01495209640569822, -0.26829398781784797, -0.5255595206429409, -0.7676298078053723, -0.9333090431537964, -0.9791793611225927, -0.9828563855183569, -0.9729631470494997, -0.9182603903541449, -0.8208111494162635, -0.7330447827914134, -0.7396489971112566, -0.8149452133367929, -0.8803239423279529, -0.9202820086079088, -0.9455006303681984, -0.9605665428091703, -0.9717218555146143, -0.9750918232165586, -0.9673825366774711, -0.952093905390668, -0.9486775682244694, -0.9744420283365901, -0.9973626810726316, -0.9997361706744428, -0.9994084014986975, -0.9999745793276015, -0.9999882306566418, -0.9999847666425304, -0.9996743230965969, -0.9885333802519907, -0.9127868141259847, -0.719228329032926]}