{"timestamps": [0.8256361250005284, 0.8457741250003892, 0.8659111249999114, 0.8860491250015912, 0.9061861250011134, 0.9263241250009742, 0.9464611250004964, 0.9665991250003572, 0.9867361249998794, 1.0068741250015592, 1.0270111250010814, 1.0471491250009421, 1.0672861250004644, 1.0874241250003251, 1.1075611250016664, 1.1276991250015271, 1.1478361250010494, 1.1679731250005716, 1.1881101250000938, 1.2082481249999546, 1.2283851250012958, 1.2485231250011566, 1.2686601250006788, 1.2887981250005396, 1.3089351250000618, 1.3290731249999226, 1.3492101250012638, 1.3693481250011246, 1.3894851250006468, 1.409622125000169, 1.4297601250000298, 1.449897125001371, 1.4700351250012318, 1.490172125000754, 1.5103101250006148, 1.530447125000137, 1.5505851249999978, 1.570722125001339, 1.5908601250011998, 1.610997125000722, 1.6311351250005828, 1.651272125000105, 1.6714101249999658, 1.691547125001307, 1.7116851250011678, 1.73182212500069, 1.7519601250005508, 1.772097125000073, 1.7922351249999338, 1.812372125001275, 1.8325101250011357], "x_swing_data": [-0.253137, -0.206963, -0.186997, -0.235966, -0.151078, -0.228123, -0.184215, -0.252135, -0.495571, -0.505083, -0.438196, -0.57653, -0.856526, -1.036717, -1.233325, -1.322164, -1.042713, -0.088027, 1.470279, 3.174657, 7.486191, 12.426037, 11.090673, 13.406825, 7.36677, 16.339708, -2.609731, 5.521697, 5.381059, 5.413059, 5.107405, 4.344058, 3.417965, 3.041667, 1.584098, 1.189416, 1.133978, 0.745659, 0.455443, 0.18893, -0.039474, -0.053152, -0.117903, -0.125096, -0.207387, -0.275745, -0.125932, 0.219198, 0.269841, 0.221486, 0.265127], "y_swing_data": [-0.550334, -0.469783, -0.46103, -0.562254, -0.827831, -0.882843, -0.474632, -0.399402, -0.882752, -0.923045, -0.745705, -0.75561, -1.133491, -1.859408, -2.184516, -2.355706, -2.858927, -3.232621, -1.935101, -0.418185, -1.41559, -5.236131, -13.702593, -6.194794, -5.651103, 10.634479, 3.551947, -10.866942, 3.429923, 1.311601, 0.248738, 1.951504, 2.42594, 2.944044, 2.731812, 1.113739, 0.247472, 0.005268, 0.199308, 0.203964, 0.179107, 0.213935, 0.243153, -0.171842, -0.19556, 0.214724, 0.599234, 0.346052, -0.247614, -0.483105, -0.38882], "z_swing_data": [-0.61467, -0.658804, -0.630031, -0.392195, -0.376096, -0.341048, -0.493738, -0.359546, -0.097858, -0.047693, -0.127855, 0.217373, 0.986842, 1.727526, 2.193973, 2.496246, 2.787184, 3.563278, 4.303443, 6.195721, 4.694039, 2.507643, 0.193124, 4.416508, 10.765841, -2.593776, -0.442059, 0.347934, -3.266942, -2.887985, -3.074712, -2.801663, -2.679493, -2.468386, -1.984347, -1.147735, -0.369371, 0.022592, 0.024927, 0.012513, -0.001522, -0.110304, 0.009199, 0.04715, 0.071918, 0.058802, 0.052309, -0.1956, 0.239262, 0.435873, 0.184748], "sin_pitch_values": [-0.6512405327889677, -0.6661785719014705, -0.6775210742193852, -0.686460297167245, -0.698924067494761, -0.7100681568147145, -0.7127604728786286, -0.7111390243217675, -0.708786164960585, -0.7039587310630612, -0.6981276217411158, -0.6999917897314536, -0.7087473656016009, -0.7149223183047546, -0.7193818564739902, -0.729928267770285, -0.7309513669917912, -0.6862493897918878, -0.5325741349579479, -0.23713921045172637, 0.07789401412026906, 0.06547412977059341, -0.15081929939780028, -0.431289904253831, -0.5263626953411066, -0.16714281352465815, 0.2505709744953369, 0.362854175292571, 0.5253207319884023, 0.646455143418088, 0.7231485165362985, 0.7805598744338511, 0.8103539883998748, 0.8136266021547387, 0.8035580691282398, 0.7841026892806899, 0.7580760869398238, 0.7272686488897551, 0.6961797477508722, 0.6625671406467684, 0.6236411326042022, 0.5845400032473049, 0.5439195463322136, 0.49785091621620325, 0.43998412926119645, 0.3823572035631746, 0.3450987530805933, 0.33140279163416825, 0.31248983213090664, 0.2875549661808272, 0.26820762011202093], "sin_roll_values": [-0.8702290170668366, -0.8871480337678022, -0.8999845188034088, -0.9108422301735045, -0.930871848358667, -0.955590776278305, -0.9720633014049653, -0.9828084793302027, -0.9939784362388964, -0.9999254426754384, -0.9968960459800171, -0.9882677121380198, -0.9745537777800558, -0.9530082488194572, -0.9353625236475288, -0.9420309022623116, -0.967267175940477, -0.9933165646185793, -0.9957749954482925, -0.9360998151606843, -0.7603059547461024, -0.320262908079855, 0.1558599667959591, 0.6031600099947909, 0.8616850326877773, 0.8327730689873353, 0.8821038762974289, 0.8992395268017671, 0.9229448659854892, 0.9482000200568397, 0.9635014540128699, 0.978749954420764, 0.9837773258784052, 0.9767065162923882, 0.9697962279533128, 0.9677126348308931, 0.9681862912000392, 0.9692230548591304, 0.9704958902684977, 0.9709826416832462, 0.9705989997350635, 0.9685137602374374, 0.9631625766175925, 0.9505496728883683, 0.9300889792993497, 0.9117020758152133, 0.8977760514434385, 0.8857094560558962, 0.8706381065336035, 0.85265813131289, 0.8359508002441702], "sin_yaw_values": [-0.9554060064953784, -0.9487534396910211, -0.9467314799213103, -0.9483183365436485, -0.9422119490117976, -0.9291110412610168, -0.9307554946463086, -0.9473582668498642, -0.9598083778111429, -0.9705365418251704, -0.9878765864427678, -0.9999666937301328, -0.9860387444171622, -0.9429980839286494, -0.8579418428124834, -0.688394307319688, -0.422491997184546, -0.11149171716103344, 0.15808207351242096, 0.35572809018957496, 0.2863144208521549, 0.12609741616460404, 0.20498071124253925, 0.5097859811923053, 0.8775967875963542, 0.8622183863349236, 0.8124639491525798, 0.8502668149154095, 0.8474461096491102, 0.8225747066058239, 0.8009594437878482, 0.7768029177582877, 0.7818895253407829, 0.808408323461502, 0.8212435099927224, 0.8185044781691517, 0.8045468189751079, 0.7869017738246233, 0.7649547031841841, 0.738912533884957, 0.7046856485180759, 0.6645683494750778, 0.6314191739001559, 0.6180800306165939, 0.6202653927967546, 0.6093804799897025, 0.5656646305630713, 0.4966466765098471, 0.4376145615998912, 0.38941465806155917, 0.33561309621520913]}