{"timestamps": [0.6443970000000263, 0.6645339999995485, 0.6846718333326862, 0.7048088333322085, 0.7249468333320692, 0.7450838333334104, 0.7652218333332712, 0.7853588333327934, 0.8054958333323157, 0.8256338333321764, 0.8457708333335177, 0.8659088333333784, 0.8860458333329007, 0.9061828333324229, 0.9263208333322837, 0.9464578333336249, 0.9665958333334856, 0.9867328333330079, 1.00686983333253, 1.0270078333323909, 1.047144833333732, 1.0672828333335929, 1.087419833333115, 1.1075568333326373, 1.127694833332498, 1.1478318333320203, 1.1679698333337, 1.1881068333332223, 1.2082438333327445, 1.2283818333326053, 1.2485188333321275, 1.2686568333319883, 1.2887938333333295, 1.3089308333328518, 1.3290688333327125, 1.3492058333322348, 1.3693438333320955, 1.3894808333334367, 1.409617833332959, 1.4297558333328197, 1.449892833332342, 1.4700308333322027, 1.490167833333544, 1.5103058333334047, 1.530442833332927, 1.5505798333324492, 1.57071783333231, 1.5908548333336512, 1.610992833333512, 1.6311298333330342, 1.6512668333325564], "x_swing_data": [-0.210891, -0.204599, -0.183028, -0.18325, -0.204645, -0.182415, -0.164101, -0.117889, -0.155474, -0.192503, -0.084764, 0.109983, 0.250014, 0.34784, 0.366652, 0.323488, 0.310555, 0.256106, 0.185706, 0.420438, 1.606668, 3.781057, 7.266766, 12.542074, 17.119499, 17.718439, 5.267203, 7.472495, 10.781391, 11.836767, 10.472874, 8.013738, 6.549105, 5.130753, 4.300221, 3.754216, 2.387474, 1.217621, 1.226751, 0.659186, 0.324167, 0.287036, 0.194027, 0.102631, 0.104426, 0.242054, 0.278378, 0.164092, 0.333548, 0.428244, 0.501089], "y_swing_data": [-0.54499, -0.530513, -0.626141, -0.628188, -0.607306, -0.517026, -0.453803, -0.596978, -0.5956, -0.53064, -0.558664, -0.621439, -0.825505, -0.935836, -0.971993, -1.077207, -1.258548, -1.510242, -1.63025, -1.257148, 0.524886, 0.633951, 0.914029, -0.902497, -5.66704, -13.923525, -2.381123, 1.263463, -3.871571, 1.300999, 2.878103, 5.107109, 4.800839, 1.127223, -0.721753, 1.509952, 2.397896, 1.315264, 1.269364, 1.278054, 1.194114, 0.880114, 0.627257, 0.444387, 0.225162, -0.006258, -0.201615, -0.369084, -0.222726, -0.844943, -0.142155], "z_swing_data": [-0.239899, -0.135386, -0.001399, 0.040346, 0.012583, -0.093029, -0.046581, -0.027189, -0.060446, -0.153017, -0.139942, 0.032788, 0.285603, 0.427962, 0.624095, 0.876287, 1.381239, 2.055031, 2.941198, 4.06689, 5.556012, 6.277256, 6.42084, 4.865894, 2.215029, -3.375812, 15.871683, 8.449612, 5.264089, 1.911363, -0.162892, -1.432265, -2.655035, -2.70967, -2.683943, -2.315795, -1.519415, -1.179495, -0.687125, -0.34874, 0.050324, 0.469481, 0.800174, 0.904923, 0.867422, 0.864782, 1.00118, 0.762117, 0.651541, 0.672679, 0.4078], "sin_pitch_values": [-0.269416426799698, -0.2942761084204446, -0.3206910679231007, -0.3480825817175049, -0.3768220137690974, -0.4082005145454906, -0.4410928302949104, -0.47126104578824424, -0.4957776070728838, -0.5153662738276976, -0.5314733868757915, -0.5492646434643431, -0.567432994219087, -0.5922843252585952, -0.6285791677472712, -0.679899078160023, -0.7405577679411224, -0.8032561860955354, -0.8584449026311786, -0.8772657930572779, -0.8019109909619446, -0.563131990964681, -0.1547120624447894, 0.276625694228066, 0.28291028291762516, -0.24803370002020236, -0.6073955884877397, -0.5091509400960897, -0.3396944401619274, -0.13357060246261435, 0.07127950248315801, 0.24936743513067963, 0.42054505571136636, 0.5820260332626668, 0.7299227995568859, 0.8355592902608203, 0.9008866844576533, 0.9381583975068593, 0.9562078249449145, 0.9602593658640224, 0.9532691374094981, 0.9340540215838807, 0.8992600862685644, 0.8477835788206673, 0.7810091058895042, 0.7062972728257617, 0.631255541647408, 0.5644493294041274, 0.500296345740498, 0.43333140831565115, 0.37476751403157016], "sin_roll_values": [-0.9901017535070401, -0.9967632865402855, -0.9998294652999329, -0.9990050643335372, -0.9942395901070334, -0.985958144304833, -0.9737220669606632, -0.9540794911956884, -0.9226580874546284, -0.8766033468693989, -0.8136502369827585, -0.733585294483547, -0.6362792833118149, -0.5288412160007412, -0.42230314977731065, -0.3278563889969803, -0.25634858625401724, -0.23112774472866127, -0.3123850098447661, -0.571906975554649, -0.862019582111043, -0.9838902656450735, -0.9970016034013275, -0.877350740186686, -0.3301457701747314, 0.24458725907779824, 0.6292252572365417, 0.9117139901383958, 0.9908145406052706, 0.9997826398109714, 0.9996092097099729, 0.9971799939893872, 0.9844576534298364, 0.9581936265828469, 0.9463317655207834, 0.9564835957751185, 0.9686904399976145, 0.9801220332738436, 0.9956731655253103, 0.9972605628245336, 0.9692156688963962, 0.9222744602698479, 0.8780053960446661, 0.8465173670588487, 0.8273279667051602, 0.8170627887386317, 0.8166393819347825, 0.8258015436868678, 0.8363013155580206, 0.8394987141867074, 0.8382800241614463], "sin_yaw_values": [-0.9999126656242704, -0.999986450513839, -0.9997812334507747, -0.9994650536306424, -0.9992689145547693, -0.9995418478888493, -0.9999030254541034, -0.9999897274543954, -0.9999963152769576, -0.9999896154042156, -0.9997141856621178, -0.9981356650289134, -0.9936116500703913, -0.9829032482834376, -0.9605263117991627, -0.9191018743828853, -0.8493702606504936, -0.730247393757695, -0.4970831939263437, -0.031471802347544056, 0.5156319097642355, 0.8161277081095292, 0.9056834335848442, 0.8532594499661034, 0.5443071697355634, 0.29014370600525474, 0.6005733587363539, 0.8308253126945608, 0.9445941650073283, 0.9714245940413083, 0.9631066204674906, 0.9378092921247557, 0.8715182360653931, 0.7990755218870674, 0.7890573379315745, 0.7987381057598077, 0.7957379094317948, 0.8012551130358128, 0.8298941860724139, 0.880283781795149, 0.9241207281633214, 0.9495387439413165, 0.9576097754606012, 0.954378372486315, 0.9429757843355471, 0.9234034331634847, 0.8934570048845685, 0.8498517856615242, 0.8004100821439407, 0.753675789673632, 0.6976513451402903]}