{"timestamps": [1.2082503749988973, 1.228388375000577, 1.2485253750000993, 1.26866337499996, 1.2888003749994823, 1.308938374999343, 1.3290753750006843, 1.349213375000545, 1.3693503750000673, 1.389488374999928, 1.4096253749994503, 1.429763374999311, 1.4499003750006523, 1.470038375000513, 1.4901753750000353, 1.510313374999896, 1.5304503749994183, 1.550588374999279, 1.5707253750006203, 1.590863375000481, 1.6110003750000033, 1.631138374999864, 1.6512753749993863, 1.671413374999247, 1.6915513749991078, 1.711688375000449, 1.7318263750003098, 1.751963374999832, 1.7721013749996928, 1.792238374999215, 1.8123763749990758, 1.832513375000417, 1.8526513750002778, 1.8727883749998, 1.8929263749996608, 1.913063374999183, 1.9332013749990438, 1.953338375000385, 1.9734763750002458, 1.993613374999768, 2.0137513749996288, 2.033888374999151, 2.0540263749990118, 2.074163375000353, 2.0943013750002137, 2.114438999999038, 2.134576999998899, 2.15471400000024, 2.174852000000101, 2.194988999999623, 2.215126999999484], "x_swing_data": [0.152368, 0.120109, -0.013542, -0.126619, -0.162771, -0.153815, -0.10523, -0.156996, -0.184487, -0.337843, -0.555459, -0.65872, -0.561468, -0.472724, -0.572286, -0.790365, -1.18938, -1.653269, -1.094524, 0.282148, 1.068575, 3.740294, 7.516897, 13.338652, 11.657873, 14.202637, 6.858449, 13.304464, -0.241588, 5.249288, 4.171691, 3.031922, 3.795191, 4.079199, 3.339694, 3.011138, 2.46339, 1.516677, 1.213565, 1.040798, 0.796572, 0.597058, 0.404016, 0.249996, 0.156665, 0.079337, 0.002284, -0.167986, -0.308327, -0.284701, -0.19572], "y_swing_data": [-0.600099, -0.458702, -0.297748, -0.31154, -0.301241, -0.501091, -0.699495, -0.607373, -0.335925, -0.411751, -0.731098, -0.858832, -0.665604, -0.759577, -0.858734, -1.207977, -1.723708, -2.353584, -3.121764, -3.26598, -0.156068, -1.584903, 0.067059, -6.22298, -14.391839, -1.558232, -4.03324, 8.083373, 0.407934, -7.751704, 3.025664, 1.529018, -0.737062, -1.348329, 0.388432, 0.511966, 1.654032, 2.28412, 1.49597, 0.13316, -0.165757, -0.07683, 0.061337, 0.313479, 0.362451, -0.037413, -0.518685, -0.477892, 0.236663, 0.725101, 0.221722], "z_swing_data": [-0.558125, -0.519349, -0.503466, -0.492325, -0.377475, -0.306891, -0.328908, -0.434135, -0.412415, 0.027675, 0.353284, 0.371291, 0.149501, 0.01403, 0.41811, 1.386179, 2.579163, 2.675564, 3.420831, 3.155803, 5.281394, 5.239451, 4.512144, 2.66016, 2.282955, 4.626023, 8.428083, -2.457166, -0.790766, -0.419721, -3.261523, -2.767946, -2.755864, -2.763819, -2.468516, -1.772496, -1.71161, -1.595625, -1.069948, -0.177392, 0.218204, 0.238459, 0.047322, -0.052238, -0.183883, 0.085171, 0.170016, 0.255287, 0.261796, -0.161173, -0.240403], "sin_pitch_values": [-0.39637863161779385, -0.4137651699932237, -0.42943133395420297, -0.4423237319115248, -0.4505631087119626, -0.461296581998751, -0.47627369313068957, -0.48968200409594037, -0.49685931004032496, -0.5055920109168036, -0.5208616309971971, -0.5392059777761016, -0.5563975837640949, -0.5749000598683726, -0.5961602412252982, -0.6197656092709833, -0.6439201148925092, -0.6698835988593578, -0.6884595848314565, -0.6454199864990582, -0.504517467352365, -0.18902976085360285, 0.06429661642560562, -0.03200053587396631, -0.26148267169420364, -0.4851423927383257, -0.5196292850071512, -0.18955999780104774, 0.12871292581314775, 0.25684087927429333, 0.42590146512047694, 0.5702630160499514, 0.6609327420417155, 0.7226240726317221, 0.7695505294760511, 0.7955658752624002, 0.8040262633822821, 0.8042307560672665, 0.799314147483325, 0.7852594211516779, 0.7649675847127918, 0.7403998292088145, 0.7097131836381024, 0.6758143587538845, 0.6393218402322489, 0.602357298987223, 0.5574565493831829, 0.5001197010664186, 0.4408558850947133, 0.3948852986124724, 0.35667090975094196], "sin_roll_values": [-0.8522105853078606, -0.8601062896271607, -0.867754415512034, -0.8736493884611812, -0.8789494951593831, -0.8888324977093108, -0.9067434405679525, -0.9268854147895403, -0.9424045440994493, -0.9550338717166156, -0.9692946534286047, -0.9850056927736099, -0.9969458650310425, -0.9993557118274872, -0.986850374413875, -0.9584273525984116, -0.9280365758299584, -0.9196041522715296, -0.9467021718105776, -0.9860495082166041, -0.9965935017676262, -0.9439882737356781, -0.750154042426562, -0.2979104856789054, 0.1456085002107345, 0.5913057339971322, 0.8195722049546307, 0.8261454061274964, 0.8772115468999288, 0.8975508631527818, 0.926133627088183, 0.9642914870447523, 0.9854864199024699, 0.9940935941111656, 0.9990073083600789, 0.9994698942788189, 0.9981519863945575, 0.9985590742716759, 0.9999324033973662, 0.9999397130137445, 0.9999571387914246, 0.9999801341014344, 0.9997159997106561, 0.9994103945851853, 0.9991196687963209, 0.9976676202341692, 0.9914703429770217, 0.9781468072201587, 0.9629382322982847, 0.9523877555995871, 0.9448764299684922], "sin_yaw_values": [-0.805338738561336, -0.7941171948673545, -0.7873055776823833, -0.7871532626076945, -0.7961118340412724, -0.803416176236765, -0.8041289101493077, -0.8097815212311922, -0.8364880372100998, -0.8739050276603186, -0.9054427587055601, -0.9288801046551606, -0.9525984056459238, -0.9768671021583539, -0.995885617343668, -0.9983149146302993, -0.9722505314622625, -0.89756849887193, -0.7340366206521577, -0.47940008850831334, -0.20721763280583322, -0.03865136979476206, -0.17972805726461358, -0.3382832547580606, -0.22259358959098385, 0.07385569166669143, 0.45069344461807376, 0.4508969636656057, 0.4240910754204308, 0.47639415236179905, 0.4435313945728471, 0.36113896549940055, 0.2979372141888073, 0.25791348443906936, 0.23146372654709657, 0.2591499678787562, 0.30418712364723943, 0.28930049141507574, 0.21976151248983827, 0.16353220189000206, 0.1333912221623393, 0.11803915558421482, 0.09694450294389385, 0.049663561698286084, -0.015360395909378634, -0.062240743941478376, -0.05877610565976635, -0.022747037885062788, -0.01141875184093908, -0.0555503902635225, -0.1158433260852231]}