{"timestamps": [0.9062069999999949, 0.9263449999998556, 0.9464830000015354, 0.9666210000013962, 0.9867580000009184, 1.0068960000007792, 1.02703400000064, 1.0471720000005007, 1.0673100000003615, 1.0874480000002222, 1.107586000000083, 1.1277239999999438, 1.1478619999998045, 1.1680000000014843, 1.188138000001345, 1.2082760000012058, 1.2284140000010666, 1.2485520000009274, 1.2686890000004496, 1.2888270000003104, 1.3089650000001711, 1.329103000000032, 1.3492409999998927, 1.3693789999997534, 1.3895170000014332, 1.409655000001294, 1.4297930000011547, 1.4499310000010155, 1.4700690000008763, 1.490207000000737, 1.5103440000002593, 1.53048200000012, 1.5506199999999808, 1.5707579999998416, 1.5908960000015213, 1.611034000001382, 1.6311720000012428, 1.6513100000011036, 1.6714480000009644, 1.6915860000008252, 1.711724000000686, 1.7318620000005467, 1.7520000000004075, 1.7721369999999297, 1.7922749999997905, 1.8124130000014702, 1.832551000001331, 1.8526890000011917, 1.8728270000010525, 1.8929650000009133, 1.913103000000774], "x_swing_data": [-0.018618, -0.089433, -0.356207, -0.77061, -1.161407, -1.441725, -1.434678, -1.353918, -1.271683, -1.041123, -0.853799, -0.960915, -1.197003, -1.05292, -0.504832, -0.045635, 0.055582, 0.027879, 0.210007, 0.926012, 11.39338, 15.810213, 11.572946, 10.946485, 7.636968, 15.964981, -4.240201, 3.803195, 12.450382, 3.76743, 5.813355, 5.446998, 4.431414, 3.280473, 2.511893, 1.630325, 2.07223, 1.984967, 1.512585, 1.305636, 0.859147, 0.631299, 0.597533, 0.672399, 0.385648, 0.074719, -0.036623, -0.029616, -0.084651, -0.24329, -0.344612], "y_swing_data": [-0.604571, -0.65613, -0.662817, -0.873677, -0.862159, -0.493008, -0.327106, -0.846261, -1.042248, -0.995594, -1.001456, -1.158721, -1.301897, -1.378282, -1.738786, -1.926672, -1.478498, -1.131652, -0.376898, 3.170716, 1.358156, -6.369617, -8.634134, -3.466033, 2.707554, 21.788092, 3.150719, -6.35184, 6.856147, 2.004268, 0.047796, 0.417691, 0.868642, 0.819942, 1.483474, 0.903315, 0.640291, 0.502399, 0.432219, 0.339856, 0.398539, 0.073038, -0.456123, -0.669611, -0.304235, -0.140864, -0.109327, 0.060221, 0.06488, 0.287931, 0.504184], "z_swing_data": [0.055158, -0.27523, -0.59525, -0.911265, -1.045256, -1.294156, -1.308218, -1.109804, -0.972808, -0.814756, -0.574326, -0.002029, 0.32627, 0.654484, 1.456301, 2.53716, 3.646207, 4.35063, 5.307261, 6.752659, 4.997749, 5.802447, -0.957868, 11.018439, 28.456049, -2.707977, 13.937316, 2.075197, 5.791425, -1.266913, 0.347452, 0.075647, 1.474095, 1.89671, 1.196441, 0.57826, 0.346047, 0.234842, 0.040721, 0.042498, 0.077525, 0.35948, 0.584419, 0.519511, 0.216093, 0.071393, 0.043587, 0.114027, 0.179765, 0.105073, 0.151099], "sin_pitch_values": [0.18353073504973946, 0.19292963090864432, 0.1966499735361979, 0.19349281512467822, 0.18601225763046517, 0.18519864469301, 0.18917509054392134, 0.18144830136120965, 0.16595760196585255, 0.15481184557544322, 0.15081139090218945, 0.13658174946288446, 0.10845823072545581, 0.044523276949277844, -0.08905187756585874, -0.29651455164209617, -0.5276918578979128, -0.7059928039314978, -0.7573001257533895, -0.6338037621148843, -0.3352032945096535, 0.2228207378857319, 0.5116481964143803, -0.11262453698233447, -0.460400228407419, -0.13741581040084436, -0.06557391486976452, -0.06801046104667975, 0.1274940518632287, 0.27402812572773577, 0.3443055413788826, 0.39626754017350513, 0.4556025677732739, 0.5173453535526031, 0.5684198661823096, 0.607874500942671, 0.6445174558708954, 0.6775093060788876, 0.7051679589210328, 0.7257204512891714, 0.7357734120039622, 0.7408231472789832, 0.7511681971500308, 0.7669123898401101, 0.785608506366927, 0.8071031338600562, 0.829699421169675, 0.8550509046247688, 0.8782493937234824, 0.8955968347079365, 0.9084655497104108], "sin_roll_values": [-0.7314466181725728, -0.7500832829787006, -0.7783296444540145, -0.8065064077167837, -0.8258607550209955, -0.8366334136622062, -0.8469881750694682, -0.857226906149013, -0.8702058616780143, -0.8926588095697396, -0.9255864771668612, -0.9610710987277311, -0.9894524734622254, -0.9999359897680274, -0.9868353379574046, -0.9633083650847242, -0.9439713292543094, -0.9308885267388833, -0.92176600978268, -0.936072255154825, -0.9862998919074794, -0.9837173534421773, -0.4060970429432075, 0.15651680542697183, 0.1324347839632072, 0.5609558729442092, 0.7814791477118491, 0.9055816583938163, 0.950317098711757, 0.990628348807073, 0.9997393994087838, 0.9992966321870455, 0.9948366981842021, 0.9863015414800368, 0.9726367581263564, 0.9546924635545472, 0.9343264741434135, 0.9084599713673484, 0.8726977981696814, 0.8280197431562617, 0.7738565018181616, 0.7239614114743412, 0.6931193996782307, 0.6821475970364733, 0.6804698631029124, 0.6877235509850109, 0.7018887056870161, 0.7417149499102123, 0.8073419794931328, 0.8744780132216641, 0.9257815476651766], "sin_yaw_values": [-0.76532235047057, -0.7679753597474294, -0.7704775821565648, -0.7737351017036332, -0.7754503313444263, -0.7681706702373747, -0.7581484727087258, -0.7504131999267608, -0.7410367104591794, -0.7203536119066002, -0.6821441942567186, -0.6277030278981837, -0.5342776697788791, -0.38474634717477696, -0.18300971189204063, 0.055208915108836874, 0.2749512521248406, 0.4626490952220475, 0.5846049105679016, 0.7722594674161545, 0.9397170808956103, 0.9317525325281842, 0.44520930840967854, -0.13777535772180324, 0.010696795999020674, 0.42876382621450637, 0.6154604213323713, 0.6551053128304092, 0.6709891293893819, 0.6649314235325238, 0.7064721063736139, 0.7639844906891553, 0.8051948661875483, 0.8240317375040538, 0.8242333748182532, 0.8153624699850827, 0.7921129560137415, 0.7461763135366073, 0.6760266074242778, 0.5785436073623135, 0.4609363221137531, 0.35010106984019324, 0.2693490144755144, 0.2096852086196437, 0.15946826332029732, 0.12657952193546626, 0.10892047595137822, 0.12681758783882738, 0.18361134157832884, 0.26119599333921656, 0.3406620715407967]}