{"timestamps": [0.4631749999989552, 0.48331299999881594, 0.5034510000004957, 0.5235890000003565, 0.5437270000002172, 0.563865000000078, 0.5840029999999388, 0.6041409999997995, 0.6242789999996603, 0.6444169999995211, 0.6645549999993818, 0.6846929999992426, 0.7048309999991034, 0.7249694999991334, 0.7451074999989942, 0.7652454999988549, 0.7853835000005347, 0.8055215000003955, 0.8256595000002562, 0.845797500000117, 0.8659354999999778, 0.8860734999998385, 0.9062114999996993, 0.9263494999995601, 0.9464874999994208, 0.9666254999992816, 0.9867634999991424, 1.0069014999990031, 1.027039499998864, 1.0471774999987247, 1.0673155000004044, 1.0874535000002652, 1.107591500000126, 1.1277294999999867, 1.1478674999998475, 1.1680054999997083, 1.188143499999569, 1.2082814999994298, 1.2284194999992906, 1.2485574999991513, 1.268695499999012, 1.2888334999988729, 1.3089714999987336, 1.3291095000004134, 1.3492475000002742, 1.369385500000135, 1.3895234999999957, 1.4096614999998565, 1.4297994999997172, 1.449937499999578, 1.4700754999994388], "x_swing_data": [0.090831, 0.086107, 0.092099, -0.008954, -0.295177, -0.566701, -0.735068, -0.887608, -1.133664, -1.394578, -1.522708, -1.253435, -1.122888, -1.411168, -1.709436, -1.269843, -0.748043, -0.375204, 0.102412, 0.362722, 0.918112, 4.219506, 8.824177, 12.811367, 11.799323, 15.643329, 9.066099, 7.750571, -0.137928, 4.569342, 9.392229, 6.314607, 5.562827, 4.223681, 3.400685, 2.826242, 2.535346, 2.108531, 1.412313, 1.411866, 1.396633, 1.174515, 1.060675, 0.839628, 0.611478, 0.47452, 0.450503, 0.422727, 0.35178, 0.240446, 0.148103], "y_swing_data": [-0.34148, -0.594036, -0.499618, -0.432678, -0.524252, -0.691445, -0.738215, -0.641571, -0.502203, -0.505686, -0.676982, -0.96058, -1.168107, -1.478394, -1.204855, -1.176925, -1.31451, -1.595138, -1.759411, -1.678514, 0.003698, 5.43109, -0.534985, -4.979524, -7.982885, -2.316258, -2.164283, 23.08185, -0.520326, -4.837585, 6.516123, 2.657904, 0.357817, 1.937299, 1.170246, -0.193669, -0.199004, 0.093209, 0.928877, 0.612393, 0.19514, 0.004057, -0.146434, -0.170852, -0.164167, -0.342957, -0.453067, -0.351912, -0.087757, 0.303482, 0.266634], "z_swing_data": [0.290837, 0.201105, 0.016747, -0.179999, -0.373683, -0.670428, -0.986678, -1.276024, -1.206025, -0.866369, -0.745697, -0.781051, -0.619915, -0.142194, 0.228978, 0.917625, 1.720076, 2.536446, 3.049736, 4.106438, 5.453998, 6.413486, 7.528549, 3.882421, 2.430502, 9.837922, 26.434923, 0.476383, 14.5435, 4.844352, 1.621812, -0.765796, -0.05977, -1.138804, -0.252394, 0.911152, 1.284938, 0.724945, -0.226357, -0.302905, -0.048634, 0.202561, 0.418502, 0.41953, 0.389518, 0.469498, 0.478335, 0.479529, 0.360731, 0.24903, 0.20429], "sin_pitch_values": [0.23203669120617743, 0.2422526599293135, 0.2493441932442145, 0.2529149711859312, 0.25043640642088566, 0.24101932361478792, 0.2250574515250226, 0.20861833811818106, 0.19082056117024357, 0.1754058555724223, 0.16269358561777372, 0.15236621258086094, 0.14120350987100186, 0.1075436120284794, 0.056023652094835376, -0.034209324081300174, -0.19790187784203725, -0.4161835052595846, -0.6297264351433983, -0.7867598250089097, -0.796335894394458, -0.7024087344290504, -0.40478162163104897, 0.1439046377459377, 0.4679361231806818, -0.14452013581924616, -0.5875315717274527, -0.37528756868992535, -0.272538090692332, -0.2383261763779211, -0.059194376116871665, 0.09067329077709417, 0.193449646462933, 0.27708212743267047, 0.33508740803810055, 0.38030587550741807, 0.42277657548135905, 0.45839727019710125, 0.4824047905930827, 0.5005612737111963, 0.5142620692738372, 0.5261518146407809, 0.5410507261278382, 0.5583661202916576, 0.5789823440954, 0.6070706282898082, 0.6473816527080719, 0.7012041212123058, 0.7570002882319583, 0.8088078114854388, 0.8525562335997593], "sin_roll_values": [-0.6733095885368672, -0.6813855548782227, -0.6948878973611747, -0.7144851762691421, -0.73245230354078, -0.7480288539658067, -0.764964364359326, -0.7879472063503444, -0.8147320890358966, -0.8356471836107845, -0.850223124777374, -0.8764889599653128, -0.9192042885108439, -0.9625322949683877, -0.9927917073965424, -0.9985329112568647, -0.9781976452008253, -0.9508986677206896, -0.9297803309815589, -0.9284004262650452, -0.9064217087892515, -0.9579552426633754, -0.9916935181172087, -0.9737849648071197, -0.40594259988181114, 0.12454971548981955, 0.07731376928306868, 0.6831168404739549, 0.8590464623030736, 0.937499956465409, 0.9833199474883969, 0.9995536461243919, 0.9949540566527606, 0.9701575330457347, 0.9332526570132404, 0.8990087106102435, 0.8724149489332932, 0.8443193545449204, 0.8063713825052322, 0.7673445342024001, 0.7290566292756969, 0.6906363963211577, 0.6583244627629916, 0.6326316981400049, 0.611691226145239, 0.5980610786975511, 0.5963413955216268, 0.6134064642423942, 0.6500784345634967, 0.7077616051059532, 0.7853669298648306], "sin_yaw_values": [-0.4586905318743569, -0.4593124367013983, -0.46115106745198664, -0.46439025493431024, -0.4729095492181425, -0.4820727715068645, -0.4877495434855967, -0.4862962241656784, -0.4776641445532335, -0.4702367336292274, -0.4542783619930989, -0.4189112863312789, -0.36393952932448803, -0.2801333324588853, -0.14883198776367648, 0.02255008841816804, 0.2119814072630731, 0.388466678699064, 0.547054108722635, 0.7113217936503609, 0.8305040547027357, 0.9605260336095304, 0.9999999313006883, 0.9990410941689022, 0.7563706991160546, 0.2405815944548891, 0.32302111388060534, 0.7027609764013524, 0.8155233868014671, 0.8622269973346659, 0.8544903784745149, 0.8439758932864366, 0.8553608410741684, 0.8512091966625589, 0.8452607760571248, 0.8485596203119843, 0.8530283476684613, 0.845321152664876, 0.8216695024858248, 0.7835027938782216, 0.7338389685981553, 0.6754125542336923, 0.6145260105939601, 0.5548935467809831, 0.5024507696295096, 0.464921549716717, 0.44487349216479377, 0.4459111859124747, 0.46442036610881043, 0.5052045750270717, 0.5725010202166693]}