{"timestamps": [0.7451078750000306, 0.7652458749998914, 0.7853838749997522, 0.8055218749996129, 0.8256608749998122, 0.845798874999673, 0.8659368749995338, 0.8860748749993945, 0.9062128749992553, 0.9263508749991161, 0.9464888749989768, 0.9666268750006566, 0.9867648750005173, 1.0069028750003781, 1.0270408750002389, 1.0471788750000997, 1.0673168749999604, 1.0874548749998212, 1.107592874999682, 1.1277308749995427, 1.1478688749994035, 1.1680068749992643, 1.188144874999125, 1.2082828749989858, 1.2284208750006655, 1.2485598749990459, 1.2686978749989066, 1.2888358750005864, 1.3089738750004472, 1.329111875000308, 1.3492498750001687, 1.3693878750000295, 1.3895237916658516, 1.4096617916657124, 1.4297997916655731, 1.449937791667253, 1.4700757916671137, 1.4902137916669744, 1.5103517916668352, 1.530489791666696, 1.5506277916665567, 1.5707657916664175, 1.5909037916662783, 1.611041791666139, 1.6311797916659998, 1.6513177916658606, 1.6714557916657213, 1.691593791665582, 1.7117327916657814, 1.7318707916656422, 1.752008791667322], "x_swing_data": [-0.179503, -0.216712, -0.394677, -0.739868, -1.041827, -1.02267, -1.085548, -1.073272, -1.029088, -1.087269, -1.014222, -0.933107, -0.768834, -0.704846, -0.62015, -0.548233, -0.382433, 0.136978, 0.41388, 0.380178, 12.532714, 15.11181, 11.409645, 9.53353, 7.654658, 15.115401, -5.540885, 2.094198, 7.467249, 7.225009, 4.152733, 4.706872, 3.544414, 3.009856, 2.406857, 2.691194, 2.354439, 1.995562, 1.174181, 1.23688, 0.924093, 0.625506, 0.319466, -0.034619, -0.214018, -0.290304, -0.305174, -0.244036, -0.159102, -0.082752, -0.007328], "y_swing_data": [-0.28845, -0.531453, -0.999017, -0.893672, -0.66311, -0.561635, -0.647168, -0.595442, -0.644152, -0.886615, -1.243914, -1.559566, -1.482273, -1.282057, -1.325535, -1.30704, -1.070932, -0.787715, 0.489278, 4.318064, -1.743168, -7.425503, -9.419262, -3.556105, -0.43148, 27.205036, 0.816562, -7.24656, 4.250194, 3.979505, 0.462936, 1.344079, 0.010568, -0.012455, 0.108441, 0.214327, 0.291693, 0.313811, -0.122825, 0.179078, 0.110393, 0.099652, 0.117913, 0.132262, 0.020073, 0.228453, 0.553193, 0.424929, 0.326455, 0.45976, 0.341244], "z_swing_data": [0.035726, 0.028334, -0.362758, -0.555712, -0.907888, -0.9736, -0.907091, -0.779407, -0.589965, -0.361711, -0.116189, 0.173219, 0.497455, 0.723261, 1.286216, 1.905949, 2.845392, 3.81286, 5.446877, 7.809465, 7.539666, 4.831471, -1.387206, 11.886307, 26.007278, -7.442331, 16.36957, -2.62507, 3.676487, -0.272897, 0.547165, -0.093028, 0.504718, 0.7738, 0.639389, 0.699365, 0.708069, 0.630207, 0.181742, 0.111538, -0.019354, -0.025103, -0.099907, -0.094044, -0.027338, -0.059648, -0.097604, -0.03548, -0.104035, -0.116277, -0.437822], "sin_pitch_values": [0.21255698466816775, 0.21410745129090794, 0.20094940577355272, 0.1758774091159251, 0.1518779619012436, 0.12575813868744878, 0.09620895738533093, 0.06652982274351847, 0.04305768432055539, 0.02759949489476993, 0.011639737151956665, -0.01749810693762315, -0.06723324417982864, -0.14437764605355757, -0.2623174788336417, -0.43545801357885516, -0.6143895222936947, -0.7557174876066709, -0.7776284727866385, -0.6624502881910506, -0.4323767580154737, 0.05069326287071603, 0.46138441709196343, -0.05184774243808616, -0.528144532241302, -0.2422439280007242, -0.19125049457423063, -0.09777055998107476, -0.0017289991385428807, 0.19210534435980423, 0.32298231154703083, 0.44257483409796206, 0.5241332097306955, 0.5801053326592938, 0.6257440157811448, 0.6707777839936241, 0.7106080178725425, 0.7472518526930807, 0.7806630021764253, 0.8111887155273001, 0.8406476703890066, 0.8691069824667387, 0.8946003217869128, 0.9154654106779375, 0.9318773817153457, 0.9439067401281374, 0.9535376487782127, 0.9613824301857236, 0.9667445126470299, 0.9718754507815175, 0.9769092851313443], "sin_roll_values": [-0.8467749306732478, -0.8557449858034111, -0.8715760928428707, -0.8872896678411829, -0.8997786634431981, -0.9120460495905176, -0.9230983804497762, -0.9332049968929026, -0.9449628378054272, -0.9585218452617372, -0.9749337304286017, -0.9905982761241916, -0.9994795840171273, -0.9962814237361981, -0.9775280744133494, -0.9452995427056592, -0.9072823058502089, -0.8775980597228783, -0.857781333989803, -0.9055259371169376, -0.9867426679846978, -0.9872700522766701, -0.5636830524238202, 0.08729972922860732, -0.107109136212792, 0.3449457621767834, 0.4278565799844539, 0.7515502754019661, 0.8215093100980969, 0.8705662763408517, 0.9179327407593848, 0.9640152628166174, 0.9905117562407397, 0.9989567439569793, 0.9993002649740789, 0.994787155246513, 0.9909807448142116, 0.9880714062069546, 0.9802713449075547, 0.9704731373633648, 0.960880126200991, 0.9527136406366692, 0.9490409376828497, 0.9530666993288596, 0.9634539626779709, 0.9716987102622904, 0.9804342747467776, 0.9907756424906508, 0.9979447175602709, 0.999081536253244, 0.9898070620178853], "sin_yaw_values": [-0.6055597024651692, -0.6084904875560172, -0.6204104947055075, -0.6296386508046138, -0.6341703270027049, -0.6377873053822106, -0.6412145638950759, -0.6408093075890055, -0.6354228397301591, -0.6226329895962848, -0.5939871161873826, -0.5403659811274981, -0.45542363172861006, -0.34495608700472447, -0.20853520760847954, -0.06128457293016377, 0.08189517989796928, 0.24841730611851826, 0.37684424451700665, 0.6148777973285068, 0.8758643011981622, 0.9220160486946701, 0.6056209772605777, -0.04289383583784046, -0.12516188739190834, 0.41588523882628586, 0.5833149885707234, 0.6337457482909424, 0.6664529783424388, 0.6619692257316693, 0.6513976052106034, 0.6302646180531333, 0.6198119106235326, 0.6300441006077966, 0.6423863434726433, 0.6439859104859994, 0.6449065484669323, 0.630790083103289, 0.6019900510407042, 0.5594399768602928, 0.5091535221255339, 0.45668380392573443, 0.4099935586714801, 0.3898677736870639, 0.3971065500053503, 0.40208783836669715, 0.422078650078789, 0.46451512424269037, 0.5188225077053946, 0.5250143724060699, 0.4301428429699805]}