{"timestamps": [0.26179208333269344, 0.2819300833325542, 0.30206708333207644, 0.3222050833319372, 0.34234308333361696, 0.3624810833334777, 0.3826190833333385, 0.4027560833328607, 0.4228940833327215, 0.44303208333258226, 0.46317008333244303, 0.4833080833323038, 0.503445083333645, 0.5235830833335058, 0.5437210833333666, 0.5638590833332273, 0.5839970833330881, 0.6041340833326103, 0.6242720833324711, 0.6444100833323319, 0.6645480833321926, 0.6846860833320534, 0.7048230833333946, 0.7249610833332554, 0.7450990833331161, 0.7652370833329769, 0.7853750833328377, 0.8055120833323599, 0.8256500833322207, 0.8457880833320814, 0.8659260833319422, 0.886064083333622, 0.9062010833331442, 0.926339083333005, 0.9464770833328657, 0.9666150833327265, 0.9867530833325873, 1.0068900833321095, 1.0270280833319703, 1.04716608333365, 1.0673040833335108, 1.087441083333033, 1.107579583333063, 1.1277175833329238, 1.1478555833327846, 1.1679935833326454, 1.1881305833321676, 1.2082685833320284, 1.2284065833337081, 1.2485445833335689, 1.2686825833334296], "x_swing_data": [-0.307739, -0.384222, -0.424447, -0.515043, -0.613015, -0.694785, -0.652088, -0.605439, -0.569017, -0.547532, -0.428213, -0.239424, -0.09371, -0.001846, 0.011359, 0.020724, 0.007898, 0.149287, 0.334539, 0.687524, 1.95472, 5.046122, 8.379454, 12.472083, 15.323583, 16.984447, 6.85372, 4.332654, 14.10605, 2.087471, 8.560591, 5.705417, 6.563087, 5.516067, 5.042983, 5.170704, 3.471611, 2.330421, 1.509902, 1.08584, 0.750158, 0.630101, 0.373912, 0.38215, 0.387904, 0.466021, 0.470513, 0.451323, 0.542293, 0.751122, 0.9303], "y_swing_data": [-0.467317, -0.455372, -0.459778, -0.478642, -0.414672, -0.321932, -0.394137, -0.370821, -0.157621, -0.059188, 0.131927, 0.48189, 0.565268, 0.548439, 0.205788, -0.247614, -0.699476, -0.917322, -0.777049, -0.445872, 0.044589, 0.568658, 0.060746, -1.964165, -6.086392, -8.801917, -7.973557, 2.077495, 5.96523, -5.040835, 2.917177, 1.704134, 1.591251, 0.803269, -0.5786, 0.086715, 0.636755, 1.542471, 2.30925, 1.852002, 1.14645, 1.182741, 1.256187, 1.165614, 0.997971, 0.815147, 0.665369, 0.528858, 0.365229, 0.250316, 0.082816], "z_swing_data": [-0.443084, -0.414831, -0.384682, -0.340985, -0.320444, -0.25785, -0.11035, -0.048817, -0.093607, -0.123874, -0.13491, -0.042003, 0.143495, 0.35006, 0.690538, 1.137587, 1.800665, 2.617504, 3.218534, 3.845902, 4.31344, 5.062008, 6.068286, 6.122178, 4.55472, 1.490939, 11.184027, 14.737657, 0.142916, 6.072213, 3.426677, 0.786481, 1.557611, 2.371202, 1.827196, 0.646824, 0.579156, 0.545737, 0.227361, 0.4014, 0.575427, 0.522401, 0.367622, 0.468342, 0.479082, 0.519223, 0.532773, 0.554373, 0.559984, 0.690886, 0.898607], "sin_pitch_values": [-0.04571606089544555, -0.11452118482317009, -0.18997236610835014, -0.27017616861973154, -0.3510582064291313, -0.4330159496537794, -0.5170466559786996, -0.5977495469122504, -0.6697209827126013, -0.7309868523404482, -0.7828673260071154, -0.8234687534945709, -0.8500461988306307, -0.8680802563369927, -0.886496921058632, -0.9117682111627894, -0.9409003684826284, -0.9660435047273792, -0.9805403007142989, -0.9669439539345573, -0.8761112558181694, -0.6210855273799175, -0.1951133303520804, 0.2510298248914652, 0.4397003375449141, 0.0024349975937235676, -0.6410986849780536, -0.6647842704614738, -0.31431025559039844, -0.12576607517087135, 0.09488106038866226, 0.31091538458739953, 0.4781990883384934, 0.5891423338570935, 0.6785412999196325, 0.7587578378640629, 0.8256892991324483, 0.8735106845205362, 0.9054259262984438, 0.925411873620251, 0.9343982187591175, 0.9360674516280895, 0.9330820465176909, 0.9250134525364723, 0.9101259732300023, 0.8859474946097906, 0.8506255891571268, 0.8028599121070863, 0.741495147843952, 0.6690018198396274, 0.5925815989427989], "sin_roll_values": [-0.9331658228042217, -0.9489407803796885, -0.9636148735153571, -0.9768194640773866, -0.9869235503006867, -0.9939793128139397, -0.9988019272953633, -0.9996173573332862, -0.9927477332371962, -0.9739651909046401, -0.9405254312034048, -0.8818652462526277, -0.7824992601072448, -0.6494216668193727, -0.5057228476782503, -0.3674452855004237, -0.24763906204587183, -0.20927321058309603, -0.46458566121510464, -0.8845435956124489, -0.977433113068335, -0.9963253207642733, -0.9973307481671511, -0.9118963067933, -0.4085966713450179, 0.27922412381877776, 0.6383709432050089, 0.9093400131980981, 0.9605277027329167, 0.9873080377366664, 0.9937275856436504, 0.9998856900366688, 0.9942911355634462, 0.9678977989017336, 0.9308633185905204, 0.9144106838558832, 0.9384373608283104, 0.9747745428726995, 0.9931966874463038, 0.9999074578608677, 0.9959608784939314, 0.9873691091072372, 0.9876266767249914, 0.9946580184805669, 0.9996204035554481, 0.9991509603789136, 0.9955164988157701, 0.9911871285755586, 0.9878636980151537, 0.9874593609058826, 0.9908681012344741], "sin_yaw_values": [0.11416056553326162, 0.12202810194522962, 0.12083499705109702, 0.11729237955483886, 0.12365568081108637, 0.1351333047006663, 0.13201450678175122, 0.11357340940401718, 0.09141619247446506, 0.07192184956720338, 0.06391440421055603, 0.04975744548310519, 0.020668528158981975, 0.006216959951107345, 0.030492272844238357, 0.09430465660825267, 0.1950054432944795, 0.37752217799646304, 0.7744511056669346, 0.991379215015505, 0.8321157045359008, 0.6824436829592523, 0.6086005118111988, 0.6687837581809312, 0.9111991914328958, 0.9986339903810327, 0.9800990127941879, 0.7307975653831756, 0.5619452884277095, 0.44545343311619295, 0.41657868802980674, 0.47427527801234515, 0.566027954176866, 0.6206744892976473, 0.613023354935345, 0.5480387032749762, 0.39772013307320536, 0.20385661389825144, 0.04929766403362262, -0.07957044731957698, -0.19275855708363102, -0.25384040666899005, -0.23473860785260195, -0.1497274934755122, -0.027663124180496053, 0.10225361931688585, 0.2270803428616478, 0.34073978010915157, 0.4429986280439008, 0.5387912711328785, 0.6277455722058461]}