{"timestamps": [0.7048175416657614, 0.7249545416671026, 0.7450925416669634, 0.7652305416668241, 0.7853675416663464, 0.8055055416662071, 0.8256435416660679, 0.8457805416674091, 0.8659185416672699, 0.8860555416667921, 0.9061935416666529, 0.9263315416665137, 0.9464685416660359, 0.9666065416658967, 0.9867445416657574, 1.0068815416670986, 1.0270195416669594, 1.0471565416664816, 1.0672945416663424, 1.0874325416662032, 1.1075690416673751, 1.127707041667236, 1.1478450416670967, 1.167982041666619, 1.1881200416664797, 1.208257041666002, 1.2283950416658627, 1.2485330416657234, 1.2686700416670647, 1.2888080416669254, 1.3089450416664477, 1.3290830416663084, 1.3492210416661692, 1.3693580416675104, 1.3894960416673712, 1.4096330416668934, 1.4297710416667542, 1.449909041666615, 1.4700460416661372, 1.490184041665998, 1.5103220416658587, 1.5304590416672, 1.5505970416670607, 1.570734041666583, 1.5908720416664437, 1.6110100416663045, 1.6311470416658267, 1.6512850416675064, 1.6714220416670287, 1.6915600416668894, 1.7116980416667502], "x_swing_data": [0.142422, 0.121074, -0.079463, -0.058083, -0.059169, -0.194319, -0.291197, -0.437794, -0.495052, -0.588545, -0.752304, -0.907129, -0.919555, -0.810874, -0.687856, -0.526894, -0.272425, -0.031685, 0.344109, 0.746978, 1.20505, 1.858003, 4.411609, 5.23552, 8.768294, 10.658792, 6.440619, 2.534978, 3.072683, 5.111914, 7.364276, 7.380073, 8.103967, 7.139507, 5.778646, 5.384591, 4.699509, 3.690201, 3.025651, 2.561885, 2.009619, 1.710765, 1.845066, 1.543228, 1.097842, 0.675059, 0.731073, 0.46816, 0.367911, 0.314748, 0.266856], "y_swing_data": [-0.120629, -0.135561, -0.31227, -0.363636, -0.386383, -0.409086, -0.354658, -0.378621, -0.429539, -0.556128, -0.665339, -0.772822, -0.756069, -0.823917, -1.013906, -1.195528, -1.498504, -1.731218, -2.049409, -2.176332, -1.635008, -0.735345, 0.346392, 0.567829, -0.906011, -2.72528, -5.766838, 0.273274, 1.072293, -1.713344, -2.451003, -1.63078, 0.100051, 1.652567, 0.213443, -0.086974, 0.435884, 0.505757, 0.740364, 0.676306, 1.007661, 0.786416, 1.10723, 0.76776, 1.15972, 0.710692, 0.471708, 0.270867, 0.364179, 0.321378, 0.247288], "z_swing_data": [0.006753, 0.136082, 0.183062, 0.240634, 0.313331, 0.377096, 0.533094, 0.637827, 0.675363, 0.690493, 0.786002, 0.906903, 0.996594, 1.16594, 1.351643, 1.569436, 1.742559, 1.914163, 2.16406, 2.361234, 2.654588, 3.15644, 3.860682, 4.015018, 4.266004, 3.367085, 2.055696, 7.718657, 5.703427, 5.397616, 5.632022, 4.079473, 1.693261, -0.22688, 0.161906, 0.062271, -0.222581, -0.50224, -0.413298, -0.362326, -0.42505, -0.382645, -0.409985, -0.397822, -0.53415, -0.400163, -0.133782, 0.104019, 0.23455, 0.233791, 0.327133], "sin_pitch_values": [0.012351685907703058, 0.007001942784459591, -0.00013599999958075734, -0.008242906652396317, -0.01693719010465026, -0.024732477848278846, -0.03072916178126177, -0.03480996609547733, -0.03725137920824129, -0.04091457620822502, -0.048258249236186004, -0.06298328415375311, -0.08463562938489899, -0.11008045841366385, -0.14186676512362592, -0.1822526621625413, -0.23577794074220262, -0.2999125663817987, -0.3629771757945118, -0.3894201844298597, -0.3375839655073749, -0.1702358423146694, 0.10002346062022932, 0.41005284355248256, 0.5743820091622852, 0.41664172982623543, 0.09688578067766691, -0.24633316020321974, -0.2876162624966175, -0.17180931370682503, -0.07188295051196998, 0.025653185499714334, 0.16265806515321968, 0.3267454903144433, 0.45289965885244104, 0.5499121060062533, 0.640793953459004, 0.729328536809344, 0.8085248547911212, 0.8708102266268687, 0.9205026657984259, 0.9551168533592854, 0.9775456408809466, 0.9891653304650335, 0.9946193427206131, 0.9964733753130947, 0.9969615421327723, 0.9970938949781104, 0.9969452402333436, 0.9961369702599592, 0.9952124690291458], "sin_roll_values": [-0.9542017332609531, -0.967274115007776, -0.9772082931120358, -0.9851943565115994, -0.9913572344623292, -0.9957436246203653, -0.9985355279598965, -0.9998386098920642, -0.9998133229584465, -0.9979839384864551, -0.9933906902999807, -0.9854064675808722, -0.973096249239223, -0.9556758017875262, -0.934186686367897, -0.9122270773825888, -0.8950671008841778, -0.8916064754742076, -0.9081190226237096, -0.940731130806697, -0.9802296175659089, -0.9996077827543881, -0.9906740492096866, -0.9235798976391195, -0.650921749380135, -0.1594850457491986, 0.13794175364524117, 0.3210130918887416, 0.6133127511902675, 0.809052379886886, 0.9177608680093758, 0.9696721932239085, 0.9874767756570347, 0.9975520963593475, 0.9996452115260644, 0.9934661160101282, 0.9805453366505772, 0.9628806661620046, 0.9443673402484659, 0.9290633292200727, 0.9118731796143337, 0.8969604100466171, 0.8643566624833592, 0.8419097855118374, 0.7586716243655696, 0.5668883045868771, 0.34013800947228984, 0.21585330635606464, 0.19568181059694467, 0.264931278567351, 0.3836510524373713], "sin_yaw_values": [-0.9519437460727262, -0.9461484729560377, -0.9392744935122226, -0.9318084379478812, -0.9231718153131826, -0.9132986827489529, -0.9013809209173274, -0.885761909518764, -0.8647945163454123, -0.8369033592409533, -0.8014429469102381, -0.7569702303621335, -0.7003987420032955, -0.6291778454635281, -0.5353347330384711, -0.41449334442801583, -0.2672691792958131, -0.09350819180758672, 0.11060225262592854, 0.3331759649484647, 0.5503947727436602, 0.725183598613847, 0.8401197704652549, 0.860157806840976, 0.7162864992013102, 0.46159112224216065, 0.2937513735740731, 0.3885026154517204, 0.61961256402935, 0.7641206181835316, 0.862354613516944, 0.9297598426293004, 0.9584428582062262, 0.9594966375637572, 0.9608539062041113, 0.9688016543539003, 0.9748656011802664, 0.9773276534029448, 0.9754157923561534, 0.970066620648544, 0.9628478213949336, 0.9577318304654477, 0.936557680897674, 0.911328646462981, 0.8262220286363021, 0.6232369048046731, 0.357137046141087, 0.1789990741853289, 0.1026807058105717, 0.11659122359889568, 0.185447262142763]}