{"timestamps": [0.4228870000006282, 0.4430240000001504, 0.4631620000000112, 0.4832989999995334, 0.5034360000008746, 0.5235740000007354, 0.5437110000002576, 0.5638490000001184, 0.5839859999996406, 0.6041240000013204, 0.6242605833340349, 0.6443985833338957, 0.6645355833334179, 0.6846725833329401, 0.7048105833346199, 0.7249475833341421, 0.7450855833340029, 0.7652225833335251, 0.7853605833333859, 0.8054975833329081, 0.8256345833342493, 0.8457725833341101, 0.8659095833336323, 0.8860475833334931, 0.9061845833330153, 0.9263225833328761, 0.9464595833342173, 0.9665965833337395, 0.9867345833336003, 1.0068715833331225, 1.0270095833329833, 1.0471465833343245, 1.0672845833341853, 1.0874215833337075, 1.1075585833332298, 1.1276965833330905, 1.1478335833344318, 1.1679715833342925, 1.1881085833338147, 1.208245583333337, 1.2283835833331977, 1.248520583334539, 1.2686585833343997, 1.288795583333922, 1.3089335833337827, 1.329070583333305, 1.3492075833346462, 1.369345583334507, 1.3894825833340292, 1.40962058333389, 1.4297575833334122], "x_swing_data": [0.079601, -0.036807, -0.107739, -0.240873, -0.387303, -0.491844, -0.597582, -0.722862, -0.774398, -0.782066, -0.80804, -0.807345, -0.84194, -0.800521, -0.562801, -0.266086, -0.043001, 0.194874, 0.506183, 0.914579, 1.306269, 2.205316, 5.833831, 6.172071, 9.122069, 9.769171, 6.50786, 3.94571, 3.372311, 5.562167, 6.917256, 7.396417, 7.959821, 6.942332, 6.293262, 5.724886, 5.091074, 3.893535, 3.251121, 2.609409, 1.939974, 1.864051, 1.964932, 1.682193, 1.066023, 0.598796, 0.499126, 0.548823, 0.495974, 0.462038, 0.40372], "y_swing_data": [-0.209109, -0.273397, -0.295702, -0.37625, -0.411172, -0.383584, -0.463102, -0.495852, -0.562303, -0.611919, -0.603977, -0.57557, -0.557719, -0.648065, -0.795905, -0.955379, -1.034077, -1.184523, -1.353799, -1.260964, -0.725425, 0.494839, 2.4146, 1.000074, -0.083661, -1.867273, -5.402335, -0.770552, 2.721563, -2.083837, -1.815888, -0.044402, 1.623042, 0.774921, -1.050126, -0.497585, 0.252119, 0.336785, 0.580999, 1.005868, 0.939403, 0.949672, 0.875545, 0.933647, 0.903251, 0.533767, 0.27082, 0.272547, 0.278703, 0.083656, 0.038722], "z_swing_data": [0.111014, 0.163961, 0.215761, 0.238175, 0.305951, 0.35728, 0.403858, 0.412006, 0.399022, 0.444961, 0.517035, 0.669392, 0.882021, 0.99279, 1.168309, 1.367716, 1.616562, 1.943265, 2.193041, 2.46667, 2.822518, 3.399678, 4.214961, 4.018718, 3.987392, 4.340179, 4.015053, 9.205789, 5.754851, 5.724659, 5.279005, 3.502049, 0.829396, 0.289406, 0.678621, -0.016879, -0.53651, -0.374347, -0.322169, -0.177264, -0.015582, -0.118807, -0.074499, -0.123171, -0.040059, 0.073649, 0.254235, 0.304656, 0.243699, 0.204273, 0.129311], "sin_pitch_values": [0.0064979542715002106, 0.0019169988258731802, -0.0023829977446146594, -0.008176908876731103, -0.015786344244163666, -0.023995696642278647, -0.03285008888542004, -0.04390188518470447, -0.05551344735776446, -0.06884350388832045, -0.08272136700848148, -0.09700820129178027, -0.11181170382248579, -0.12983146086842093, -0.1539216453386055, -0.18790822654270808, -0.22887027964238757, -0.2719857745988305, -0.31430930626992476, -0.33866246814448847, -0.2939215158906683, -0.10913518830957245, 0.1573059079439829, 0.48737848141275736, 0.7253295560934689, 0.6021784811212675, 0.2251363727717256, -0.17648180494056764, -0.24029039495769272, -0.12280719768366712, -0.022706048474596383, 0.07838550672555142, 0.23649021183782298, 0.4014623890807673, 0.5189045739849384, 0.6201359596705257, 0.7158188082357927, 0.8045129659820988, 0.879430730779282, 0.9370059201350779, 0.9742393111133577, 0.9934043820599171, 0.9997514917897851, 0.9977494164612503, 0.9887306446771451, 0.9742729022812756, 0.9573131349993086, 0.9398442223625693, 0.9219223309959819, 0.9045635966181873, 0.8887279976556581], "sin_roll_values": [-0.9785927991503305, -0.9799943312641177, -0.9817566858625417, -0.984074652966195, -0.9867975226419315, -0.9896878502209446, -0.9925223341741851, -0.9951081131953059, -0.9974954110093095, -0.9994342511997267, -0.999906188341191, -0.9974383390039055, -0.9906880308676518, -0.9795745498475231, -0.9643305815843526, -0.9460942841494572, -0.9285920386015277, -0.9171157710851862, -0.9199945790444445, -0.943409913681912, -0.9800354396519588, -0.9970528913845939, -0.9996115918456062, -0.9795790430488276, -0.7922392865695932, -0.1689812862555947, 0.2390292519168561, 0.3718953626312738, 0.6403938880831233, 0.8255674288399982, 0.92479445691259, 0.9693435687666315, 0.9903294883729776, 0.9999748708280441, 0.9932256524258117, 0.9754584499887632, 0.9525055709968124, 0.9347478184748723, 0.9327690217159574, 0.9429120752510665, 0.9606490813537134, 0.9862667145843138, 0.8944201616782239, -0.988767591754362, -0.9931389235774678, -0.9707301952930089, -0.9529803739063957, -0.9356006985506449, -0.9144875770178088, -0.8941868796042701, -0.8753216694645362], "sin_yaw_values": [0.28090792976529244, 0.290953209770511, 0.3024156927847437, 0.3152983275553255, 0.3311829496173826, 0.35083721719630756, 0.3738160930325431, 0.4045429459531918, 0.4426026325641016, 0.4831456702276404, 0.5279517605656557, 0.57919920407075, 0.6368402327417946, 0.7035949954800722, 0.7773498717275898, 0.8525959514357343, 0.9219017988381242, 0.9755425650905634, 0.9998997725654857, 0.9734650149189364, 0.8771110196182798, 0.7228905985526473, 0.5642220184368824, 0.49155515657780435, 0.6943625067724501, 0.9553664283366461, 0.9983966289100697, 0.9882128178250155, 0.9046700054183514, 0.795977471230021, 0.6789287998524868, 0.5727286474372837, 0.5489994257714221, 0.5848731438552688, 0.5909529805503534, 0.5659611770502475, 0.5381146187427862, 0.5000864943838659, 0.44885058096140307, 0.3933299237285971, 0.3157155250745897, 0.1871908400403405, -0.4195092707735506, -0.2157188957943936, 0.005189976700304881, 0.09049701847503296, 0.11987204792707123, 0.135700035851239, 0.15496892670948323, 0.16563019670653406, 0.16726703971717202]}