{"timestamps": [0.3020679999990534, 0.3222059999989142, 0.34234400000059395, 0.3624820000004547, 0.38261899999997695, 0.40275695833224745, 0.4228949583339272, 0.443032958333788, 0.46317095833364874, 0.4833089583335095, 0.5034469583333703, 0.5235839583328925, 0.5437219583327533, 0.563859958332614, 0.5839979583324748, 0.6041359583323356, 0.6242739583321963, 0.6444119583338761, 0.6645489583333983, 0.6846869583332591, 0.7048249583331199, 0.7249629583329806, 0.7451009583328414, 0.7652389583327022, 0.7853769583325629, 0.8055139583339042, 0.8256519583337649, 0.8457899583336257, 0.8659279583334865, 0.8860659583333472, 0.906203958333208, 0.9263419583330688, 0.946478958332591, 0.9666169583324518, 0.9867549583323125, 1.0068929583321733, 1.027030958333853, 1.0471689583337138, 1.067305958333236, 1.0874439583330968, 1.1075819583329576, 1.1277199583328184, 1.1478579583326791, 1.1679959583325399, 1.1881339583324007, 1.2082709583337419, 1.2284089583336026, 1.2485469583334634, 1.2686849583333242, 1.288822958333185, 1.3089609583330457], "x_swing_data": [0.338267, 0.223648, 0.139573, 0.080364, 0.034482, -0.033509, 0.018197, 0.058429, 0.009731, -0.034772, -0.016141, 0.13171, 0.241353, 0.27074, 0.211482, 0.020014, -0.209643, -0.27035, -0.273894, 0.116679, 0.904925, 2.951894, 5.682998, 8.761992, 12.249516, 16.063787, 14.970523, 4.428284, 5.992348, 7.201184, 6.684325, 7.323346, 6.335968, 6.315665, 5.772708, 5.584249, 4.098502, 2.57583, 1.903291, 1.497915, 1.352388, 0.986024, 0.639792, 0.504626, 0.523312, 0.542448, 0.627032, 0.534505, 0.628649, 0.593727, 0.648076], "y_swing_data": [-0.672544, -0.597612, -0.468496, -0.535871, -0.322889, -0.352701, -0.36664, -0.445138, -0.310494, -0.188959, -0.189489, -0.114216, -0.02618, -0.018962, 0.127667, 0.058482, -0.147582, -0.714685, -1.276546, -1.497617, -1.410172, -0.676909, -0.086863, -0.168291, -1.865538, -6.001872, -9.201056, -5.307093, 4.73072, -1.959274, -4.008761, 2.526677, 2.115814, 0.403069, -0.836334, -0.249319, 1.596224, 2.164715, 2.412423, 1.980171, 1.631719, 1.914121, 1.805809, 1.554121, 1.244874, 1.010279, 0.692343, 0.568212, 0.336579, 0.125014, -0.122761], "z_swing_data": [0.073792, 0.058823, -0.0797, 0.050327, -0.185234, -0.246379, -0.257545, -0.179297, -0.11261, -0.083841, -0.031888, -0.027413, 0.03853, 0.322692, 0.721784, 1.276471, 1.707654, 2.138485, 2.495277, 2.923434, 3.236354, 3.942791, 4.653172, 5.543589, 4.692288, 4.113533, -1.840629, 14.521757, 4.718386, 1.761979, 4.03779, 1.410344, 0.487769, 1.051087, 2.157925, 2.280236, 1.7089, 1.336587, 0.948189, 0.724551, 0.516589, 0.27256, 0.306708, 0.32629, 0.366212, 0.385364, 0.478008, 0.506999, 0.704474, 0.798347, 0.815434], "sin_pitch_values": [0.37025637944321615, 0.2633189882663329, 0.15769499039398943, 0.053637247994220635, -0.04644628433670357, -0.1418855729274876, -0.23312500487640267, -0.31981762823325127, -0.4014358285221608, -0.47838702320029564, -0.5481928910652231, -0.6076545304512369, -0.6581071558867918, -0.7006185443264765, -0.7383462801242009, -0.7775624524725563, -0.822737308881148, -0.8689664741597437, -0.9120284149719513, -0.9390845786837831, -0.9272157334678746, -0.8250417045888226, -0.5598095976134355, -0.15278722481161083, 0.21722628536887886, 0.3178604033520546, -0.09630451161310151, -0.6909735839418972, -0.6831745327611678, -0.44413716415858795, -0.27136503374488, -0.07252028274762073, 0.12921073388591328, 0.2965011812163481, 0.43647857042323895, 0.5643857667165441, 0.6822531381187686, 0.7766536466679832, 0.844216107319502, 0.8852159338183272, 0.906713077060439, 0.9194915036933615, 0.9274668327875036, 0.9306158782096344, 0.9269574638319087, 0.9150645728883119, 0.8924012955111837, 0.8577470711548149, 0.8102121670417481, 0.7481522829400987, 0.6726646101288213], "sin_roll_values": [-0.9105646533837607, -0.934404274537816, -0.9525629095691265, -0.9665057393069193, -0.9771872723342928, -0.9854177587509156, -0.9920650392595161, -0.9973616174255685, -0.9999696010014446, -0.9971818698539971, -0.9828320397475909, -0.9464919547344747, -0.8782755279162952, -0.7717373996502642, -0.6285602322473834, -0.4671172525011522, -0.31600396206454967, -0.2070294574673967, -0.19696827749202256, -0.39046133533368493, -0.7609756762228225, -0.9500108520107103, -0.9955702522838662, -0.9921629284801342, -0.8583453827543776, -0.3476409976393692, 0.3087903817833205, 0.6423901753694456, 0.9045397202318194, 0.9711094934232863, 0.9925685248290321, 0.998267113152298, 0.9999908122304856, 0.9976603554708118, 0.994032080378354, 0.9971347862702005, 0.9999826226113199, 0.9953592992390575, 0.9855232333785455, 0.9694476623619186, 0.9438915493704548, 0.9240809847018159, 0.9241490010785431, 0.9452934576734575, 0.973534615215183, 0.9936056674449124, 0.9998031474925063, 0.9990945588959501, 0.9976254971665361, 0.9977374419353423, 0.9985049471906087], "sin_yaw_values": [0.5763482316032883, 0.5837656952601428, 0.5918209331769246, 0.597113624488619, 0.6072954893268429, 0.617429702075672, 0.6255209020477586, 0.6270099563118825, 0.6303678710704309, 0.6321439357808512, 0.6269367264851411, 0.6134019992118098, 0.5993164941979131, 0.5870435165914085, 0.582273210090902, 0.5987639981748016, 0.6463986832004729, 0.7292649064369957, 0.8576576096527199, 0.9920792399325502, 0.8661484287537792, 0.49680607078249256, 0.25183476148998774, 0.18925526911445653, 0.32208369994614927, 0.627941713755515, 0.8312000347949198, 0.7092865926909835, 0.2953889918370791, 0.0659836790752737, -0.09317928771053777, -0.13567393309906023, -0.11278814145549661, -0.11442447833139281, -0.20123118337884327, -0.35619781999564976, -0.5107996240193021, -0.6428863879116484, -0.732758361898, -0.8020117405514435, -0.8564182496999593, -0.8778558483795731, -0.8641780858810468, -0.8110405364516866, -0.7141112185094945, -0.5791964761206178, -0.4360967404529918, -0.3029071612539188, -0.19088991601940808, -0.10166768893900588, -0.029035572231409554]}