{"timestamps": [0, 0.020137999999860767, 0.040274999999383, 0.060412999999243766, 0.08055099999910453, 0.1006889999989653, 0.12082699999882607, 0.14096499999868684, 0.1611029999985476, 0.18123999999988882, 0.2013779999997496, 0.22151599999961036, 0.24165399999947113, 0.2617919999993319, 0.28192999999919266, 0.3020669999987149, 0.3423430000002554, 0.3624810000001162, 0.38261899999997695, 0.4027569999998377, 0.4228949999996985, 0.4430319999992207, 0.4631699999990815, 0.48330799999894225, 0.503445999998803, 0.5235839999986638, 0.5437219999985246, 0.5638600000002043, 0.5839969999997265], "x_swing_data": [7.879039, 11.595138, 14.164356, 18.291613, 13.467463, 3.748863, 10.883497, 7.415123, 6.879683, 5.828787, 5.535336, 5.553812, 5.519151, 5.365735, 3.541935, 2.649067, 1.674197, 1.126858, 0.729062, 0.81583, 0.640989, 0.685654, 0.640608, 0.591454, 0.628702, 0.535084, 0.59196, 0.789359, 0.908583], "y_swing_data": [0.161824, -0.376536, -3.025117, -7.148742, -11.149221, -1.435194, 3.587692, 0.594978, -1.498401, 2.906262, 1.384644, -0.296143, -1.991943, -0.264517, 1.179286, 1.453663, 1.588876, 1.828918, 1.522304, 1.316236, 1.245084, 0.867926, 0.718479, 0.534913, 0.453197, 0.195678, 0.057873, -0.101137, -0.303422], "z_swing_data": [5.211486, 6.092845, 6.71113, 6.799556, -1.011062, 14.541366, 1.632126, 2.929272, 3.351689, 0.792182, 0.394351, 1.541652, 1.65306, 1.067338, 0.675065, 0.732768, 0.528499, 0.348862, 0.304465, 0.371492, 0.215083, 0.312549, 0.309318, 0.325531, 0.372664, 0.291605, 0.4708, 0.630991, 0.749891], "sin_pitch_values": [-0.22390366897949673, 0.252935288388876, 0.5136555942001325, 0.4012608867547626, -0.2120410205642905, -0.500014050678226, -0.26768543900864583, 0.03937481859729199, 0.2575492207772896, 0.45914898636748636, 0.6166537887719074, 0.7139581368730831, 0.7891083237367947, 0.8567749751661039, 0.9072059015364385, 0.939304002380193, 0.9680868733948076, 0.9761344517055505, 0.9803269160553013, 0.9827395447247023, 0.9833808235349032, 0.9785367837031786, 0.9655797181935354, 0.941667091676364, 0.9057419306980259, 0.855438018444532, 0.7872126813195953, 0.702039229232676, 0.6044449895506895], "sin_roll_values": [-0.9981456612424535, -0.9433944409760363, -0.5450367944621519, 0.18874105310878528, 0.6350204558715332, 0.9186011231198723, 0.9732323246993867, 0.9886744356264658, 0.9954993001306628, 0.9998296868352686, 0.9932354098530354, 0.964169995822722, 0.9419758633099626, 0.9468852992668375, 0.97365301715744, 0.999745451125668, 0.9038332352544209, 0.8454861981838615, 0.8184544935587719, 0.8501278283801045, 0.9378672532437123, 0.9954689231152507, 0.9952898203098162, 0.9814371388253615, 0.9759980206531794, 0.9766142973157421, 0.9805378768182152, 0.9859845168331574, 0.9920525439644093], "sin_yaw_values": [-0.21097177060992914, -0.2747185711993154, -0.5555406136008622, -0.7997508002437967, -0.8167576801686581, -0.4315298777571308, -0.15708074247468967, -0.04281291024670875, 0.038178718934788775, 0.011677734569270294, -0.09780240661843075, -0.17228511154626955, -0.11015301447588806, 0.036174105983498454, 0.24517868617978586, 0.5184916295343234, 0.8935786913803474, 0.9453133554086326, 0.9587356242620527, 0.932355792165745, 0.8217544180355187, 0.6102522768746526, 0.38991381674211933, 0.2252201640836079, 0.11195479969795509, 0.028821008476824967, -0.03673373376374175, -0.10167101800893817, -0.17251363784090265]}