{"timestamps": [0.8054915416651056, 0.8256295416649664, 0.8457665416663076, 0.8659035416658298, 0.8860405416653521, 0.9061785416652128, 0.926315541666554, 0.9464525416660763, 0.966590541665937, 0.9867275416654593, 1.0068645416649815, 1.0270015416663227, 1.0471395416661835, 1.0672765416657057, 1.087413541665228, 1.1075515416650887, 1.12768854166643, 1.1478255416659522, 1.1679625416654744, 1.1881005416653352, 1.2082375416666764, 1.2283745416661986, 1.2485125416660594, 1.2686495416655816, 1.2887865416651039, 1.308923541666445, 1.3290615416663059, 1.349198541665828, 1.3693355416653503, 1.3894725416666915, 1.4096105416665523, 1.4297475416660745, 1.4498845416655968, 1.470021541665119, 1.4901595416649798, 1.510296541666321, 1.5304335416658432, 1.550571541665704, 1.5707085416652262, 1.5908455416665674, 1.6109825416660897, 1.6311205416659504, 1.6512575416654727, 1.671394541664995, 1.6915315416663361, 1.711669541666197, 1.7318065416657191, 1.7519435416652414, 1.7720815416651021, 1.7922181249996356, 1.8123551249991579], "x_swing_data": [0.13088, 0.123879, 0.061934, 0.007331, -0.057107, -0.124172, -0.275287, -0.466244, -0.523492, -0.620219, -0.808509, -0.919273, -0.943119, -0.938514, -0.924383, -0.898876, -0.869664, -0.573367, -0.440413, 0.124435, 0.519775, 0.98076, 1.861847, 7.820765, 6.458493, 9.846384, 8.881402, 2.919407, 2.014561, 6.169291, 4.119439, 5.850747, 7.200497, 6.147877, 5.792905, 5.605118, 5.232804, 4.4297, 3.389912, 2.926939, 2.544853, 2.098691, 1.940117, 1.677771, 1.598326, 1.468165, 1.140192, 0.901216, 0.842148, 0.739224, 0.685894], "y_swing_data": [-0.234691, -0.299729, -0.311575, -0.285379, -0.259956, -0.261575, -0.250389, -0.332879, -0.428718, -0.442173, -0.4137, -0.483596, -0.589132, -0.584523, -0.579023, -0.726689, -0.906657, -1.02804, -1.314392, -1.329334, -0.798986, -0.311506, 0.469682, 2.707445, 0.491994, -1.059305, -6.386459, -0.612007, 2.572583, 2.784905, -1.512696, -2.265695, 0.992022, 2.047051, -0.651233, -1.679327, -0.177053, 0.116215, 0.1441, 0.242761, 0.399629, 0.560229, 0.543046, 0.257686, 0.258548, 0.588701, 0.61837, 0.508972, 0.260182, 0.418174, 0.430261], "z_swing_data": [0.325151, 0.386642, 0.369681, 0.367313, 0.324957, 0.335994, 0.283849, 0.275802, 0.302279, 0.306384, 0.309029, 0.37272, 0.491978, 0.735158, 1.030488, 1.395812, 1.787343, 2.18528, 2.817744, 3.005624, 3.181008, 2.994283, 3.427648, 3.84832, 3.917257, 5.641184, 2.297753, 11.337771, 8.270874, 4.401484, 4.597753, 4.672523, 1.954016, -0.231887, 0.948605, 1.156424, 0.994099, 0.655388, 0.349903, 0.084894, -0.040243, -0.272736, -0.298152, -0.182502, -0.226738, -0.384377, -0.391684, -0.246252, -0.172107, -0.165163, -0.158969], "sin_pitch_values": [0.030048476312130874, 0.009581853372558902, -0.010075829505245654, -0.0275825013667391, -0.04203061512979182, -0.05449798709975518, -0.06487340967405124, -0.07474622326283493, -0.08536498020553662, -0.09685194057444829, -0.10896719620298313, -0.1217948548161465, -0.1366174120112867, -0.15248579868192255, -0.168470712831087, -0.1898997131698772, -0.22243760093026604, -0.2681064657147506, -0.31964139158556193, -0.3557776229332145, -0.3217678084347474, -0.1893744211491381, 0.08044498114302324, 0.40591609665243755, 0.7008867843392763, 0.7131405310438612, 0.49079937860286366, -0.02030260496657986, -0.18811349943460146, -0.06822895234317662, 0.05254978403435705, 0.10013390334757102, 0.19619991538239137, 0.3525774453504865, 0.46075083850657494, 0.5296119302000091, 0.5971473145419961, 0.6667362381028056, 0.7351032739863078, 0.7982878265734844, 0.8532271161547563, 0.8979055055952866, 0.9320535795317703, 0.9570882519632122, 0.9735896649885376, 0.9804093355389238, 0.9789202233793459, 0.9721676550428936, 0.9624066414498207, 0.9496832355784226, 0.9349758589125111], "sin_roll_values": [-0.96038486777735, -0.9619514332111081, -0.9630756652855106, -0.9642408844020229, -0.9653981888760634, -0.9673233211415434, -0.9704399248534092, -0.9738736042554799, -0.9778955590481819, -0.9826980812886363, -0.9877016817817922, -0.9928890574682039, -0.9977545096061256, -0.9999994698865922, -0.9967086043311325, -0.9857913306321374, -0.9678155576380502, -0.9462454382372363, -0.9349118727888974, -0.9419896254232998, -0.9674341938299637, -0.9962392596541765, -0.9997157851905328, -0.9947341327281726, -0.9336996454221506, -0.46634017084045626, 0.06748666727881068, 0.1795067165420043, 0.4479177207140527, 0.6556310082692713, 0.8129586329875697, 0.8947169236454418, 0.9408675117590888, 0.9816771209279298, 0.998866414092067, 0.9979616639147108, 0.9851900107765352, 0.9607232103406327, 0.9289734110587533, 0.8994776557168204, 0.8718806964569619, 0.831357897738361, 0.7670443521851046, 0.6729943035854287, 0.5154396744950954, 0.22568844263765045, -0.1103931942981998, -0.3487084052113551, -0.4735294289952725, -0.5325162864498425, -0.5508719589650417], "sin_yaw_values": [-0.3203235364608457, -0.3139048671736542, -0.3050738737415135, -0.29189067244258554, -0.2741531472300113, -0.25374304858956914, -0.2325366319480406, -0.20745437409431397, -0.18012152940940576, -0.1488893415381773, -0.11303887406447914, -0.07246841956883178, -0.024685492198021377, 0.03765709433307184, 0.12005372636978548, 0.2250973995011432, 0.35075761882974904, 0.4989874693619368, 0.659833382459797, 0.8167028633031439, 0.9361508068176322, 0.9958937098678, 0.9836327128118679, 0.9160457789738712, 0.9383495863978356, 0.9838459615876173, 0.801176127438094, 0.8065164584311906, 0.9235806644493032, 0.9860645425598326, 0.9999685392607739, 0.9899673587841129, 0.974983690225638, 0.980510381007884, 0.9839024199646711, 0.9766991456792246, 0.9674832814203669, 0.9601774488646521, 0.9522567646416263, 0.9424713044952561, 0.9346319371408525, 0.9403850452766926, 0.9620851012840262, 0.9868678253939773, 0.9995792009740819, 0.9377690163134993, 0.7552988536774538, 0.5518683551250291, 0.40154939544250484, 0.3013136193509467, 0.23690702099384414]}