{"timestamps": [0.10068600000158767, 0.12082400000144844, 0.14096100000097067, 0.1610980000004929, 0.18123500000001513, 0.2013730000016949, 0.22151000000121712, 0.24164700000073935, 0.2617850000006001, 0.28192200000012235, 0.3020590000014636, 0.3221960000009858, 0.34233400000084657, 0.3624710000003688, 0.38260799999989104, 0.40274500000123226, 0.422883000001093, 0.44302000000061525, 0.4631570000001375, 0.4832940000014787, 0.5034320000013395, 0.5235690000008617, 0.5437060000003839, 0.5638440000002447, 0.5839810000015859, 0.6041180000011082, 0.6242550000006304, 0.6443930000004912, 0.664528875000542, 0.6846658750000643, 0.7048028750014055, 0.7249408750012662, 0.7450778750007885, 0.7652148750003107, 0.7853518750016519, 0.8054898750015127, 0.8256268750010349, 0.8457638750005572, 0.8659018750004179, 0.8860388749999402, 0.9061758750012814, 0.9263128750008036, 0.9464508750006644, 0.9665878750001866, 0.9867248750015278, 1.00686187500105, 1.0269998750009108, 1.047136875000433, 1.0672738749999553, 1.087411875001635, 1.1075488750011573], "x_swing_data": [-0.20129, -0.200279, -0.253958, -0.28553, -0.24998, -0.079203, 0.02232, -0.027264, 0.013697, 0.094367, 0.188878, 0.263505, 0.351552, 0.325176, 0.112411, -0.379681, -0.794323, 0.399707, 2.782432, 4.707541, 12.371129, 15.909054, 6.171775, 2.600166, 2.24018, 17.261595, 3.913096, 4.950527, 3.538755, 3.914195, 3.049667, 2.702355, 2.031765, 1.562696, 1.496182, 1.636288, 1.554615, 1.465686, 1.259771, 0.943247, 0.587404, 0.289005, 0.170346, 0.105766, -0.022089, -0.072331, 0.01353, 0.014652, -0.07286, -0.095284, -0.052239], "y_swing_data": [-0.906213, -0.783207, -0.698837, -0.724212, -0.733113, -0.747777, -0.514823, -0.497182, -0.497561, -0.569724, -0.442221, -0.041921, 0.244553, 0.537762, 1.181656, 1.635811, 1.393932, 2.512479, 4.405085, 6.143947, 1.298241, -3.943111, -19.176956, -5.188476, -0.101046, 3.018342, 4.42587, 4.687186, 3.295374, 2.404383, 2.489474, 2.041616, 1.659865, 1.148834, 0.6572, 0.279402, 0.030693, -0.172293, -0.191961, 0.085716, 0.337849, 0.317478, 0.247287, 0.263852, 0.268943, 0.256224, 0.287143, 0.26103, 0.121384, 0.087614, 0.21825], "z_swing_data": [0.010239, 0.098057, 0.157174, 0.224519, 0.188174, 0.028219, 0.140356, 0.165608, 0.144061, 0.137426, -0.01483, 0.116449, 0.533671, 1.621405, 2.776199, 3.370479, 3.397952, 3.441093, 3.497532, 4.603406, 3.803643, 0.880999, -2.77616, 14.050602, 17.04945, 8.35791, 4.216411, 1.170842, -0.245763, -0.234748, -0.782166, -0.652314, -0.39392, -0.17027, -0.201747, -0.454276, -0.719845, -0.63231, -0.575576, -0.670513, -0.59716, -0.370976, -0.10763, -0.026014, 0.035168, 0.096705, 0.191705, 0.344184, 0.435823, 0.402643, 0.318951], "sin_pitch_values": [-0.3513887173840321, -0.39041470215902924, -0.42910799681682743, -0.46861294774620116, -0.507374280734031, -0.541874636343558, -0.5852886439411, -0.6289415289373478, -0.6751426059301767, -0.7237463850603681, -0.7712152522946548, -0.8152211817166836, -0.8634790061053431, -0.909671319208047, -0.9446565136629089, -0.9619057919743399, -0.9539074942569612, -0.8934817067132765, -0.6891236475417576, -0.324513171399474, 0.11666173908404534, 0.0997199855235146, -0.3461459780411842, -0.7455435159561037, -0.9492365735435329, -0.8686827704618911, -0.724276142302507, -0.5657586353215898, -0.42792346346421295, -0.29120386494983586, -0.14811403443050716, 0.0022949979853634683, 0.15493632528673143, 0.29417480040005356, 0.41086168092466074, 0.512632497741084, 0.5972058685567813, 0.6643613419695601, 0.7183627784846274, 0.7598192172447237, 0.7921038003067031, 0.8165776223956858, 0.8353455103367599, 0.8495306718286051, 0.8603882516163259, 0.8693833415643274, 0.8796567443276418, 0.8900883623267388, 0.8978425494938845, 0.9022192966702923, 0.9064218551038167], "sin_roll_values": [-0.9031809478391746, -0.9189449816403471, -0.9309069172723087, -0.9381421247732777, -0.9403487657948825, -0.9437914386047135, -0.9506105268529521, -0.9569406215109564, -0.9652823072930969, -0.9789771690709046, -0.9929956761999381, -0.9994970794678176, -0.9995743910642626, -0.9969776958844907, -0.9911688383946012, -0.9941368875873262, -0.9983621625340111, -0.9998964560492929, -0.9987819277104012, -0.9919517375712297, -0.9645682493067158, -0.6701308029369112, -0.2976107285410288, -0.013015632482781835, 0.7650461554109599, 0.9991541439856961, 0.9957854254607406, 0.9973940863418023, 0.9993705205197606, 0.9997381881024416, 0.9971743135570577, 0.9941657599200105, 0.993274988495246, 0.9950025351856921, 0.9978275149342672, 0.9996173115917332, 0.9999072945378319, 0.9995196105951928, 0.9999628508469308, 0.9994864963285128, 0.9966399385592354, 0.9893757052074157, 0.9731700067934774, 0.9462199948470759, 0.9103272309179616, 0.8723877460023753, 0.8331637132504477, 0.7865869615810811, 0.7268676947954441, 0.6585204121186569, 0.5838566268818143], "sin_yaw_values": [-0.10075574248106586, -0.07734068843878018, -0.046829866485856145, -0.014588482487670957, 0.024413574175637255, 0.07317553712695235, 0.12937335736132222, 0.19101590075271943, 0.25308524524569853, 0.2975038016962474, 0.34306876760917226, 0.41840635850271973, 0.5370651189466996, 0.6813460299524893, 0.8118455007068355, 0.9398281659678266, 0.9995283415065717, 0.9815770707720217, 0.9244305570680533, 0.8783219048085258, 0.9764499689162639, 0.9120858238163011, 0.5156002074335728, 0.5494643477575007, 0.9410415176817155, 0.9206919294248417, 0.8289773272759522, 0.8254746764396067, 0.8459859976934684, 0.8679003219428341, 0.9000562827021518, 0.9351972482073863, 0.9652432859230655, 0.986449599099719, 0.9972223108906498, 0.9999937365894579, 0.9974219569885018, 0.9927944637418296, 0.9900351157161333, 0.98794252839191, 0.9865057082142691, 0.9867573265166945, 0.9892087416539864, 0.9920529650185171, 0.9946332158048388, 0.9957247095979584, 0.99602116954431, 0.99649465619389, 0.9978699960493705, 0.9992419991334537, 0.9999697178476648]}