{"timestamps": [0.3624710000003688, 0.38260799999989104, 0.40274500000123226, 0.422883000001093, 0.44302000000061525, 0.4631570000001375, 0.4832939999996597, 0.5034320000013395, 0.5235690000008617, 0.5437060000003839, 0.5638429999999062, 0.5839809999997669, 0.6041180000011082, 0.6242550000006304, 0.6443920000001526, 0.6645300000000134, 0.6846670000013546, 0.7048040000008768, 0.7249410000003991, 0.7450790000002598, 0.7652159999997821, 0.7853530000011233, 0.8054910000009841, 0.8256280000005063, 0.8457650000000285, 0.8659020000013697, 0.8860400000012305, 0.9061770000007527, 0.9263135000001057, 0.9464504999996279, 0.9665885000013077, 0.9867255000008299, 1.0068625000003522, 1.0269994999998744, 1.0471374999997352, 1.0672745000010764, 1.0874115000005986, 1.1075485000001208, 1.1276864999999816, 1.1478235000013228, 1.167960500000845, 1.1880975000003673, 1.208235500000228, 1.2283724999997503, 1.2485095000010915, 1.2686465000006137, 1.2887845000004745, 1.3089214999999967, 1.329058500001338, 1.3491965000011987, 1.369333500000721], "x_swing_data": [-0.8022, -0.968556, -1.105685, -1.505934, -1.715175, -1.525506, -1.273542, -1.103675, -1.158035, -1.10966, -0.77762, -0.714363, -0.566152, -0.400188, -0.06327, 0.127914, 0.055089, -0.066545, -0.247944, -0.154517, 0.775758, 4.992321, 5.57161, 10.396914, 13.160965, 13.174675, 9.22071, 6.655681, 10.4449, 3.885904, 8.081397, 7.446993, 6.661084, 5.18955, 4.925246, 5.145028, 4.644994, 4.012195, 2.963101, 1.602549, 1.559746, 1.32178, 1.127382, 0.798851, 0.352426, 0.018636, -0.157983, -0.299875, -0.719957, -0.987439, -0.64058], "y_swing_data": [-0.303264, -0.428407, -0.5066, -0.462362, -0.646229, -1.038265, -1.349385, -1.364796, -1.42582, -1.388154, -1.23435, -1.208583, -1.063048, -1.248697, -0.80352, -0.566389, -0.547063, -0.492796, -0.68126, -0.870761, -0.740325, 0.232335, 0.575821, -2.564227, -5.200771, -4.090224, -1.149215, -9.796867, 7.884188, 1.395164, -2.00036, 1.541298, 1.00959, 2.118083, 0.833237, -0.147864, 0.328509, 0.980693, 2.346786, 2.382692, 1.352568, 0.23391, -0.101239, -0.034794, -0.064479, -0.022561, 0.157582, 0.102114, 0.24285, 0.641297, 0.761923], "z_swing_data": [-0.167642, -0.043414, -0.049959, -0.027542, 0.123312, 0.24682, 0.039449, 0.001606, 0.163321, 0.181857, -0.012509, 0.1037, 0.329958, 0.354909, 0.338593, 0.86518, 1.207125, 1.801648, 2.324455, 2.841051, 3.50239, 3.632456, 7.167311, 10.803255, 5.707867, 3.869236, 14.495874, 9.791632, 4.272145, 3.905742, 2.474779, -0.296996, -0.261661, -1.13594, -0.532607, 0.064663, -0.086141, -0.66974, -1.391831, -1.315866, -0.615421, -0.227956, 0.192754, 0.475903, 0.572585, 0.640051, 0.572379, 0.570701, 0.843863, 0.667696, 0.353704], "sin_pitch_values": [0.4060860769544755, 0.3917832603662254, 0.3766089580965204, 0.35579911796385244, 0.32897504350755935, 0.2919509283197599, 0.2410387339729221, 0.17811156947199544, 0.10956459774050953, 0.04432647144219709, -0.017202151494051503, -0.09296656152847418, -0.19103847720187092, -0.30677138996563685, -0.42487337231856864, -0.5345743403337379, -0.6367083831503417, -0.7154521094177754, -0.7618879810990361, -0.7652618442539937, -0.6949145042544038, -0.49657723869592896, -0.188964950332262, 0.19927693385014908, 0.5330395652302166, 0.5894024887370698, 0.013062628487162957, -0.31751241548249254, -0.12818731635517772, 0.0616219340959308, 0.1706447700328629, 0.3132715112824665, 0.43154160500304617, 0.5251105426036793, 0.6029821256917518, 0.6699615541108228, 0.7343014176781537, 0.7896369039280735, 0.8308253126945608, 0.8602312419527068, 0.8810105483061379, 0.8939442534382147, 0.90285014989887, 0.9101980531585503, 0.9117628719186547, 0.904914166997235, 0.8906446705553008, 0.866213566817862, 0.8296419210956053, 0.7919780439002695, 0.75438451964999], "sin_roll_values": [-0.7095786129628403, -0.7230179627259924, -0.7467512415589278, -0.7732248760983006, -0.7879576738641442, -0.7980661349061786, -0.8172656832568812, -0.847730540347283, -0.8807450024788457, -0.9103537179672467, -0.9389800547094823, -0.9644658093234315, -0.9841075209245493, -0.9969257615064082, -0.9992058279409882, -0.9876159561086918, -0.9643459326104818, -0.9347947114963616, -0.915107985070954, -0.9239998057668148, -0.9601422379913306, -0.9885209423863033, -0.9968415130948391, -0.9409487905992266, -0.6527751534817738, 0.17170488893797198, 0.6562839083536601, 0.8608170627322299, 0.9364679187547484, 0.9873564309979167, 0.9986501581585684, 0.9988056266040698, 0.9942254336328782, 0.9857686450837262, 0.9742060714671045, 0.9690637321305989, 0.9722457713791778, 0.9831294611244705, 0.9897250098753927, 0.9880084934316853, 0.9856360391080496, 0.9879800671921007, 0.9953277459563902, 0.9999712618796621, 0.9875037389382023, 0.940552723714328, 0.8536992807305489, 0.7252841199950869, 0.5860610942802584, 0.4852621858028139, 0.4056035155810483], "sin_yaw_values": [-0.7645784276566683, -0.794919569037309, -0.823613971085221, -0.8416540989347345, -0.8473377922047669, -0.8481196454593773, -0.8433756918813397, -0.8338482733124328, -0.815849079215277, -0.781422990724556, -0.7233598346023394, -0.6651502379805215, -0.6170087687901357, -0.5725067595306969, -0.5243333297854808, -0.45416878280251377, -0.3606437507321499, -0.23825916403393635, -0.05941798184044386, 0.1935703215544894, 0.453431840324465, 0.7180190305153119, 0.8978914191112857, 0.9414633091312962, 0.8844219817360224, 0.5853591835022012, 0.5302411784759008, 0.7472890658143352, 0.855563326452869, 0.9024438698234375, 0.9404810371086999, 0.9403368577992441, 0.9328613974421676, 0.9153325699314082, 0.8994341059446372, 0.8992950765374004, 0.909109379875236, 0.9218494882466682, 0.9143772235740028, 0.8776269880230988, 0.8240764918801456, 0.7736793498922363, 0.7377079468132091, 0.7235745361761721, 0.736884427660829, 0.7741024069161174, 0.8179140349714522, 0.8590270095732035, 0.8837115944529311, 0.8944644328327784, 0.9013276517704842]}