{"timestamps": [0, 0.02013699999952223, 0.04027399999904446, 0.06041199999890523, 0.08054900000024645, 0.10068549999959941, 0.12082249999912165, 0.14095950000046287, 0.1610964999999851, 0.18123349999950733, 0.20137049999902956, 0.22150849999889033, 0.24164550000023155, 0.2617824999997538, 0.281919499999276, 0.30205650000061723, 0.32219350000013947, 0.3423304999996617, 0.36246749999918393, 0.38260450000052515, 0.4027425000003859, 0.42287949999990815, 0.4430164999994304, 0.4631534999989526, 0.48329050000029383, 0.5034274999998161, 0.5235644999993383, 0.5437015000006795, 0.5638395000005403, 0.5839765000000625, 0.6041134999995847, 0.624250499999107, 0.6443875000004482, 0.6645244999999704, 0.6846614999994927, 0.7047984999990149, 0.7249355000003561, 0.7450735000002169, 0.7652104999997391, 0.7853474999992613, 0.8054845000006026, 0.8256215000001248, 0.845758499999647, 0.8658954999991693, 0.8860325000005105, 0.9061695000000327, 0.9263074999998935, 0.9464444999994157, 0.9665814999989379, 0.9867185000002792], "x_swing_data": [-0.458764, -1.223673, -2.488698, -0.83521, -1.589096, -1.253221, -0.845966, -0.622747, -0.333781, -0.099057, 0.149863, 0.289611, 0.138754, 0.014348, -0.081877, -0.708092, -0.884245, -0.176996, 0.980346, 5.691291, 7.648097, 10.101583, 12.860552, 13.173771, 14.469821, 8.211249, 4.529344, 8.287877, 8.711702, 8.856059, 7.323426, 6.165339, 4.833896, 4.529051, 3.915643, 3.129024, 2.637072, 1.941488, 1.077922, 0.605338, 0.088581, -0.150369, -0.185929, -0.144934, -0.202727, -0.349167, -0.583092, -0.713237, -0.643867, -0.61992], "y_swing_data": [-0.726752, -1.292931, -1.727639, -1.249672, -1.452161, -1.506005, -1.611752, -1.504088, -1.472678, -1.259991, -0.936235, -0.80562, -0.731188, -0.782181, -0.209042, 0.452251, -0.779827, -1.389795, -1.273031, -0.248379, -0.62537, -1.924164, -1.995016, 1.614858, 6.008677, -7.283552, 3.015995, 3.12534, 2.008708, 2.432935, 0.757291, 1.518023, 1.777547, 1.192135, 0.74193, 0.703392, 0.870339, 1.222275, 0.838638, 0.454022, 0.265421, 0.104808, -0.023371, 0.145514, 0.428529, -0.114219, -0.194972, 0.344472, 0.077097, -0.935109], "z_swing_data": [0.06964, -0.007792, 0.126301, -0.043374, 0.198816, 0.344541, 0.324935, 0.480617, 0.546006, 0.744024, 0.702883, 0.830167, 1.130071, 1.34683, 1.822676, 2.577644, 3.261339, 3.08949, 3.098089, 3.265424, 7.084455, 7.867364, 7.019753, 4.400998, 11.800168, 9.68514, 7.382379, 2.237886, 3.074284, 0.110961, -0.085855, -0.939937, -0.615821, 0.335964, 0.045284, -0.829444, -1.198508, -0.898927, -0.389074, -0.031789, 0.204341, 0.155078, 0.034697, -0.165274, 0.033548, 0.097925, -0.018752, -0.030738, -0.052875, 0.332206], "sin_pitch_values": [0.47597558405659124, 0.4495459805927762, 0.40766092394297226, 0.3648000083027812, 0.30552905198518854, 0.2275617472136985, 0.13441888306382832, 0.03375358744187992, -0.07578127909618049, -0.1937684970573735, -0.32257248791647164, -0.45355394292966505, -0.5750448764459535, -0.6949619628370446, -0.7992672738080001, -0.8537945666679498, -0.8721574176131924, -0.8498017147588219, -0.7758530121642417, -0.560391151761255, -0.17000229694242225, 0.3070064710628098, 0.7264809238780124, 0.7113091419382677, 0.09006678265815383, -0.22207393026055017, -0.190273766508658, -0.0572017595591791, 0.0712386067116272, 0.20792879835340622, 0.3283205379044254, 0.43231363844337334, 0.5135843787244974, 0.5813411377575867, 0.6389172897579679, 0.6838913137847473, 0.7142717496133212, 0.7384649669257045, 0.7604066282073239, 0.78188765508623, 0.8003938966256704, 0.8189494699316047, 0.8362327752612922, 0.8528660065343523, 0.874405896883327, 0.8842548507336441, 0.8791859368030873, 0.8698622465856863, 0.8546539682528387, 0.8324390880616567], "sin_roll_values": [-0.861359584402344, -0.8899721074472364, -0.8965897596490341, -0.9190423668879361, -0.9343736366497054, -0.948263218392456, -0.9636680460500574, -0.9774348761728884, -0.9889629819478061, -0.9962559935120182, -0.9999136540076685, -0.99543554847601, -0.9770955723121103, -0.9507651838787482, -0.9270195987813704, -0.9310283696499138, -0.9720303498837916, -0.9974875291587715, -0.9986805267929312, -0.9952595589740846, -0.9817382375133606, -0.8987713719817633, -0.5123104836551119, 0.5507954635029213, 0.7972283957676395, 0.9237239930115138, 0.9998010318170844, 0.9568385723003306, 0.9028813853159277, 0.8376484313882653, 0.7912837369030448, 0.7665982590855364, 0.7372221108552905, 0.7135831912422727, 0.6976947983593782, 0.6825255437546945, 0.6686975126715803, 0.6617643193910207, 0.6758664338411087, 0.71615575512388, 0.7712131220510885, 0.8324538569615172, 0.8932267678901649, 0.9417884068897796, 0.9833378862375898, 0.9990979739952941, 0.9600030190199557, 0.8851838342675032, 0.7868795584967903, 0.677551964762963], "sin_yaw_values": [0.28338214867469647, 0.255301960149907, 0.25020792004858594, 0.2562880257684142, 0.27315957944785485, 0.28835459889673554, 0.313943794541862, 0.3526532425874274, 0.4164099032357586, 0.49433616772487404, 0.5513328575734547, 0.5810066744354436, 0.6251931597746582, 0.7008061800676778, 0.7866345051718786, 0.8997982981292421, 0.9921171300046151, 0.9728507853859806, 0.8555036061360628, 0.6993899790250007, 0.5801563654676696, 0.565709699002535, 0.7992195860254189, 0.9854228628796102, 0.9922549962543272, 0.9934082403380331, 0.9428771006678277, 0.8909939141829009, 0.8544268171297534, 0.8784839199625932, 0.8965519596967827, 0.9142746235666287, 0.9385109202717883, 0.9595942391875159, 0.9735706332064025, 0.9855805923387669, 0.9967870913980312, 0.9994510752861737, 0.9911557515198913, 0.9786189286277466, 0.9663567226491604, 0.9582263371772829, 0.9584060485216961, 0.9591327033716235, 0.9676309178762205, 0.9887503971784856, 0.9999940291672916, 0.9930462306900668, 0.977579481800748, 0.9583362814400124]}