{"timestamps": [1.3693317500001285, 1.3894687499996508, 1.409605750000992, 1.4297427500005142, 1.449880750000375, 1.4700177499998972, 1.4901547500012384, 1.5102917500007607, 1.5304297500006214, 1.55056712500118, 1.5707041250007023, 1.5908411250002246, 1.6109791250000853, 1.6311161249996076, 1.6512531250009488, 1.671390125000471, 1.6915271249999932, 1.711665124999854, 1.7318021250011952, 1.7519391250007175, 1.7720761250002397, 1.7922141250001005, 1.8123511249996227, 1.832488125000964, 1.8526251250004862, 1.8727621250000084, 1.8929001249998691, 1.9130371250012104, 1.9331741250007326, 1.9533111250002548, 1.973448124999777, 1.9935861249996378, 2.013723125000979, 2.0338601250005013, 2.0539971250000235, 2.0741351249998843, 2.0942721250012255, 2.1144091250007477, 2.13454612500027, 2.154683124999792, 2.174821124999653, 2.194958125000994, 2.2150951250005164, 2.2352321250000386, 2.2553701249998994, 2.2755071250012406, 2.295644125000763, 2.315781125000285, 2.3359181249998073, 2.356056124999668, 2.3761931250010093], "x_swing_data": [0.559623, 0.363876, 0.143274, 0.073848, 0.019556, -0.065357, -0.354836, -0.544359, -0.624292, -0.772996, -0.933003, -1.081391, -1.192643, -0.871081, -0.487578, -0.398778, -0.320871, -0.196471, -0.000651, -0.213326, -0.308981, 0.301729, 8.17074, 9.194687, 16.884251, 17.692719, 0.945602, 1.809051, 6.972254, 9.954106, 5.483231, 4.153873, 4.550495, 3.82339, 3.704742, 3.308753, 3.324249, 3.451937, 3.138199, 2.99367, 2.696938, 2.185778, 1.373235, 0.839581, 0.462793, 0.298301, 0.117386, -0.003368, -0.111701, -0.124538, -0.090558], "y_swing_data": [-0.627016, -0.690438, -0.803037, -0.900073, -1.073333, -1.034368, -0.90186, -1.246872, -1.232593, -0.997348, -0.871511, -0.816348, -1.137814, -1.510435, -1.444613, -1.339646, -1.13669, -0.815026, -0.364603, 1.369375, 1.558208, 0.446725, 0.971896, 5.961699, -2.434622, -15.287978, -13.721785, -4.362568, 20.665766, -3.462538, 11.787132, 5.030208, 3.948872, 2.588597, 2.002326, 1.276357, 0.246375, -0.146705, -0.232316, -0.137024, 0.353248, 0.978624, 1.075117, 0.962613, 0.72977, 0.544076, 0.424969, 0.497969, 0.536039, 0.477961, 0.535303], "z_swing_data": [0.316534, 0.184354, 0.227531, 0.169692, 0.140459, 0.053667, 0.011936, 0.241134, 0.336402, 0.379381, 0.370781, 0.571111, 0.460004, 0.224849, 0.277799, 0.459621, 0.618218, 0.919262, 1.906735, 3.870072, 4.095989, 4.926081, 5.021417, 2.550867, 5.189048, -3.056599, 9.222353, 21.780104, 16.941824, 12.943609, 2.885085, 0.007687, -0.320728, -0.263321, -0.175124, 0.144998, 0.113174, -0.445523, -0.942252, -1.050812, -1.191617, -1.207199, -1.120538, -0.82937, -0.485316, -0.252296, -0.259596, -0.329988, -0.222328, -0.102332, -0.201756], "sin_pitch_values": [0.29307357956040725, 0.26964465586553454, 0.24510403565420102, 0.21854970569950247, 0.19363507283545978, 0.17241907636169287, 0.14951624492235321, 0.11801135128758722, 0.08115764324075689, 0.039623624277355426, -0.009709847417617472, -0.07419076985490372, -0.151362985300417, -0.25161540642245395, -0.3743623273346879, -0.5108643978630125, -0.6524682915103733, -0.7882469796454493, -0.9015748265787107, -0.9561709385955666, -0.9667406763766956, -0.9330046972816256, -0.7457400883129542, -0.34689547382352404, 0.1741583584206307, 0.3914796200509402, -0.13458040198730692, -0.5346563145998942, -0.8466855509006518, -0.7899301022764916, -0.6516039574545245, -0.5043378689309573, -0.34501240351325035, -0.17632628272176992, -0.008111911032549235, 0.1374564213367937, 0.24312478358203454, 0.3227920776186524, 0.4017627746472563, 0.4853365053886067, 0.5663521796725418, 0.6405190711804296, 0.7027410561967594, 0.7539182622717346, 0.7979618783770901, 0.8403713540515629, 0.8753319911313285, 0.9001596866648871, 0.919889644330649, 0.9363812541382398, 0.9498081315647372], "sin_roll_values": [-0.9274342995047297, -0.9414407202819625, -0.9534707424797408, -0.9635193879577729, -0.9711326363863682, -0.97766580480438, -0.9833504901658607, -0.9895335830228015, -0.9948955301278087, -0.9986320222403375, -0.9999971852122514, -0.9988158165737767, -0.9967902944718646, -0.9938400974145997, -0.9874563611330385, -0.9754326818325215, -0.956088813057609, -0.9447757517865837, -0.9793996422574999, -0.9991108792135625, -0.9247799984951777, -0.9050660464277116, -0.9453097675524125, -0.9619063387346949, -0.9794796001632262, -0.5513111659674623, -0.17522372077313578, 0.2135516117060705, 0.7859301365704849, 0.9567825655702282, 0.9962592779790692, 0.9992579143450399, 0.9997527608370476, 0.9995988832625536, 0.9924646898887669, 0.9708638208520356, 0.9384204326788649, 0.9041076030512861, 0.8716430805279937, 0.8515693699965092, 0.84951782789037, 0.857354921043627, 0.8639233631026823, 0.8661049440196028, 0.8685374184298704, 0.874253819802082, 0.8793196276741149, 0.8732119401504983, 0.8647044479556689, 0.8649083027748073, 0.8608871084864216], "sin_yaw_values": [-0.5386076065652146, -0.5379342318843987, -0.5373844901840985, -0.5347168654976294, -0.5245654783965793, -0.5174631493875878, -0.5214323047157962, -0.5313316244757565, -0.5459123471401827, -0.5719086161904683, -0.6169329455144057, -0.6697192402364495, -0.7231745230782712, -0.780267659831298, -0.8354283189428671, -0.8828947798694309, -0.9285007193695449, -0.9798369259923078, -0.9885882796737697, -0.8138155102106862, -0.3728299464930747, -0.08204168523198174, 0.07555193846694871, 0.17876196132202363, -0.12267222599386207, -0.8582566083990283, -0.9928651876335816, -0.9957700035216437, -0.9280914506840967, -0.6321106166042143, -0.4288659095544085, -0.4298873444307524, -0.48691125459402534, -0.5567689477057942, -0.6386172237557688, -0.7240547722743512, -0.7895835199658526, -0.8305101817908784, -0.8530601798206581, -0.8608526846393131, -0.8630454210604884, -0.8730575782090505, -0.891566328640915, -0.916289601210532, -0.940788890699195, -0.960827027296666, -0.9769997868274383, -0.9914506514672421, -0.9988873563088152, -0.999744683448021, -0.9945272335847666]}