{"timestamps": [0, 0.02013699999952223, 0.040274999999383, 0.06041200000072422, 0.08054900000024645, 0.10068700000010722, 0.12082399999962945, 0.14096100000097067, 0.16109900000083144, 0.18123600000035367, 0.2013729999998759, 0.22151099999973667, 0.2416479999992589, 0.26178525000068475, 0.281922250000207, 0.30206025000006775, 0.32219724999959, 0.3423342500009312, 0.362472250000792, 0.3826092500003142, 0.40274624999983644, 0.4228842499996972, 0.44302124999921944, 0.46315825000056066, 0.4832962500004214, 0.5034332499999437, 0.5235702499994659, 0.5437072500008071, 0.5638452500006679, 0.5839822500001901, 0.6041192499997123, 0.6242572499995731, 0.6443942500009143, 0.6645312500004366, 0.6846692500002973, 0.7048062499998196, 0.7249432499993418, 0.745080250000683, 0.7652182500005438, 0.785355250000066, 0.8054922499995882, 0.825630249999449, 0.8457672500007902, 0.8659042500003125, 0.8860422500001732, 0.9061792499996955, 0.9263162499992177, 0.9464542500008974, 0.9665912500004197, 0.9867282499999419], "x_swing_data": [-0.260146, -0.181477, -0.143079, -0.140687, -0.1435, -0.142329, -0.093682, -0.100141, -0.012279, 0.153663, 0.329858, 0.395352, 0.374251, 0.076946, -0.349958, 0.035222, 3.060943, 3.419714, 10.629846, 13.967074, 15.28512, 1.803652, 1.964433, 0.517302, 15.778744, 3.595967, 2.932339, 3.64044, 3.387754, 3.082595, 2.100128, 1.638489, 1.851702, 1.936724, 1.9306, 1.603483, 1.252973, 0.837513, 0.480168, 0.157639, -0.077735, -0.20066, -0.220138, -0.279473, -0.318357, -0.329518, -0.307183, -0.23213, -0.256482, -0.16204], "y_swing_data": [-1.366671, -1.3431, -1.35573, -1.211916, -1.079525, -1.093783, -0.972654, -0.768797, -0.692501, -0.661399, -0.802718, -0.442383, 0.868767, 1.932822, 1.381122, 0.76428, 3.31434, 2.992723, 5.249472, -2.321226, -12.127752, -13.966191, -4.492387, 5.837433, 1.207946, 8.702245, 7.138434, 3.45094, 2.490479, 1.691675, 0.83825, 0.920218, 0.42111, -0.466274, -0.906541, -0.799057, -0.538977, -0.287428, -0.103367, 0.070867, 0.071676, 0.092751, 0.104254, 0.066559, 0.136231, 0.251681, 0.09591, 0.106641, 0.004994, -0.457947], "z_swing_data": [0.09802, 0.00448, -0.077636, -0.07901, -0.131535, -0.033107, 0.031372, 0.061967, 0.165019, 0.308642, 0.346138, 1.078803, 2.094264, 2.285556, 3.837615, 3.791117, 3.592208, 2.783412, 2.648988, 1.09491, -3.19016, 5.139544, 15.578761, 17.628862, 10.291072, 3.203991, -0.778793, -0.265855, -0.233633, 0.513365, 0.121396, -0.467361, -0.273014, -0.272009, -0.507012, -0.913576, -1.142957, -1.12569, -1.044804, -0.954254, -0.842836, -0.714255, -0.583463, -0.533004, -0.470969, -0.388199, -0.283794, -0.187303, -0.121488, -0.005528], "sin_pitch_values": [0.07262999267180832, 0.007912917420758954, -0.06209003599650659, -0.1338976381527615, -0.21024739106947626, -0.2900719314577263, -0.3746766545875091, -0.4604020038294108, -0.5473746768372615, -0.6336885044908112, -0.7273702211545087, -0.8234715902923959, -0.9010693414980391, -0.9567956507935363, -0.9851348071084819, -0.9883143020993155, -0.9463257365750924, -0.7261798664573048, -0.3343448606877188, 0.15825092104225116, 0.30884744903450423, -0.21303283084692667, -0.5197001977394362, -0.8758232806479658, -0.8604896527690747, -0.7396034650371518, -0.582497574027786, -0.41559147541251973, -0.22824040514886507, -0.035024834988415146, 0.1308070693555875, 0.27901286735269737, 0.403409546688567, 0.49812754765881045, 0.563735088749, 0.6154170711728996, 0.6595710995129915, 0.6972672344764189, 0.7277948675954075, 0.7528431119996689, 0.7721762355389212, 0.7882309800450195, 0.803426504478623, 0.8155673674792154, 0.8270419444831676, 0.840152313008953, 0.8528529530217114, 0.8670014718182479, 0.8817791100965522, 0.8939209469647911], "sin_roll_values": [-0.900312512781496, -0.9114623942030871, -0.925616757102915, -0.941044562263419, -0.9588495511325604, -0.9780612713685451, -0.9935389934300778, -0.9999338719706375, -0.9954425126664799, -0.9786883220299359, -0.9518130811967498, -0.9197580773560242, -0.8230768812418827, -0.6935424032192412, -0.7079537336893479, -0.9881496623842103, -0.9979611754618667, -0.9876169517821796, -0.9977192766016542, -0.9861383106285907, -0.5682413185175181, -0.3671330918176191, -0.02923883230476954, 0.5677285652746229, 0.9074753754321488, 0.9854272857404245, 0.9934197380591272, 0.9936041995822167, 0.9910666175719515, 0.9871329016560484, 0.9893668351091593, 0.9979911258309042, 0.9991016499503091, 0.992544003471055, 0.9862437477567607, 0.9806903247972666, 0.9752441919075115, 0.9708110783423737, 0.9680376474071942, 0.9675474956935445, 0.969941588999597, 0.9765671891437991, 0.9856627103803788, 0.9940495217577217, 0.9989266484270535, 0.9999084259306005, 0.9975697560177672, 0.9924026047856521, 0.9829168706792419, 0.9633216083443769], "sin_yaw_values": [0.045596186029658474, 0.05325179966005278, 0.06190638996485384, 0.07209839005752748, 0.07751616007128977, 0.0826326717093832, 0.09912693858582297, 0.1254069412455032, 0.15400760798192048, 0.17961001001079602, 0.2433042284993128, 0.3485887614347829, 0.3962859027959754, 0.45543787606797925, 0.6681674603382716, 0.9983943638953277, 0.8731105544070424, 0.7266723826925767, 0.729647040981153, 0.9371517304356303, 0.8700816765976311, 0.4904822028634645, 0.5732059258655139, 0.8023278111596728, 0.9994499699884725, 0.9515271508203554, 0.9624695356822628, 0.9808530866692555, 0.9934243933121496, 0.9993771723896114, 0.9986013683516981, 0.9868082097727474, 0.9619984129072259, 0.9331755275105973, 0.9001357295018354, 0.8605533295358389, 0.8148092002283603, 0.7655314953837067, 0.7148006460061391, 0.6681652283025131, 0.6298351833486054, 0.6045119057562172, 0.5910024679556888, 0.5877387079912506, 0.5863073883229488, 0.5845010570592133, 0.5829876060589988, 0.5803325671479158, 0.5867998138330237, 0.6133783058104372]}