{"timestamps": [0, 0.020137999999860767, 0.04027500000120199, 0.06041200000072422, 0.08055000000058499, 0.10068700000010722, 0.12082400000144844, 0.14096100000097067, 0.16109900000083144, 0.18123600000035367, 0.2013729999998759, 0.22151099999973667, 0.2416480000010779, 0.2617850000006001, 0.2819230000004609, 0.3020599999999831, 0.32219700000132434, 0.34233400000084657, 0.36247200000070734, 0.38260900000022957, 0.4027459999997518, 0.42288400000143156, 0.4430210000009538, 0.463158000000476, 0.4832960000003368, 0.503432999999859, 0.5235700000012002, 0.5437070000007225, 0.5638450000005832, 0.5839820000001055, 0.6041190000014467, 0.6242570000013075, 0.6443940000008297, 0.6645310000003519, 0.6846690000002127, 0.7048059999997349, 0.7249430000010761, 0.7450800000005984, 0.7652180000004591, 0.7853544166664506, 0.8054914166677918, 0.8256294166676525, 0.8457664166671748, 0.865903416666697, 0.8860414166665578, 0.906178416667899, 0.9263154166674212, 0.946453416667282, 0.9665904166668042, 0.9867274166663265], "x_swing_data": [-0.592529, -1.027955, -1.476156, -1.824999, -1.92148, -2.021332, -1.945645, -1.526112, -1.486741, -1.105057, -0.785017, -0.687683, -0.652402, -0.448202, -0.186296, -0.336283, -0.736642, -0.574611, 0.112505, 1.945825, 7.117662, 10.623393, 12.47972, 12.789347, 13.358085, 3.283916, 9.344453, 8.749625, 7.314311, 7.490149, 6.552721, 4.763628, 4.761908, 4.060458, 4.033726, 2.992284, 1.791655, 1.282963, 1.319746, 1.312587, 1.345812, 1.126205, 0.977007, 0.791433, 0.57675, 0.259337, -0.038171, -0.264376, -0.372804, -0.475643], "y_swing_data": [-0.076958, -0.158807, -0.204715, -0.362373, -0.637308, -0.811123, -0.91636, -0.785167, -0.924139, -1.135459, -1.070878, -0.963058, -1.162928, -1.317872, -1.325103, -1.740382, -2.290696, -2.822248, -2.392416, -1.754558, -1.07689, -2.787189, -6.060138, -3.466534, -1.781694, -15.086475, 5.318674, 2.986888, -0.971934, 2.257143, 2.647868, 0.840201, 1.860247, 0.544819, 0.581875, 1.469573, 1.135787, 0.692303, 0.571012, 0.487751, 0.097148, -0.251808, -0.462852, -0.096148, 0.443538, -0.054259, -0.59583, -0.404343, 0.288028, 0.521134], "z_swing_data": [-0.247418, -0.27589, -0.226427, -0.39866, -0.535916, -0.516809, -0.541351, -0.309762, 0.001064, 0.178792, 0.238067, 0.445066, 0.441685, 0.617902, 0.970991, 1.917155, 2.703186, 2.87187, 3.605618, 4.239934, 6.532315, 10.355324, 5.033666, 6.122969, 14.13428, 7.878519, 11.078534, -0.374532, 1.6621, -1.378927, -1.729721, -0.395598, -0.511904, -0.732866, -1.126185, -1.426011, -0.946678, -0.397359, -0.016592, 0.036179, 0.268261, 0.445602, 0.574049, 0.682384, 0.751824, 1.146946, 1.364813, 1.150904, 0.83851, 0.450847], "sin_pitch_values": [0.2533029137336302, 0.25244764475253884, 0.2470522277530802, 0.23706829209536578, 0.21541423118154704, 0.182971370419765, 0.13892321212929518, 0.08334819484063484, 0.023172925581793215, -0.04895642297929079, -0.12852549563705434, -0.21241725023518024, -0.2991273503118503, -0.39170965450939804, -0.4911495905271616, -0.5904650948716769, -0.6830606046481729, -0.7539346862418564, -0.7660125431996113, -0.6639052973551653, -0.3980718267725886, 0.004878980642882466, 0.42619006493255207, 0.6182592488108762, 0.361509144298016, -0.25262858351139783, -0.27535119492024146, -0.018619923905973654, 0.13570102660113975, 0.2833725585898405, 0.4428357642435408, 0.557776137415566, 0.6356065968521083, 0.6863439416154453, 0.7222403224709728, 0.7546522814284442, 0.7817984981240564, 0.7980920446726288, 0.80657734895175, 0.8142592508750645, 0.8250377490657209, 0.8389505792197929, 0.8509755645768923, 0.855923437125292, 0.8622700485955735, 0.8602307320481579, 0.8256024140691545, 0.740249917622915, 0.6305114751458096, 0.5393685072994403], "sin_roll_values": [-0.7753638210932471, -0.7880826506976891, -0.796158637803272, -0.7996967671138386, -0.806296471902009, -0.8192810274505398, -0.8393030495887411, -0.8709154132192978, -0.9048750085091519, -0.9391598234253361, -0.9705604749487161, -0.9929670546548011, -0.9997264038968745, -0.9844892494628315, -0.9427207539540509, -0.8774412499310934, -0.8176001535139813, -0.8029318360398461, -0.8662153924157254, -0.9768750138395274, -0.9889946661451245, -0.9096584435752074, -0.6710336162127479, -0.03220043280296374, 0.5038404056047532, 0.7933783857104223, 0.9461659531595317, 0.9873320078473572, 0.9987921201644796, 0.9999983443951701, 0.9988785982464473, 0.9970502056712138, 0.9947019693186081, 0.9909776624522544, 0.9912690689381767, 0.9917888115256528, 0.9909292140855039, 0.9916432795937513, 0.9950408691061373, 0.9977528786572601, 0.9995657711398422, 0.9995473503592537, 0.9898615834969563, 0.9581811354803762, 0.8988717460526031, 0.7942662838423252, 0.6434647707630601, 0.4915380412240985, 0.36787710899309234, 0.271006011140284], "sin_yaw_values": [0.1219189232761577, 0.07065009335798818, 0.026738812759215688, -0.007177938360658169, -0.034287278322959115, -0.04758702134298658, -0.04540338591070847, -0.02786439297384892, 0.01218569840159088, 0.06257309485249292, 0.12435722375378673, 0.1894244980552273, 0.2548446061796398, 0.32882111194364333, 0.4110886809103708, 0.5045217843534858, 0.6251853550428088, 0.7794936036672621, 0.9404535064837626, 0.9959393594729331, 0.8569985256140831, 0.7160000965879554, 0.7391938849859658, 0.9175700005036412, 0.9979615362801586, 0.9475223921872025, 0.7845026183969129, 0.7196628759482906, 0.6454235410337287, 0.593852481942277, 0.620158437995364, 0.6350881654199321, 0.6486023088452266, 0.6580624713747185, 0.6593077239005997, 0.6900083967517925, 0.7377542944847045, 0.7716369112863772, 0.7937803713998188, 0.8221079340969105, 0.854585246772681, 0.8776364086880374, 0.8759582161509585, 0.8611251307360005, 0.838939506374817, 0.7888021144552315, 0.7187589520703533, 0.671215730149752, 0.6671912300723215, 0.6871265691756807]}