{"timestamps": [0.34232799999881536, 0.36246500000197557, 0.3826020000014978, 0.40273900000102003, 0.42287600000054226, 0.4430130000000645, 0.4631499999995867, 0.48328699999910896, 0.5034239999986312, 0.5235610000017914, 0.5436980000013136, 0.5638350000008359, 0.5839720000003581, 0.6041089999998803, 0.6242459999994026, 0.6443820000022242, 0.6645190000017465, 0.6846580000019458, 0.704795000001468, 0.7249320000009902, 0.7450690000005125, 0.7652060000000347, 0.7853429999995569, 0.8054799999990792, 0.8256170000022394, 0.8457540000017616, 0.8658910000012838, 0.8860280000008061, 0.9061650000003283, 0.9263019999998505, 0.9464389999993728, 0.9665750000021944, 0.9867120000017167, 1.006849000001239, 1.0269860000007611, 1.0471230000002834, 1.0672599999998056, 1.0873969999993278, 1.10753399999885, 1.1276710000020103, 1.1478080000015325, 1.1679450000010547, 1.188082000000577, 1.2082190000000992, 1.2283559999996214, 1.2484929999991436, 1.2686299999986659, 1.2887660000014876, 1.3089030000010098, 1.329040000000532, 1.3491770000000542], "x_swing_data": [0.257508, 0.198379, 0.141456, 0.06219, 0.022986, 0.139259, 0.272743, 0.373885, 0.398699, 0.524477, 0.612688, 0.711269, 0.796949, 0.67433, 0.64275, 0.386074, 0.177965, 0.298389, 0.529441, 0.422402, -0.27282, 2.666643, 11.770505, 16.230949, 19.999989, 24.016464, 20.563309, 14.343583, 6.820896, 11.733327, 7.413084, 8.81424, 7.510846, 6.97183, 6.505847, 5.074962, 4.40408, 3.560531, 2.480445, 1.620148, 1.133785, 0.8309, 0.895964, 1.059406, 1.129959, 1.314317, 1.496339, 1.493801, 1.549895, 1.615551, 1.712352], "y_swing_data": [-1.165828, -1.259135, -1.351339, -1.527243, -1.43772, -1.317803, -1.285486, -1.245228, -1.036273, -1.167041, -1.051148, -1.255996, -1.541067, -1.592477, -1.314082, -1.178319, -0.988046, -1.194508, -1.388492, -0.466529, 2.517385, 3.538527, 0.496051, -4.542877, -8.56312, -6.656541, -6.701033, 7.760667, -7.89812, -1.022824, -0.612793, 0.207664, 0.545432, -0.752245, -2.183504, -1.752442, -1.0288, -0.156313, 0.921372, 0.69756, 0.721543, 0.736279, 0.776624, 0.882633, 0.661112, -0.140678, -0.86174, -0.736907, -0.489819, -0.52764, -0.813074], "z_swing_data": [-0.421219, -0.517368, -0.616475, -0.473496, -0.386953, -0.192637, 0.040735, 0.186494, 0.115818, -0.078547, 0.041509, 0.217476, 0.126783, -0.224927, -0.402561, -0.352281, 0.149326, 1.194701, 3.145644, 4.982678, 6.658966, 7.427476, 10.074523, 6.989376, 8.87731, 10.140616, 10.198269, 10.39022, -1.403203, 2.278197, -0.274946, -0.885327, -1.60925, -1.638755, -2.00074, -3.113488, -3.654006, -3.628642, -2.993253, -1.929228, -0.815388, 0.112659, 0.602228, 0.384747, 0.214133, 0.47149, 0.82483, 0.733251, 0.631639, 0.827362, 1.120521], "sin_pitch_values": [0.42906644671605937, 0.431905113443047, 0.4036812896923769, 0.3617795159762417, 0.33222350186240085, 0.310507618260693, 0.28980013038719704, 0.2680775639154233, 0.2396059910598321, 0.19633228972276676, 0.1349331548047975, 0.05387989660649131, -0.039281890547613635, -0.1360557063377463, -0.2338824701033668, -0.3428395656882426, -0.4777616598304546, -0.6395155926238126, -0.7787808715860579, -0.8420173397544105, -0.8507023427905416, -0.810365121125439, -0.556378472544366, -0.060088781078142764, 0.213552588637747, 0.075667606415045, -0.4807422494619648, -0.4999525621902979, -0.22497852880171765, 0.07939435261437551, 0.2958526458585056, 0.47811126080136424, 0.6394563948123364, 0.7403695809569899, 0.7816450858044188, 0.808791345122704, 0.8493591767165176, 0.8858621430716724, 0.9075320813748771, 0.9264723516169423, 0.9558109422174124, 0.9891322741173962, 0.9963196954128267, 0.9674565525327636, 0.932581212891585, 0.9027641407715487, 0.8645634469328266, 0.8226781885667166, 0.7952149448802214, 0.7783748480575263, 0.7544160275544347], "sin_roll_values": [-0.4871715215015256, -0.5308057268449871, -0.6307404207859432, -0.7422267218333618, -0.8261194862323791, -0.8918695649019732, -0.9407848227152975, -0.9748274891944158, -0.9947531784842844, -0.9998078541520868, -0.989858551326221, -0.9650514548721927, -0.9259138115706402, -0.8697495818320048, -0.7890233363408915, -0.6806039497284271, -0.5431587738875244, -0.3718384156136106, -0.1527463637145683, 0.03545522108615641, -0.12445808761615033, -0.7001479246529658, -0.9642468879763567, -0.9865307468785854, -0.6534135375538304, 0.007191937999290034, 0.45155377742286507, 0.7600551659717483, 0.8752638057727916, 0.9156355425635768, 0.948515002725688, 0.9716262257432509, 0.9958977827188374, 0.978453998545822, 0.8730915403746751, 0.7361502792730774, 0.6040949272775612, 0.4659072365095761, 0.2945624802669549, 0.16484578337060068, 0.12333679429608638, 0.26175065512515017, 0.6989169155010071, 0.3521534996540726, 0.33530692852196853, 0.3535701120909114, 0.3530125461433097, 0.34109170086649704, 0.3267568316393106, 0.30569187076846527, 0.27210509786524695], "sin_yaw_values": [-0.9664602090386101, -0.9408348676620873, -0.9239060917664267, -0.9117565687795172, -0.8984641073744644, -0.8911246336210508, -0.8908722061006759, -0.9022208723755913, -0.9234746768193905, -0.9492594251747529, -0.9735973477193791, -0.9909249132623819, -0.9983793747346308, -0.9999493349602593, -0.9967082270649187, -0.9867591106956025, -0.9658025348175563, -0.9347394138124625, -0.91036737389502, -0.8623657520132024, -0.5772778365920004, 0.19744703362295504, 0.708444657029922, 0.7696060835390223, 0.5657734775061081, 0.3097727342664024, 0.35392086523218835, 0.7210648734167876, 0.8446510633539897, 0.9039778087172103, 0.9385531532907667, 0.934756468766063, 0.8632620408281135, 0.6532189666804359, 0.38780496835392014, 0.16751548413363299, -0.004009989253141807, -0.1718014326595292, -0.3671833203770912, -0.5159291918573066, -0.5879069778442924, -0.5105798219893676, 0.9980584054437015, 0.9612291659997921, 0.9778636929890065, 0.9958798156760894, 0.9997747936533693, 0.9909412169358193, 0.9650711974484376, 0.917706849370828, 0.8504325735835355]}