{"timestamps": [0.7047904583341733, 0.7249274583336955, 0.7450644583332178, 0.76520145833274, 0.7853374583319237, 0.8054744583350839, 0.8256114583346061, 0.8457484583341284, 0.8658854583336506, 0.8860224583331728, 0.9061594583326951, 0.9262954583318788, 0.946432458335039, 0.9665694583345612, 0.9867064583340834, 1.0068434583336057, 1.026980458333128, 1.0471174583326501, 1.0672534583318338, 1.087390458334994, 1.1075274583345163, 1.1276644583340385, 1.1478014583335607, 1.167938458333083, 1.1880754583326052, 1.208211458331789, 1.228348458334949, 1.2484854583344713, 1.2686224583339936, 1.2887594583335158, 1.308896458333038, 1.3290324583322217, 1.349169458335382, 1.3693064583349042, 1.3894434583344264, 1.4095804583339486, 1.4297174583334709, 1.449854458332993, 1.469990333334863, 1.4901273333343852, 1.5102643333339074, 1.5304013333334296, 1.5505383333329519, 1.570675333332474, 1.5908123333319963, 1.610948333334818, 1.6310853333343402, 1.6512223333338625, 1.6713593333333847, 1.691496333332907, 1.7116333333324292], "x_swing_data": [0.47972, 0.383952, 0.556879, 0.692269, 0.707752, 0.687835, 0.745079, 0.848636, 0.759754, 0.6947, 0.631617, 0.676754, 0.704745, 0.651462, 0.785712, 1.050962, 1.164093, 1.227136, 1.440747, 0.626858, 1.373296, 7.819836, 12.42721, 15.061115, 16.931522, 21.784306, 11.095365, 6.686064, 7.267056, 5.539639, 4.76691, 6.845572, 5.568828, 4.1151, 3.83361, 3.488197, 2.489873, 1.573586, 1.477145, 1.424795, 1.096905, 0.837313, 0.863742, 0.739325, 0.696174, 0.718012, 0.599116, 0.593894, 0.6625, 0.524021, 0.496684], "y_swing_data": [-1.576166, -1.437621, -1.115703, -1.297235, -1.49077, -1.298853, -1.250602, -1.484046, -1.445572, -1.079205, -0.78914, -0.743958, -0.889912, -0.7258, -0.803402, -1.122654, -1.639552, -1.851059, -1.369131, 2.800253, 5.299189, 1.636056, -1.125715, -6.086755, -7.539007, 0.501125, -10.361422, 8.47874, -5.094609, -0.101181, -1.05984, -0.630175, 1.001885, -0.257555, -1.564369, -1.470344, 0.009857, 0.05931, -0.103755, 0.210061, 0.536994, 0.859966, 0.730705, 0.603062, 0.447614, 0.208808, 0.357948, 0.219781, -0.005899, -0.155445, -0.097179], "z_swing_data": [-0.777352, -0.802769, -0.758968, -0.582021, -0.337645, -0.317009, -0.290294, -0.063756, 0.188317, -0.070802, -0.191153, -0.072771, 0.117559, -0.14649, -0.039358, 0.475558, 1.529539, 2.752759, 4.274906, 6.43362, 7.712042, 8.077148, 8.710132, 5.389492, 6.502361, 6.818149, 13.441162, -3.30971, 1.198948, 0.152898, -1.377944, -2.544668, -3.012887, -2.290607, -1.933113, -2.75285, -3.288954, -2.438024, -2.235637, -1.897297, -1.478964, -0.89191, -0.5772, -0.271026, -0.18828, -0.003424, 0.168101, 0.235011, 0.316477, 0.455895, 0.532554], "sin_pitch_values": [-0.07555592703381564, -0.09770089511286266, -0.1072801451579472, -0.11473973462736238, -0.12822103578021204, -0.14586869219392648, -0.1666024973377859, -0.19148900345188946, -0.21360827339027383, -0.23618802227195945, -0.2659159911557927, -0.2969824799109516, -0.3287398929963356, -0.3780823391993578, -0.4606132658953641, -0.5733837246320218, -0.6810868729072163, -0.7770239099686671, -0.8531253997237793, -0.8783665270714958, -0.8321746797694255, -0.6438512539390177, -0.224561480535458, 0.20426028400346488, 0.23447648024936102, -0.0751231604922154, -0.5139335580885313, -0.31857805231420977, -0.10580956391698326, 0.11048895132595633, 0.2739915801061248, 0.4283427875325589, 0.5848774804527019, 0.6977208362894349, 0.7525560652496438, 0.7884598466723699, 0.8140868060500793, 0.8337853406111577, 0.8596698270952925, 0.8915183172770265, 0.9234686710596655, 0.9477502003784263, 0.9626994218287077, 0.9675789092111561, 0.9632842984514194, 0.9502629209986605, 0.9308696562667141, 0.9082271650907899, 0.8869850743078037, 0.8702659631740643, 0.8587232839055124], "sin_roll_values": [-0.7166931985300463, -0.7893398414353181, -0.8533689433443905, -0.9069377399530733, -0.9479993790559951, -0.9767090911766024, -0.9938472264551718, -0.9999996174734165, -0.9930623497004798, -0.972143671593887, -0.9371475433029163, -0.8858489914396612, -0.8191185259473285, -0.7398750809491313, -0.6515824547583285, -0.5487670458419514, -0.40841380396242133, -0.21818048987100638, -0.03403907688107059, -0.1276196708526125, -0.6063278870170381, -0.9371789435088411, -0.9999905401864191, -0.8631575378358881, -0.27950833846567685, 0.28008341410289894, 0.5557077317474617, 0.7666787413798267, 0.8568332427169372, 0.90113611676932, 0.9462581640809679, 0.9663654670786197, 0.9839271339572812, 0.9998893889618876, 0.9774597221971312, 0.9410129806952161, 0.8803737466415624, 0.8108930932322594, 0.7671008094939585, 0.7610321172384954, 0.796286084085735, 0.8643958844369928, 0.9554213605635373, 0.9994109438104968, 0.9370995024961972, 0.8278505686370253, 0.7407956069510048, 0.6877782484674119, 0.6602262806460492, 0.6590011653132578, 0.6718909978350166], "sin_yaw_values": [0.17612513437715768, 0.23299727547270646, 0.26755117525772376, 0.2833722263790051, 0.296453098383282, 0.29968518332820354, 0.29462077328447506, 0.30270416110948783, 0.3184099412402753, 0.3094995094603477, 0.27191711716533634, 0.22414112986790874, 0.17276840769729943, 0.09382743564431395, -0.024052333880801104, -0.1610551370960347, -0.2772508992483196, -0.3608784575298652, -0.4572180804129166, -0.7455846040025029, -0.999481216704715, -0.8163611016193283, -0.6563389861296247, -0.7486768987388042, -0.938919157029169, -0.9850298361780455, -0.8979248730094869, -0.7761027931519223, -0.687749937031201, -0.6287844706805205, -0.5990002451434602, -0.6117049487394928, -0.7219207067124283, -0.8798630758244965, -0.9666592962609571, -0.9951277530832107, -0.996419186192683, -0.9703514446618564, -0.9445057203286465, -0.9363070539035381, -0.9499646335079056, -0.9764337853726787, -0.9998152116614806, -0.9603820809586954, -0.8424405488865162, -0.7199470345431705, -0.6515736145593771, -0.6369281221241981, -0.6602743475656765, -0.7172160383609353, -0.7885576354159817]}