{"timestamps": [0.14095799999995506, 0.1610949999994773, 0.18123199999899953, 0.20136899999852176, 0.221505999998044, 0.24164299999756622, 0.26177999999708845, 0.28191687499929685, 0.30205287499848055, 0.3221898749980028, 0.342326874997525, 0.36246387499704724, 0.3826008749965695, 0.4027378749997297, 0.4228748749992519, 0.44301187499877415, 0.4631488749982964, 0.4832858749978186, 0.5034218749970023, 0.5235588749965245, 0.5436958749996847, 0.563832874999207, 0.5839698749987292, 0.6041068749982514, 0.6242438749977737, 0.6443808749972959, 0.6645178749968181, 0.6846548749999783, 0.704790874999162, 0.7249278749986843, 0.7450648749982065, 0.7652018749977287, 0.785338874997251, 0.8054758749967732, 0.8256128749999334, 0.8457498749994556, 0.8658868749989779, 0.8860238749985001, 0.9061598749976838, 0.926296874997206, 0.9464338749967283, 0.9665708749998885, 0.9867078749994107, 1.006844874998933, 1.0269818749984552, 1.0471188749979774, 1.0672558749974996, 1.0873928749970219, 1.1075288749998435, 1.1276658749993658, 1.147802874998888], "x_swing_data": [0.675065, 0.606116, 0.613454, 0.619327, 0.577395, 0.60627, 0.604448, 0.530535, 0.568122, 0.657427, 0.626246, 0.602061, 0.508966, 0.346303, 0.240143, 0.103977, 0.087599, 0.03292, 0.038568, 0.114582, 3.699533, 9.396468, 14.470441, 15.326399, 16.893412, 17.889757, 11.372797, 9.107013, 10.255853, 7.178523, 5.915748, 5.876769, 5.514391, 4.444372, 4.482389, 3.737388, 3.001553, 2.477404, 1.928905, 1.478489, 1.176773, 0.960848, 0.819877, 0.764464, 0.827549, 0.912973, 1.044374, 0.965316, 0.978164, 1.177064, 1.260088], "y_swing_data": [-1.069751, -1.145791, -1.179223, -1.214131, -1.190367, -1.149918, -1.195665, -1.086393, -1.079269, -1.037859, -1.035398, -1.020461, -1.137213, -0.996311, -1.05161, -1.100035, -1.116424, -0.523327, 1.376738, 4.330192, 3.881424, 0.832494, -2.124748, -9.170909, -6.174948, 0.721072, -5.199053, -0.613054, -2.924421, -1.415276, 1.169247, 0.349217, 1.193868, 0.93573, -1.037422, -1.152392, 0.118965, 1.156559, 1.300257, 1.49684, 1.235216, 1.133173, 0.740431, 0.578588, 0.482965, 0.349135, -0.364939, -0.6738, -0.56854, -0.729095, -1.086493], "z_swing_data": [-0.421471, -0.309334, -0.255949, -0.106445, -0.034886, 0.122016, 0.405329, 0.529211, 0.471023, 0.180686, -0.001427, 0.08279, -0.01123, -0.105434, 0.191352, 0.896212, 2.065623, 3.460956, 4.498312, 5.565953, 6.592953, 8.372715, 6.723195, 6.594398, 5.491813, 7.179226, 10.71951, -0.878336, -0.047413, -0.774684, -1.975573, -2.465028, -3.117157, -2.876328, -2.142308, -2.331763, -2.416139, -2.378824, -2.160262, -1.557364, -0.787777, -0.113905, 0.19928, 0.393682, 0.543422, 0.464035, 0.357766, 0.392596, 0.488585, 0.594825, 0.671605], "sin_pitch_values": [0.3236049760730749, 0.3160621643593737, 0.31084315043226, 0.300532581332457, 0.28261005624842045, 0.25296044286654884, 0.21320967250887546, 0.16577319221503822, 0.10606412336848296, 0.027631482690597807, -0.06612970584598037, -0.1565997695995168, -0.24159868125887274, -0.3376347949677903, -0.47612508512207286, -0.6598040768922421, -0.8210140713400159, -0.8933685052485159, -0.9078539411770101, -0.8964626213143778, -0.7993922594686649, -0.4874221403447372, -0.058951800478029566, 0.12903323234572028, -0.06749564675766198, -0.5640084491852625, -0.6048607568534179, -0.34617787598374655, -0.05596773995827442, 0.17276677897316775, 0.3511471584404728, 0.4829145108382271, 0.6219997320885823, 0.74673394861714, 0.8193280428552514, 0.8681155002444414, 0.9074783161468483, 0.9395942592397323, 0.9619694636687863, 0.9747453737398099, 0.9754963833523624, 0.9611302051736279, 0.9277481206121982, 0.8788049496108741, 0.8261042715667529, 0.7786698279837945, 0.7336473702050608, 0.6836213209345855, 0.6302824746354153, 0.5726789259056947, 0.5046935907561827], "sin_roll_values": [-0.7415300366693683, -0.8229702926535639, -0.8903807947758958, -0.9418113831757178, -0.976628559569529, -0.9955357123753545, -0.9997033908991763, -0.990110965946931, -0.9676386534553003, -0.9325179054761363, -0.8846671757979627, -0.8215627073134008, -0.7399309161757038, -0.6393069638982702, -0.5234003136115093, -0.3873446517382908, -0.19384860244366084, 0.06997542092139872, 0.13794240098691055, -0.33505975808628113, -0.8400474357790686, -0.9869123700465487, -0.9680808583594785, -0.6429770322088464, -0.049791403339598264, 0.3884482493659388, 0.7647749739557833, 0.8973713380700902, 0.9351275897302324, 0.9480995877568087, 0.9543021984740835, 0.9500652714643376, 0.9633250968070755, 0.9967006018697521, 0.9921143294386974, 0.9764814571279603, 0.9753590479894121, 0.9829925522639439, 0.9962933041526774, 0.9923691031533544, 0.881059745590235, 0.6764531459904648, 0.5342751338493577, 0.4767159192966152, 0.47008934283945314, 0.4849377616292236, 0.5017753593150026, 0.5142955165734026, 0.5188695254297375, 0.5089787944652024, 0.48167671098270387], "sin_yaw_values": [-0.45173400147785897, -0.46824099331651736, -0.4702323209217554, -0.4590219462964751, -0.4364470801430329, -0.4149237528032246, -0.39344424445316356, -0.3647581090679169, -0.31828418905538197, -0.2483843717692958, -0.16695351136752531, -0.10355601458291312, -0.05123955196522258, 0.014615479609075705, 0.10857056344656012, 0.21087499785292976, 0.2579656571358535, 0.23909430920889047, 0.4099607232227712, 0.8931054974293973, 0.9587372315574644, 0.7757101872385984, 0.7561879370438616, 0.9195302809192629, 0.9884281422303508, 0.9714774164328663, 0.7761624788363769, 0.63332457992374, 0.5329013523037975, 0.4336221723489391, 0.38631645366221906, 0.36961314967633235, 0.4803113484743497, 0.7013471651940523, 0.8673051044606715, 0.924701082842957, 0.9363951711989991, 0.9311137417132291, 0.9043629696852017, 0.8224664498747774, 0.6124654164662162, 0.39116825575574077, 0.3036761497320281, 0.3271354664944065, 0.41429644817165306, 0.5290347105920501, 0.6445309535215366, 0.7495544009422737, 0.8383338099602526, 0.9053786536570185, 0.9514619257091238]}