{"timestamps": [0.7048089999989315, 0.7249469999987923, 0.7450839999983145, 0.765221499999825, 0.7853594999996858, 0.805496499999208, 0.8256344999990688, 0.845771499998591, 0.8659084999999322, 0.886046499999793, 0.9061834999993152, 0.926321499999176, 0.9464584999986982, 0.9665954999982205, 0.9867334999999002, 1.0068704999994225, 1.0270084999992832, 1.0471454999988055, 1.0672824999983277, 1.0874205000000075, 1.1075574999995297, 1.1276954999993904, 1.1478324999989127, 1.167969499998435, 1.1881074999982957, 1.208244499999637, 1.2283824999994977, 1.24851949999902, 1.2686564999985421, 1.288794499998403, 1.3089314999997441, 1.3290694999996049, 1.3492064999991271, 1.3693434999986493, 1.3894814999985101, 1.4096184999998513, 1.429756499999712, 1.4498934999992343, 1.4700304999987566, 1.4901684999986173, 1.5103054999999586, 1.5304434999998193, 1.5505804999993416, 1.5707174999988638, 1.5908554999987246, 1.6109924999982468, 1.6311304999999265, 1.6512674999994488, 1.671404499998971, 1.6915424999988318, 1.711679499998354], "x_swing_data": [-0.214437, -0.208867, -0.195797, -0.24105, -0.282701, -0.291665, -0.333145, -0.190226, -0.265278, -0.216794, 0.056386, 0.229631, 0.192184, 0.082019, 0.072356, -0.049298, -0.128347, -0.187705, -0.298389, -0.401102, -0.590536, -0.632712, -0.370505, 0.634784, 2.619223, 13.010139, 5.038029, 5.086982, 6.668088, 3.522549, 6.885579, 3.67651, 6.159062, 3.839353, 3.078726, 2.706569, 1.718949, 2.400924, 2.267935, 1.572124, 0.980347, 0.84094, 0.898895, 0.720454, 0.625522, 0.751304, 0.756919, 0.528152, 0.415588, 0.372103, 0.354756], "y_swing_data": [-0.08289, -0.11333, -0.108997, -0.053828, 0.136081, -0.016552, -0.105848, -0.207763, 0.033115, -0.062709, -0.54348, -0.649518, -0.730395, -0.812668, -0.881429, -0.982767, -1.078182, -1.254202, -1.54694, -1.895242, -1.941632, -1.615797, -1.086392, -1.21692, -1.088584, -3.485674, -6.072147, -3.184247, -2.249324, -5.748187, 5.306653, 1.529894, -1.548188, 3.297984, 1.948934, 1.749135, 1.125856, 0.059773, 0.986522, 1.89872, 1.272383, 0.826442, 1.049197, 0.920133, 0.651551, 0.59175, 0.52792, 0.360298, 0.222749, 0.080448, 0.058719], "z_swing_data": [0.008644, -0.093274, -0.040074, -0.024994, -0.26883, -0.120542, -0.200598, -0.4513, -0.538543, -0.638838, -0.544439, -0.533336, -0.403463, -0.174797, 0.053294, 0.466922, 0.85333, 1.295957, 1.818502, 2.453531, 3.231496, 3.67344, 3.836114, 4.080503, 5.030835, 6.109893, -0.165504, 0.68998, 4.700683, 7.974034, 3.217803, -1.037591, 0.946529, -1.352492, -1.958704, -1.744789, -1.348812, -0.872164, -1.413178, -1.48281, -1.719881, -1.620033, -1.350521, -0.805277, -0.390362, -0.120448, 0.191848, 0.429918, 0.636894, 0.736425, 0.795443], "sin_pitch_values": [-0.07028600073647356, -0.08127126665880477, -0.09451670520843501, -0.10312931153236891, -0.10700672817605254, -0.10520495745880057, -0.09472377200369965, -0.07435531411533174, -0.04267503637071421, -0.011820724698633373, 0.01138975372682765, 0.02257108307319714, 0.01156374226696093, -0.02972462104521552, -0.09764615809483208, -0.18505320290168767, -0.30208873558660165, -0.44924046034866744, -0.5968207975361982, -0.7151725874781198, -0.7966424533383859, -0.84129101748843, -0.815304570827182, -0.6701063085522312, -0.37544884507512694, -0.07873741569674393, 0.13854589655280447, 0.18937933067151524, -0.126994148666715, -0.7000603449912678, -0.7388485194218961, -0.6417668980236927, -0.540040307223442, -0.3835497874382373, -0.23441523611113094, -0.10825642598768612, -0.004194987696058347, 0.05812522039682046, 0.10616654181276837, 0.16991459178296206, 0.21945029970677704, 0.24402871321816974, 0.2493771192076484, 0.23423538683657513, 0.20355345303104558, 0.1735674965127114, 0.1533929989003347, 0.14386703316277505, 0.1424577016068823, 0.14796865419822886, 0.15761105335561335], "sin_roll_values": [-0.9413486354584136, -0.948184770616169, -0.9565872205297576, -0.9646705440800394, -0.9721791339024228, -0.9802235518840638, -0.9886221492500455, -0.9962778340520102, -0.999945427177793, -0.9971118959054374, -0.9829477135189197, -0.9497369855498001, -0.8916304732102708, -0.8085570151458912, -0.7027436555228783, -0.5776988156257049, -0.4418731439990331, -0.30530114171178435, -0.17978378803780296, -0.09307374835656994, -0.11646673113723738, -0.3634054417439964, -0.7795409916158116, -0.9981928760027693, -0.9124127128363904, -0.795797258441399, -0.567627305435192, -0.28420199603882107, -0.06008478830551552, 0.05385193725751937, 0.42446687100115255, 0.7068563055049925, 0.8009348956517945, 0.8606057890870793, 0.888772003309543, 0.9079130515576039, 0.9341504131081483, 0.9494970201247812, 0.9582909511894225, 0.9695006241675659, 0.978080015975598, 0.9811725749041739, 0.9811789477608522, 0.9771086250476286, 0.9685938751558237, 0.9568839979891242, 0.9439810139692799, 0.9314279181594224, 0.9188416210346959, 0.9046552385344209, 0.8861625957269976], "sin_yaw_values": [-0.9178091739296756, -0.907839120335059, -0.8896114197350742, -0.8728261805617703, -0.8632906356837383, -0.8522025559821388, -0.8325563501748781, -0.8186794637143888, -0.8232614150092036, -0.8501355445229795, -0.8860257011074354, -0.924834649465597, -0.961599730151367, -0.988149048402433, -0.999552320297798, -0.9956791428167496, -0.9750970012212483, -0.9365752054017321, -0.8829024555496353, -0.8051533534931726, -0.6526683322015785, -0.3028083756755855, 0.24726830909136777, 0.6747589173042322, 0.8183395629194504, 0.8392698845318748, 0.7793213113935241, 0.6062756770075399, 0.4021830587062025, 0.36441823243286803, 0.6995617440814709, 0.8771880207482344, 0.9351066837448123, 0.9562128005123307, 0.9527939341798516, 0.9410090374007457, 0.9337941399893258, 0.9323073371562566, 0.9253580515615172, 0.9045840598344289, 0.884803902607861, 0.877069397673347, 0.8776888161234842, 0.8873758990796063, 0.9023361397598638, 0.9142755740830204, 0.9165697381592541, 0.9094647884072378, 0.8973249991227819, 0.8805460166693072, 0.861621087967046]}