{"timestamps": [0.4631595416667551, 0.48329654166627734, 0.5034335416657996, 0.5235715416674793, 0.5437085416670016, 0.5638455416665238, 0.5839835416663846, 0.6041205416659068, 0.6242585416657676, 0.6443955416671088, 0.664532541666631, 0.6846705416664918, 0.704807541666014, 0.7249445416673552, 0.745082541667216, 0.7652195416667382, 0.785357541666599, 0.8054945416661212, 0.8256315416674624, 0.8457695416673232, 0.8659065416668454, 0.8860435416663677, 0.9061815416662284, 0.9263185416657507, 0.9464565416674304, 0.9665935416669527, 0.9867305416664749, 1.0068685416663357, 1.027005541665858, 1.0471425416671991, 1.0672805416670599, 1.087417541666582, 1.1075555416664429, 1.127692541665965, 1.1478295416673063, 1.167967541667167, 1.1881045416666893, 1.2082415416662116, 1.2283795416660723, 1.2485165416674135, 1.2686545416672743, 1.2887915416667965, 1.3089285416663188, 1.3290665416661795, 1.349203874999148, 1.3693408750004892, 1.38947887500035, 1.4096158749998722, 1.429753874999733, 1.4498908749992552, 1.4700278750005964], "x_swing_data": [-0.102016, -0.123395, -0.068967, -0.107211, -0.260765, -0.194113, -0.155106, -0.289804, -0.249502, -0.162304, -0.171707, -0.138252, -0.003478, -0.040619, -0.009969, 0.113758, -0.024351, -0.171766, -0.163652, -0.139926, -0.497113, -0.582494, -0.329241, 0.915924, 4.75464, 9.984119, 6.316266, 5.549564, 7.621093, 2.632545, 9.533153, 4.904767, 6.506918, 4.643932, 4.844786, 3.753598, 2.916415, 3.025668, 3.368746, 2.412563, 1.112612, 0.741535, 1.268673, 1.186494, 0.711687, 0.696343, 0.756856, 0.615535, 0.510921, 0.46228, 0.502374], "y_swing_data": [-0.287914, -0.155489, 0.072058, -0.174038, -0.355647, -0.128912, 0.011671, -0.18571, -0.449786, -0.23896, -0.06331, -0.340683, -0.54096, -0.656155, -0.788037, -1.044189, -1.126733, -1.410494, -1.737415, -2.07139, -2.191071, -1.819258, -0.72385, -1.296226, -1.739076, -5.92048, -7.498104, -3.128266, -2.459869, -7.16048, 2.038664, 4.515049, -0.759526, 2.108817, 0.527399, 0.697179, 1.48498, 1.224697, 0.962824, 2.532394, 3.433723, 1.749346, 0.552113, 0.291274, 0.406304, 0.360175, -0.203598, -0.626535, -0.599599, -0.479909, -0.333036], "z_swing_data": [0.036349, -0.187548, -0.234719, 0.047037, -0.0998, -0.481186, -0.242088, -0.227195, -0.481507, -0.572924, -0.535767, -0.591707, -0.413367, -0.35276, -0.298579, -0.124835, 0.314179, 0.867968, 1.382871, 2.083772, 3.086757, 4.068141, 4.45187, 4.282416, 5.96218, 5.092752, 1.193204, 0.144741, 6.113115, 7.079631, 7.876413, -1.74004, 1.037118, -0.956788, -1.64781, -1.646351, -1.476839, -1.450343, -1.894937, -1.699176, -1.513246, -1.142035, -0.240171, 0.325435, 0.606405, 0.935068, 1.225552, 1.283002, 1.154248, 1.056572, 0.963073], "sin_pitch_values": [-0.22211780637803802, -0.2246569765294112, -0.22283341103956325, -0.225567003415777, -0.22358203507139404, -0.21388864045561795, -0.1987173538188537, -0.1779885667934262, -0.1508815784633876, -0.11493642470327722, -0.0750892565238593, -0.0382536641468611, -0.00883988486593253, 0.0006749999487421887, -0.02390772188804095, -0.08637921984083316, -0.18619599074531318, -0.323396805943224, -0.47403258102593393, -0.6129240756195987, -0.7195596542926023, -0.7853380490141637, -0.7703743023776501, -0.6453779749890941, -0.35353176006466447, -0.04946280872961581, 0.17132953493241274, 0.28874141492669936, 0.036361982297657774, -0.5872831192625182, -0.6455398995223529, -0.41314237083621125, -0.23248800227545893, -0.07640945242847726, 0.03617310663797752, 0.13205514782994043, 0.23732961512861908, 0.33480473684971473, 0.385798342411373, 0.3987881589651789, 0.42575760137872676, 0.4478926864445816, 0.44353229083146184, 0.419524109188558, 0.39446355976301223, 0.38631400607905064, 0.3756564485124833, 0.34850159328051034, 0.3157452680827803, 0.28983554241475734, 0.2852344202994455], "sin_roll_values": [-0.9171721055639893, -0.9288361511348193, -0.9408183795309084, -0.9525714307648365, -0.9645183675561846, -0.9761203337845399, -0.9858001221466934, -0.9934385076933754, -0.9988097442345938, -0.9994093521938391, -0.9914468218560186, -0.9702304742171509, -0.9287025858173223, -0.8634334332271318, -0.7747222152441507, -0.6631718590622944, -0.5359551063238025, -0.40181282273217217, -0.26761765913272856, -0.14909962149400988, -0.12395402134689842, -0.3310637307265983, -0.7531100512458473, -0.9999887504465506, -0.9283934947787305, -0.7950287648275055, -0.5563959219305853, -0.23412747342342877, 0.05620536532439, 0.3162215479634221, 0.6057817070597268, 0.794136853456884, 0.8680320991368321, 0.9186754018543931, 0.9422073747341296, 0.9588858843549767, 0.9752802997951161, 0.986318088887869, 0.9869411140429376, 0.9797656046821619, 0.9759765311849221, 0.9733404636135032, 0.9621544430049815, 0.9438396876128272, 0.9281007592023678, 0.9158978594618595, 0.900003698493951, 0.8763074016036435, 0.8462265717291881, 0.8118875374093458, 0.7732001443654195], "sin_yaw_values": [-0.9026897137490572, -0.917744187594379, -0.9271689102640363, -0.9407855007220216, -0.9563520041984608, -0.9650080303739045, -0.96878331173707, -0.9719361762616409, -0.9731380152659518, -0.9697635344308347, -0.9574468638641311, -0.9320053826655056, -0.8910971098925622, -0.8282015602884336, -0.7401013142173803, -0.6300976817034047, -0.5033548722826989, -0.3657327730885596, -0.23325628306640872, -0.10418857422063131, 0.07971832248359655, 0.4258878935292853, 0.8210608830321376, 0.9994396196841858, 0.979026837998701, 0.9724326297424323, 0.9886815861726946, 0.998163816956073, 0.9651610024768664, 0.9868698196326555, 0.9692251852000896, 0.8858633741977089, 0.8561331312109188, 0.8251545067659317, 0.8084463783039905, 0.8069558920383347, 0.8091761707482527, 0.7865774853945191, 0.7209017895574046, 0.6573084255127118, 0.6434132172615484, 0.6500943916295195, 0.6512433053893425, 0.6559931103589406, 0.6867508573536042, 0.734624897937307, 0.7760508623458529, 0.8060980652696423, 0.8338348339999813, 0.8709231058023841, 0.9112811546358391]}