{"timestamps": [0.5436979999994946, 0.5638349999990169, 0.5839720000003581, 0.6041089999998803, 0.6242459999994026, 0.6443830000007438, 0.6645197916659527, 0.6846567916672939, 0.7047937916668161, 0.7249307916663383, 0.7450677916658606, 0.7652047916672018, 0.785341791666724, 0.8054787916662463, 0.8256157916657685, 0.8457527916671097, 0.8658897916666319, 0.8860267916661542, 0.9061637916656764, 0.9263007916670176, 0.9464377916665399, 0.9665747916660621, 0.9867117916674033, 1.0068487916669255, 1.0269857916664478, 1.04712279166597, 1.0672597916673112, 1.0873967916668335, 1.1075337916663557, 1.127670791665878, 1.1478077916672191, 1.1679447916667414, 1.188080791665925, 1.2082177916672663, 1.2283547916667885, 1.2484917916663107, 1.268628791665833, 1.2887657916671742, 1.3089027916666964, 1.3290397916662187, 1.349176791665741, 1.3693137916670821, 1.3894507916666043, 1.4095877916661266, 1.4297247916656488, 1.44986179166699, 1.4699987916665123, 1.4901357916660345, 1.5102727916673757, 1.530409791666898, 1.5505467916664202], "x_swing_data": [-0.021539, 0.019877, -0.10242, -0.225806, -0.416902, -0.472415, -0.3103, -0.189974, -0.228911, 0.064496, 0.344515, 0.441785, 0.448353, 0.629493, 0.885308, 1.103148, 1.302732, 1.495222, 1.740094, 2.009549, 2.283088, 3.045818, 4.231365, 5.83076, 8.755751, 10.862385, 7.389757, 4.397562, 2.360586, 3.219634, 5.374379, 7.294925, 7.120301, 5.431283, 4.634106, 4.404079, 3.633974, 3.005626, 2.43525, 2.181108, 1.949014, 1.710346, 1.485699, 1.41442, 1.398565, 1.280974, 1.13254, 0.957549, 0.920775, 0.892794, 0.961712], "y_swing_data": [-0.301095, -0.072141, 0.061739, 0.114962, -0.709659, -0.529533, -0.726165, -0.853414, -0.438922, -0.358937, -0.165192, -0.010153, 0.195951, 0.284231, 0.418667, 0.359464, 0.246835, 0.029866, -0.267681, -0.278903, -0.009485, 0.123451, 0.704508, 0.329889, -0.00293, -2.356419, -3.895162, -4.046189, -5.722396, 1.35568, -3.071864, -2.087176, 1.173376, 1.277406, 0.137473, -0.175942, 0.199689, -0.024512, -0.041709, -0.464295, -0.229371, 0.180668, 0.430435, 0.570731, 0.490868, 0.601024, 0.788223, 0.734925, 0.692026, 0.616347, 0.762493], "z_swing_data": [0.749495, 0.870274, 0.371694, 0.311237, 0.171333, -0.201991, -0.59396, -0.716276, -0.48282, -0.200878, 0.123641, 0.380839, 0.58608, 0.859511, 1.290388, 1.580797, 1.886098, 2.183293, 2.510773, 2.588288, 2.421558, 2.372084, 2.655709, 2.272386, 0.947437, -2.501018, -6.764128, -0.902201, 5.658455, 3.971188, 4.568445, 2.9502, 0.581266, -1.142304, -1.565797, -1.834701, -1.579947, -1.219372, -0.945168, -0.779737, -0.738651, -0.712663, -0.606394, -0.375258, -0.356018, -0.496557, -0.683327, -0.820827, -0.833493, -0.527961, -0.368007], "sin_pitch_values": [-0.31931447175561184, -0.38990460820908734, -0.4456918786149784, -0.4939545102139911, -0.5446653244211104, -0.593787588234088, -0.6387326452542177, -0.6781518866423677, -0.7132751139496742, -0.7423138349129877, -0.7638709175663293, -0.7786466123964969, -0.7923295890537538, -0.8074590046211153, -0.8193091226840569, -0.8281124413945136, -0.8376071062618141, -0.8466296764074985, -0.8368343864120715, -0.7882260569838412, -0.6789789784824548, -0.48409272148901006, -0.19261661427964066, 0.1644219925171435, 0.42576574489681246, 0.40969437162143924, 0.21134417979932682, -0.20512458763120406, -0.45812884758226546, -0.5102100477435079, -0.3916728506408518, -0.2016017758389068, 0.03032535007439105, 0.2598433720543978, 0.45000416235896973, 0.5940772136115999, 0.7042058522575514, 0.794472811664127, 0.8667532081413469, 0.9182427076401437, 0.9537041074266288, 0.9778329962487413, 0.9924614236459479, 0.9988620305423356, 0.9999163398268848, 0.9985914640775169, 0.996321923666572, 0.9936985888804443, 0.9914183921193388, 0.9903243544861989, 0.9894981991472829], "sin_roll_values": [-0.9081283791097958, -0.9420451097445113, -0.9663163294712748, -0.9831148884816358, -0.9943767445109956, -0.9999079923654093, -0.9959122163442652, -0.9823314240306616, -0.9560008469074897, -0.9110108277990986, -0.8432250217923433, -0.7552960051176862, -0.6604610720875177, -0.5715139774075184, -0.4907102044080346, -0.42801262597349266, -0.40375965265298275, -0.4448158630221886, -0.5576330830882285, -0.6956330001838567, -0.8070131775774882, -0.8879697514378515, -0.9543448198324755, -0.9983854582728295, -0.9338563849167592, -0.5792782743917938, -0.21008509856955154, -0.009752845381535246, 0.19733625693071402, 0.5038844585843409, 0.7377403517223193, 0.8482081110246446, 0.8860420884266282, 0.9076168993769707, 0.9158966552235418, 0.9065324858639443, 0.8897617899871091, 0.8786765560844753, 0.8799533531256537, 0.8813055890569487, 0.8792821675917158, 0.8757808056468817, 0.8816441785339849, 0.8707256552243745, -0.9580634418142627, -0.9760535226654613, -0.9245807373783967, -0.8549112056272989, -0.779107369963756, -0.7051648771343668, -0.5884994844024302], "sin_yaw_values": [-0.10704252140537783, -0.1646271580974733, -0.18747899307403365, -0.19382932161639635, -0.2006349433055239, -0.21060910650976591, -0.21676748439449373, -0.2024871320270163, -0.18649957825169106, -0.1763666401763053, -0.16721675800665575, -0.14752458186683776, -0.09895677934721542, -0.015918327657453032, 0.09306214534615574, 0.2307855984346322, 0.40526437545261257, 0.6160048982986048, 0.8216250427760552, 0.9525321661934634, 0.9966408394810566, 0.9983220824564063, 0.9913870746626511, 0.9917405278405519, 0.9962997827155734, 0.8897184255787607, 0.7587363421480445, 0.7447725937455661, 0.8859595527346504, 0.9983727293129311, 0.9417470464053701, 0.8226427425758756, 0.747138639687236, 0.7175181628006082, 0.6917160891877265, 0.6543091067515747, 0.620389047305906, 0.6010942736210813, 0.5948344238127763, 0.5823664188500066, 0.5645291111857502, 0.5445350360397367, 0.538064045473832, 0.49803446431208287, -0.9649025398296219, -0.7053352727932094, -0.5730682566696599, -0.44623606955442396, -0.3391639239422745, -0.26182240876382984, -0.16090940930818246]}