{"timestamps": [0.7249466249995749, 0.7450836249990971, 0.7652216249989579, 0.7853586249984801, 0.8054966250001598, 0.8256336249996821, 0.8457716249995428, 0.8659086249990651, 0.8860456249985873, 0.9061836249984481, 0.9263206249997893, 0.9464586249996501, 0.9665956249991723, 0.9867326249986945, 1.0068706249985553, 1.0270076249998965, 1.0471456249997573, 1.0672826249992795, 1.0874196249988017, 1.1075576249986625, 1.1276946250000037, 1.1478326249998645, 1.1679696249993867, 1.1881076249992475, 1.2082446249987697, 1.228381625000111, 1.2485196249999717, 1.268656624999494, 1.2887946249993547, 1.308931624998877, 1.3290686249983992, 1.349206625000079, 1.3693436249996012, 1.389481624999462, 1.4096186249989842, 1.4297556249985064, 1.4498936250001861, 1.4700306249997084, 1.4901686249995691, 1.5103056249990914, 1.5304426249986136, 1.5505806249984744, 1.5707176249998156, 1.5908556249996764, 1.6109926249991986, 1.631129666666311, 1.6512676666661719, 1.671404666665694, 1.6915426666655549, 1.711679666665077, 1.7318176666667568], "x_swing_data": [0.007051, -0.082275, -0.154097, -0.210574, -0.232147, -0.056144, -0.400084, -0.260563, -0.27252, -0.356769, -0.338816, -0.070876, 0.133424, 0.206337, 0.338454, 0.446628, 0.809028, 1.209748, 1.640134, 2.043597, 2.431457, 2.919361, 3.941751, 5.615719, 7.804245, 10.340718, 9.085333, 4.580917, 4.365512, -0.001574, 4.021018, 5.698871, 5.566267, 4.674518, 4.822351, 5.354253, 4.696757, 4.085505, 3.371293, 2.968486, 2.730328, 2.325069, 1.981968, 1.686676, 1.573149, 1.623012, 1.494932, 1.134871, 0.862332, 0.860047, 0.880014], "y_swing_data": [-0.061053, 0.078207, 0.176547, -0.655383, -0.070054, 0.459268, -0.176105, -0.113315, -0.433536, -0.398194, -0.294418, -0.200755, -0.19501, 0.023725, 0.262552, 0.305902, 0.435519, 0.580718, 0.458148, 0.236259, 0.147569, 0.497727, 0.519389, 0.204645, -0.829523, -1.882771, -3.33801, -1.288488, -7.00183, 1.956456, -5.310544, 0.948056, -0.067466, 0.703677, -0.888789, -1.70331, -0.323315, 0.327317, 0.092844, 0.032399, -0.050772, 0.170063, 0.495917, 0.71112, 0.698596, 0.85326, 1.504277, 1.618851, 1.235713, 1.023157, 0.988964], "z_swing_data": [0.800228, 0.768224, 1.107631, 1.227264, 0.274385, -0.037656, 0.084642, -0.187548, -0.347144, -0.491013, -0.359641, 0.076556, 0.349082, 0.477688, 0.668556, 0.815693, 1.117779, 1.518196, 2.153152, 2.940594, 3.374954, 3.091969, 2.990325, 3.077229, 1.903407, -1.726552, -5.939464, -2.708412, 1.18559, 4.678182, 5.386426, 4.298012, 1.914604, 0.838914, -0.213783, -1.099094, -1.345336, -0.93719, -0.621304, -0.336275, -0.223385, -0.273394, -0.24636, -0.187242, -0.160361, -0.134192, -0.326796, -0.462151, -0.422816, -0.398471, -0.212127], "sin_pitch_values": [-0.4008202617612054, -0.4284918783941034, -0.468747219678152, -0.5264460183075191, -0.5744024736674239, -0.6139744218144538, -0.654544523661593, -0.6942166578456314, -0.7278325852135308, -0.752762805996402, -0.7772221548061853, -0.8002877771116839, -0.8165620367357062, -0.8260062070537816, -0.830465618857679, -0.8336853988871974, -0.8318301664025554, -0.8228924573664095, -0.8069738146118972, -0.7813187715461981, -0.7117602438272272, -0.5781699783306411, -0.3596240904323601, -0.054753604864561996, 0.2701934991722439, 0.46755606214714557, 0.39941715663230615, 0.17362461589533923, -0.1623373847563096, -0.3059337020506715, -0.32887021989480186, -0.21734927492469577, -0.058996722155687166, 0.10512042878122203, 0.2539722848447255, 0.3745255232569616, 0.4741241512218006, 0.5666200028423752, 0.6490576106092653, 0.7227215304627679, 0.787302091875543, 0.8428686201218698, 0.8899757555384744, 0.9273067163178079, 0.954348507720814, 0.9727368828219002, 0.9861032784213684, 0.9952394059990556, 0.9991404779596424, 0.999368366920942, 0.9988363717172491], "sin_roll_values": [-0.8990828597186558, -0.9115968678424665, -0.9292630789057635, -0.9532582603849602, -0.9721875658628079, -0.9872466608247707, -0.997583948925474, -0.998922521982488, -0.9834339140951947, -0.9532919913264782, -0.9189641688352465, -0.8764936073745863, -0.8178994518937134, -0.7495788923108295, -0.6780663765421002, -0.6174129102923813, -0.5727499606141968, -0.5484827825211638, -0.54987590159122, -0.5848488098487373, -0.650323837725605, -0.7514088589950162, -0.8579935489280379, -0.9503817173568413, -0.9999925412251369, -0.8686703859705226, -0.4735632033214857, -0.12922065005102357, 0.012244693999693074, 0.29027193913369315, 0.5471679488888167, 0.736193828565373, 0.8407148201433382, 0.9120636825227108, 0.957739309367954, 0.9752756591817499, 0.9809298090205063, 0.9838346815575701, 0.9857616419419174, 0.9864839238155951, 0.9839599742585416, 0.977713907088582, 0.966800497422571, 0.9473599786255804, 0.9065527473504298, 0.8222640972550742, 0.6882194811937911, 0.49318395029496875, -0.03267818123043702, -0.9994221007799771, -0.9446422925053711], "sin_yaw_values": [-0.9410068898744401, -0.948271680176601, -0.9500320805622073, -0.9357069272127623, -0.9289589746403487, -0.935870515622564, -0.9401491220798702, -0.9398167727274063, -0.9349345831919929, -0.936600665591288, -0.9501553065952202, -0.9637192195587774, -0.9728452307077914, -0.9826284923979514, -0.993246552616876, -0.9999930894609294, -0.9888597699513788, -0.9432786296746014, -0.845930191231702, -0.680505289400001, -0.47046617821553427, -0.25484654014316976, -0.0980760845263218, -0.04895242777523746, -0.07950799223282484, -0.3515862540179525, -0.6556491300350072, -0.7951912974980078, -0.7563262156277112, -0.5797713219089357, -0.31939312550691806, -0.060848388506366966, 0.08559513471767591, 0.15884431918296518, 0.21382221361377135, 0.2935611472687389, 0.37172733882740083, 0.42371158361537686, 0.47260289396783434, 0.527234785051422, 0.589643198742805, 0.6537064480630262, 0.7152592515195352, 0.7801246290207389, 0.8581662682452299, 0.9375695347929384, 0.9877725629836106, 0.9978552704718655, 0.8300769462807831, -0.5354138342583967, -0.7352684383686375]}