{"timestamps": [0.9061831250000978, 0.9263211249999586, 0.9464581250012998, 0.9665961250011605, 0.9867331250006828, 1.006870125000205, 1.0270081250000658, 1.047145125001407, 1.0672831250012678, 1.08742012500079, 1.1075581250006508, 1.127695125000173, 1.1478321249996952, 1.167970125001375, 1.1881071250008972, 1.208245125000758, 1.2283821250002802, 1.248520125000141, 1.2686571249996632, 1.2887941250010044, 1.3089321250008652, 1.3290691250003874, 1.3492071250002482, 1.3693441249997704, 1.3894821250014502, 1.4096201666670822, 1.4297571666666045, 1.4498951666664652, 1.4700321666678065, 1.4901701666676672, 1.5103071666671894, 1.5304441666667117, 1.5505821666665724, 1.5707191666679137, 1.5908571666677744, 1.6109941666672967, 1.6311321666671574, 1.6512691666666797, 1.6714061666680209, 1.6915441666678817, 1.7116811666674039, 1.7318191666672647, 1.7519561666667869, 1.7720931666663091, 1.7922311666679889, 1.812368166667511, 1.8325061666673719, 1.852643166666894, 1.8727811666667549, 1.892918166668096, 1.9130551666676183], "x_swing_data": [-0.165169, -0.247941, -0.341172, -0.386787, -0.375653, -0.527848, -0.54726, -0.541461, -0.490698, -0.225396, -0.207552, -0.173578, -0.056859, 0.014279, 0.23456, 0.17956, 0.036721, 0.039448, 0.05022, -0.038707, -0.031568, -0.014556, 0.345633, 0.891881, 2.208871, 12.450753, 6.071385, 5.667526, 6.307545, 3.154296, 5.727911, 5.463273, 5.226326, 4.154067, 4.337902, 2.872322, 2.555069, 2.452893, 2.253669, 2.249305, 1.491673, 1.36112, 0.96536, 0.528659, 0.386969, 0.471205, 0.570227, 0.389784, 0.210191, 0.239422, 0.269361], "y_swing_data": [-0.267592, -0.407954, -0.193409, 0.124243, -0.037265, -0.269065, -0.020158, 0.136057, -0.191713, -0.455165, -0.671946, -0.684708, -0.770499, -1.053888, -1.09878, -1.117814, -1.262224, -1.440333, -1.665263, -1.828341, -2.071277, -2.012357, -1.364346, -0.898927, -0.728985, -1.763211, -6.353366, -4.651338, -2.169437, -3.523047, -3.305434, 8.695356, -1.069479, 0.707809, 0.945813, 1.880383, 1.292175, 0.797744, 0.776969, 1.022065, 1.653247, 1.789646, 1.041747, 0.796908, 0.852015, 0.555125, 0.241192, 0.069191, -0.037856, -0.062862, -0.073857], "z_swing_data": [-0.05535, 0.048582, 0.052743, 0.013055, -0.020016, -0.015116, -0.243272, -0.416891, -0.49181, -0.58208, -0.485323, -0.477051, -0.40522, -0.246329, 0.027042, 0.3315, 0.597691, 0.912499, 1.398334, 2.089768, 2.727488, 3.572991, 3.901969, 3.910442, 4.935689, 5.155755, 1.275611, -0.051496, 2.888857, 4.666948, 6.230805, -1.846737, 0.431852, -0.842201, -1.50165, -1.977, -1.472568, -1.060285, -1.543486, -2.403583, -2.337749, -1.807055, -1.324066, -0.582804, -0.221044, 0.160293, 0.476795, 0.695179, 0.823859, 0.893483, 0.872572], "sin_pitch_values": [-0.20936351129368833, -0.2298533542395281, -0.2461276874043227, -0.2556403459853156, -0.26123363928631055, -0.25394423560454205, -0.23457466335432858, -0.2058311814039893, -0.1698781296913454, -0.13277673721868144, -0.09859754479156098, -0.07873542190580568, -0.08618893216134056, -0.12946458364138, -0.20615606110927492, -0.30407852386868495, -0.4113785474438111, -0.5332595306930179, -0.6577253387103088, -0.7620718996735589, -0.8366728504445355, -0.8585177265982352, -0.7929959476089508, -0.6127636642045825, -0.29221680549189183, 0.027942362602575016, 0.24445829648596104, 0.34506121014930397, 0.22800868074309874, -0.2701328418554883, -0.6306294472106526, -0.486833515486939, -0.3139855696670083, -0.1543425547415206, -0.028659075396014796, 0.07998347309661606, 0.17991594380490192, 0.2678058752120386, 0.3324800401577662, 0.3717505472601107, 0.3991118503181855, 0.4341774764869769, 0.45616062310792327, 0.4529897042532481, 0.44332345058832445, 0.43137561258047213, 0.4167899028265797, 0.40076437545618787, 0.38250873681387926, 0.36667261348924474, 0.35531216265609794], "sin_roll_values": [-0.9430107295777908, -0.9560789494199806, -0.9700253240112271, -0.9802893960291061, -0.988205521589446, -0.9956508672625124, -0.9995343520073168, -0.9995645621770038, -0.994846537902008, -0.9811054316419835, -0.9543857337566278, -0.9117569795100673, -0.851506979176665, -0.7781981880317796, -0.6949847228918588, -0.6076407538153673, -0.5219424804587188, -0.44197540796783213, -0.37765704929462346, -0.35507533628103943, -0.4302959933962555, -0.6759578196365468, -0.9189535212921858, -0.9986952752491826, -0.8852838407133757, -0.7590482746651664, -0.522416099709102, -0.21427057559360815, 0.07001666591998061, 0.2888936390084582, 0.4905597600783576, 0.7148698760023885, 0.8213941139280068, 0.8855664281332061, 0.9169460135696644, 0.9423426500565224, 0.9635536377978724, 0.9819457690209434, 0.9933481928057384, 0.9971947848371496, 0.9972476030300625, 0.9958670509463591, 0.9926247595153985, 0.9853912029853666, 0.9767236795304903, 0.9670071614703654, 0.9538414489961116, 0.9371330081633483, 0.9182165684461019, 0.8971125961568727, 0.8724854914550355], "sin_yaw_values": [-0.8111528395733855, -0.7763232395029959, -0.7269285772310103, -0.6847412910692517, -0.6430724975849582, -0.5842362307631628, -0.543269600315946, -0.5430093111425908, -0.5615274937169527, -0.597271359929893, -0.6517849718077667, -0.7227212910450022, -0.8035953606197576, -0.8786601579874506, -0.9380526409139455, -0.977782852376513, -0.99760236903118, -0.996711307090884, -0.9696411454406995, -0.9078677771392435, -0.7799519270472033, -0.4747561978000816, -0.048785627307818505, 0.2843371789973942, 0.4584896974476199, 0.4800941172638745, 0.37383464301469055, 0.19409615603545496, 0.010451809697461907, 0.03367363291912789, 0.29044035681624014, 0.5201153498166705, 0.5821374321111611, 0.6275722389543981, 0.6458300689951318, 0.6369543331445608, 0.6005197862212045, 0.5591888033109645, 0.5460324432161475, 0.567174412503364, 0.5987904283906393, 0.6131121120090087, 0.6200983032271496, 0.6273191743555058, 0.619189408734914, 0.5954840172493481, 0.5626046542670682, 0.5271897491695593, 0.4904203285914576, 0.45085233430165633, 0.41084253518256336]}