{"timestamps": [1.308963916664652, 1.3291019166645128, 1.3492399166643736, 1.3693779166642344, 1.3895159166640951, 1.4096529166672553, 1.429790916667116, 1.4499289166669769, 1.4700669166668376, 1.4902049166666984, 1.5103429166665592, 1.53048091666642, 1.5506189166662807, 1.5707569166661415, 1.5908949166660022, 1.611032916665863, 1.6311699166653852, 1.651307916665246, 1.6714459166651068, 1.6915839166649675, 1.7117219166648283, 1.731859916664689, 1.7519979166645498, 1.7721359166644106, 1.7922739166642714, 1.8124101249995874, 1.8325471249991097, 1.8526851249989704, 1.8728231249988312, 1.892961124998692, 1.9130991249985527, 1.9332371249984135, 1.9533751249982743, 1.973513124998135, 1.9936511249979958, 2.0137891249978566, 2.0339271249977173, 2.0540641250008775, 2.0742021250007383, 2.094340125000599, 2.11447812500046, 2.1346161250003206, 2.1547541250001814, 2.174892125000042, 2.195030124999903, 2.2151681249997637, 2.2353061249996244, 2.255444124999485, 2.275582124999346, 2.295719124998868, 2.315857124998729], "x_swing_data": [-0.006763, 0.042951, 0.057126, 0.061246, 0.025771, -6.7e-05, 0.012188, 0.005967, -0.009706, -0.005751, 0.002934, 0.009368, 0.035443, 0.028995, 0.015401, 0.009846, 0.011294, 0.011395, -0.005988, -0.010952, -0.014966, 0.012431, 0.020403, -0.00745, 0.037628, 0.115436, 0.046962, 0.091762, -0.045163, -0.012095, -0.095399, -0.103143, -0.020295, -0.044912, -0.077533, -0.057877, 0.027704, -0.006761, -0.042127, -0.015619, -0.054237, -0.01418, -0.0166, 0.016538, -0.000259, 0.033659, 0.049601, 0.06894, 0.042162, 0.026023, 0.019838], "y_swing_data": [-0.003668, 0.019318, -0.021897, -0.064507, -0.005948, 0.006824, 0.044168, 0.027744, -0.010072, -0.000475, 0.005557, 0.025779, 0.00968, 0.003343, -0.003235, 0.00171, -0.002733, -0.016604, -0.005053, -0.025747, -0.023846, -0.014551, 0.018541, -0.013982, 0.014556, 0.109071, -0.041325, 0.032369, -0.033364, 0.0204, -0.007386, 0.01211, -0.017031, 0.045809, 0.039645, -0.048297, -0.084474, -0.020399, 0.05071, -0.010922, 0.068702, -0.032249, 0.002168, -0.032523, 0.020584, 0.030498, -0.001756, -0.007986, 0.024179, 0.009858, -0.007592], "z_swing_data": [0.037407, 0.102862, 0.116141, 0.117847, 0.012215, -0.048968, -0.10564, -0.079946, -0.034228, 0.045732, 0.061779, 0.022109, 0.01574, -0.004205, -0.01764, -0.023127, 0.017131, 0.024406, 0.020422, 0.024022, -0.020404, 0.009939, 0.058163, 0.040797, 0.075863, 0.129057, 0.099112, 0.108432, 0.076282, 0.135865, 0.082279, 0.197329, 0.251178, 0.263918, 0.296911, 0.190277, 0.039498, -0.243148, -0.390043, -0.398842, -0.395613, -0.265775, -0.1871, -0.092537, -0.015382, 0.007509, 0.063144, 0.056922, 0.0249, -0.027251, -0.022881], "sin_pitch_values": [-0.5394804978172192, -0.5391840810719015, -0.540100903842737, -0.5414972154976764, -0.542233463065081, -0.5395023895853499, -0.5356049904235841, -0.5333365100893382, -0.5340130618826383, -0.5366998154507813, -0.5382666188714046, -0.539131864383327, -0.5402002089141283, -0.542097339035741, -0.5435485944952367, -0.5439287768103853, -0.542863481404459, -0.5411701412467936, -0.5395529076583262, -0.5393887168202303, -0.5396690918545006, -0.5405670674854031, -0.5388934941500836, -0.5350247141148831, -0.5297255896131691, -0.5251599016940817, -0.5220374535601222, -0.5215708268427238, -0.5175558589684224, -0.5143289630907244, -0.5104989956800472, -0.5057878472899378, -0.5041677483835649, -0.5041789752156376, -0.5013246272916148, -0.49205350187441443, -0.48416272127637455, -0.4825571983131124, -0.4870090781019699, -0.48936111133962445, -0.4892198277567075, -0.48416884611034783, -0.47753850808897214, -0.4718386505809954, -0.46452309431055494, -0.45720415876461373, -0.4529281885883851, -0.4516813636839405, -0.45238336886052893, -0.45497042285168793, -0.4561543938145407], "sin_roll_values": [0.02532029367287811, 0.01944377463807517, 0.0167022233485905, 0.016012315676754603, 0.014366505754706093, 0.007237936801997997, -0.0035909922821792976, -0.012681660055120638, -0.016240286027768704, -0.016386266599368444, -0.018399961597624276, -0.021595321122897252, -0.02510836107479461, -0.026605860076730697, -0.02729261054713333, -0.028262236217972466, -0.029399763090209533, -0.03166070816130333, -0.03393648259958626, -0.03698955977995066, -0.039678581024567776, -0.04134720978583746, -0.04546831878249187, -0.05045856361965875, -0.05778379522354781, -0.06514483430336716, -0.07289628492064187, -0.07188893498912378, -0.06662860307658905, -0.05907758087434943, -0.05149521399960401, -0.04527152164258051, -0.041203332500907026, -0.03600321737446129, -0.03043429976283571, -0.021628313415329996, -0.00843390001197387, 0.012683659894264305, 0.03383753945826567, 0.04191571647494348, 0.03438621994459542, 0.014671473604667083, -0.007035941946933254, -0.026043055191031273, -0.04157801113830736, -0.05339060192033264, -0.06544120054413509, -0.07740848458108801, -0.08402780237557395, -0.08696699954718852, -0.08873513648600843], "sin_yaw_values": [0.014804459159475635, 0.012788651377863506, 0.014023540315152756, 0.015819340123362835, 0.016095304980461262, 0.01243167976529377, 0.006635951295742663, 0.0026239969887965993, 0.0023639977981331915, 0.0037259913786157886, 0.0030109954503203403, 0.0004919999801507522, -0.002467997494559558, -0.004440985402091375, -0.005885966013317797, -0.007858919099859706, -0.008819885645616796, -0.009114873783258346, -0.009167871568741477, -0.009174871274336083, -0.008185908575516512, -0.005588970902853534, -0.004517984629535715, -0.0043799859954014335, -0.00832490383877854, -0.012507673856317852, -0.012899642221476909, -0.0110667740898105, -0.017615088904470014, -0.023523829893693, -0.027387575035128165, -0.028332208186698182, -0.03061821401217713, -0.03410038767710949, -0.03651887802232902, -0.03759114106357702, -0.03731633401472481, -0.035152756165749165, -0.03153776958519968, -0.03366863575429492, -0.04026011594379652, -0.04822628649494078, -0.05478955082533787, -0.058522542884154385, -0.06104402415226651, -0.06207107264480619, -0.059936056840824176, -0.0574044259948653, -0.05510806887011384, -0.05389787045138266, -0.05296220890114639]}