{"timestamps": [0.5638449999969453, 0.5839820000001055, 0.6041199999999662, 0.6242569999994885, 0.6443939999990107, 0.6645309999985329, 0.6846689999983937, 0.7048059999979159, 0.7249429999974382, 0.7450812916649738, 0.7652182916644961, 0.7853552916640183, 0.8054932916638791, 0.8256302916634013, 0.8457672916665615, 0.8659052916664223, 0.8860422916659445, 0.9061792916654667, 0.9263172916653275, 0.9464542916648497, 0.966591291664372, 0.9867282916638942, 1.006866291663755, 1.0270032916669152, 1.0471402916664374, 1.0672782916662982, 1.0874152916658204, 1.1075522916653426, 1.1276902916652034, 1.1478272916647256, 1.1679642916642479, 1.18810129166377, 1.2082392916636309, 1.228376291666791, 1.2485132916663133, 1.268651291666174, 1.2887882916656963, 1.3089252916652185, 1.3290632916650793, 1.3492002916646015, 1.3693372916641238, 1.389474291663646, 1.4096122916635068, 1.429749291666667, 1.4498862916661892, 1.47002429166605, 1.4901612916655722, 1.5102982916650944, 1.5304352916646167, 1.5505732916644774, 1.5707102916639997], "x_swing_data": [0.162915, 0.154464, 0.11228, 0.037371, -0.043301, -0.042888, -0.116183, -0.41321, -0.544729, -0.570586, -0.624069, -0.44196, -0.2179, -0.040511, -0.091414, -0.321888, -0.643553, -0.926669, -1.198943, -1.184326, -0.745613, 2.905121, 6.880054, 12.14636, 18.782888, 24.554007, 13.116609, 10.79529, 5.936452, 6.062998, 8.596336, 11.221205, 8.185408, 3.926191, 6.37729, 6.67064, 3.35781, 2.963103, 2.844838, 1.609574, 1.106731, 1.429665, 1.335882, 0.794314, 0.951308, 0.933749, 1.10107, 1.058593, 1.094972, 0.968362, 0.888453], "y_swing_data": [-0.130421, -0.24246, -0.23028, -0.270028, -0.395926, -0.684922, -0.829803, -0.805033, -0.817572, -0.874105, -0.914358, -1.028419, -1.312593, -1.656417, -1.617841, -1.635128, -1.670632, -1.753602, -1.885858, -2.067281, -0.869094, 0.199976, -0.36458, 0.855796, -4.157358, -12.644403, -12.616572, 14.11937, -2.653352, -7.389453, -1.442267, 1.604693, 7.179276, 0.936915, -6.948863, 3.255877, 1.534941, 1.224488, 2.776521, 2.282668, 1.650745, 0.743226, -0.291493, -0.124254, 1.628415, 0.992256, 0.35604, -0.20767, -0.519192, 0.602552, 0.425833], "z_swing_data": [-0.612208, -0.622604, -0.62467, -0.608557, -0.595906, -0.6519, -0.633218, -0.440392, -0.225862, -0.156776, 0.036608, 0.212318, 0.174842, 0.29103, 0.362575, 0.610519, 1.013519, 1.631838, 2.493416, 3.595457, 4.978189, 5.197683, 6.190789, 7.462814, 5.821987, -1.37358, 18.886831, 10.166428, -2.188421, 5.781399, 1.425835, -1.962732, -0.70738, 0.447107, 0.007997, -3.536848, -4.064298, -2.176201, -1.931458, -0.561566, -0.547589, -1.113357, -0.942518, -0.096597, 0.22915, 0.55802, 0.790427, 0.934727, 0.445411, 0.176107, 0.207805], "sin_pitch_values": [0.15075306544901415, 0.12758034140277616, 0.10623714027883212, 0.09404581214352917, 0.09201963819257844, 0.09255832934118122, 0.09709180477033698, 0.11003672570922537, 0.1336766429028878, 0.16333982387270757, 0.19204155462386532, 0.21219640234519324, 0.21470521894718222, 0.1861576726114501, 0.11712951000034294, 0.003344993762122052, -0.15853133595251814, -0.3623509256077291, -0.5660035079223255, -0.7351127652862762, -0.8578174909611709, -0.8954682308559518, -0.6905686628137931, -0.16393370929910353, 0.3561149797446402, 0.09178762427102491, -0.5693615291032283, -0.5841821345014845, -0.3935867387406452, -0.351931671450648, -0.2636932754591645, -0.0032629942097176746, 0.4299929787446835, 0.6568707215959603, 0.7098132141669359, 0.7745693946400473, 0.8222487310906298, 0.8402407049829795, 0.8262952564549481, 0.7964616869336687, 0.7718387248215239, 0.7627571666819987, 0.7624621990244355, 0.7553086843004612, 0.7772190086650278, 0.8113477468916971, 0.8398658348350475, 0.8561725811294805, 0.8577614648329623, 0.8589143641272293, 0.8583884778008295], "sin_roll_values": [-0.7718953095983386, -0.7732863832567327, -0.7761261250581417, -0.7810521958852042, -0.7899454319520419, -0.8051118368535455, -0.8289104012177042, -0.8606012056068243, -0.8975455721570001, -0.9377509575432804, -0.9748872075887279, -0.9977691536751058, -0.9930957049238112, -0.9485275615488853, -0.8593711669392086, -0.7294008170830809, -0.5660444417846063, -0.3799772055495027, -0.18714467062597734, -0.037768668494257966, -0.07857258154702497, -0.6397620712083091, -0.9604268405785173, -0.9969601907783138, -0.9084053540889624, -0.444126412620956, -0.23964288395489344, 0.1287228426256713, 0.34240552910069205, 0.5424771063427049, 0.7124644154486008, 0.7703309443472027, 0.8519148419057941, 0.9731605723987026, 0.9708209942618057, 0.9647326935826294, 0.9562212876071873, 0.8998318910323203, 0.8332632445091864, 0.7874543600170325, 0.7645320194642574, 0.741237445221205, 0.7098082834198989, 0.6903755259548153, 0.718478249588109, 0.7855868505489552, 0.8617119259829629, 0.9130659710244318, 0.9258281728296869, 0.9351403443256624, 0.9384405894995503], "sin_yaw_values": [-0.995668364317271, -0.9997123898217577, -0.9987859533553282, -0.992944619944534, -0.983707225164191, -0.9712845449259151, -0.9572994483105711, -0.9457234584070682, -0.9412874272552834, -0.9463088161607924, -0.9599959219790902, -0.9779544123184934, -0.9947974494569874, -0.9994998029185072, -0.9844896611258572, -0.9492972665373579, -0.8965250922328636, -0.829323557689415, -0.7505989025888422, -0.6281380849708464, -0.3155346169371619, 0.5443289805873368, 0.9798485818727593, 0.9988812007088649, 0.9475410433035858, 0.5863470819636935, 0.5929472395939867, 0.8485776092138271, 0.9463250901442392, 0.9956572931415639, 0.9870357642243559, 0.9738389964954809, 0.9995499835589643, 0.9758513097728426, 0.9993283053726904, 0.9950568703844742, 0.9711678471093924, 0.8860164282077184, 0.7850517416066114, 0.7147395594650753, 0.6943668245123219, 0.7090116198673496, 0.7410089471785355, 0.7949691068307012, 0.8917884334881898, 0.9782534746822295, 0.9957728831688557, 0.9305298431278717, 0.8368880330938392, 0.7056478175692912, 0.5550740606503235]}