{"timestamps": [0.422883000002912, 0.44302000000243424, 0.4631570000019565, 0.48329500000181724, 0.5034320000013395, 0.5235690000008617, 0.5437060000003839, 0.5638440000002447, 0.5839809999997669, 0.6041180000029271, 0.6242550000024494, 0.6443930000023101, 0.6645286250022764, 0.6846656250017986, 0.7048026250013208, 0.7249406250011816, 0.7450776250007038, 0.7652146250002261, 0.7853516249997483, 0.8054896249996091, 0.8256266250027693, 0.8457636250022915, 0.8659006250018138, 0.8860386250016745, 0.9061756250011967, 0.926312625000719, 0.9464496250002412, 0.966587625000102, 0.9867246249996242, 1.0068616250027844, 1.0269986250023067, 1.0471366250021674, 1.0672736250016897, 1.0874106250012119, 1.1075476250007341, 1.1276856250005949, 1.1478226250001171, 1.1679596249996393, 1.1880966250027996, 1.2082346250026603, 1.2283716250021826, 1.2485086250017048, 1.268645625001227, 1.2887826250007492, 1.30892062500061, 1.3290576250001322, 1.3491946249996545, 1.3693316250028147, 1.3894696250026755, 1.4096066250021977, 1.42974362500172], "x_swing_data": [0.260309, 0.21007, 0.099401, 0.033148, -0.146401, -0.223597, -0.375939, -0.459375, -0.683754, -0.835785, -0.871918, -0.888063, -1.024567, -1.164825, -1.18039, -1.253493, -1.269361, -1.363187, -1.549887, -1.601538, -1.462183, -0.358024, 6.170681, 8.820459, 13.966058, 15.754069, 13.969654, 7.939078, 9.634081, 8.099192, 8.480058, 8.349762, 6.22825, 5.611609, 4.913525, 3.940783, 3.848867, 4.944344, 3.779452, 3.390919, 1.3544, 0.639033, 1.007356, 0.793925, 0.844261, 0.789102, 0.812836, 0.919583, 1.030118, 1.143981, 1.136263], "y_swing_data": [-0.374108, -0.372443, -0.174151, -0.214705, -0.262389, -0.301545, -0.280239, -0.285461, -0.386145, -0.660276, -0.73774, -0.793585, -1.144472, -1.628992, -1.751693, -1.767048, -1.839167, -1.958907, -2.36609, -2.465672, -2.230356, -0.125864, -3.007721, -0.041449, -3.804166, -6.854867, -11.081425, -6.858167, 3.677231, -2.991195, -6.739645, 3.460459, 1.301404, 2.257991, 3.055667, 2.44769, -1.121753, -3.226643, 0.328057, 3.120918, 3.111068, 1.236174, 0.325961, 0.321408, 1.79801, 0.530626, 0.094302, 1.188618, 0.447704, 0.424272, 0.209184], "z_swing_data": [-0.204534, -0.21203, -0.346608, -0.369274, -0.351593, -0.231651, -0.271579, -0.312235, -0.264793, -0.198555, -0.374326, -0.497578, -0.434734, -0.187405, -0.135672, 0.049692, 0.385109, 1.003331, 1.632049, 2.072112, 2.828982, 3.56022, 4.383905, 6.436116, 3.181883, 2.355014, -4.696265, 15.989666, 8.922196, -0.496962, 4.16995, -0.196678, 0.027703, 0.521103, 0.91562, 0.855614, -0.816143, -1.102402, -1.673171, -2.771319, -2.504181, -1.419087, -0.008699, 0.497216, -0.244021, -0.372019, 0.37184, 0.217622, 0.422189, 0.534806, 0.712618], "sin_pitch_values": [0.12886762662210755, 0.13533939388077845, 0.145902328444237, 0.1601888789965648, 0.17671311148242802, 0.19560173492778207, 0.21841894307820686, 0.24604917836658657, 0.27317208501830753, 0.29254386081418804, 0.3004076346811841, 0.2909646905969646, 0.2548049597026404, 0.18984080461851086, 0.09625374854005185, -0.027515526796341432, -0.17844612267240967, -0.34226929042359405, -0.5059526057221346, -0.6591846683221692, -0.7796570701741595, -0.8695621626414632, -0.8179324454470212, -0.4829311484336107, 0.025012391224643694, 0.18248667091062526, -0.28993603384559674, -0.8493628714027951, -0.9285884560900701, -0.7420651944052392, -0.582372390925195, -0.3898530397035905, -0.21225308115654112, -0.0071459391813639295, 0.2561217666992282, 0.49270280635725416, 0.5984315625361306, 0.6880598539798269, 0.7732927237872026, 0.820945556474113, 0.8313747619903408, 0.819288481479718, 0.765978472365658, 0.6610993245750698, 0.5833491023897702, 0.5452748815224336, 0.4936849452822855, 0.4514047663947231, 0.4069777861938897, 0.363938597901728, 0.3297285208964518], "sin_roll_values": [-0.8409600234775603, -0.8436866612876036, -0.8474832692728393, -0.8537742622261786, -0.8634800148731757, -0.8775675425942433, -0.8960936357716444, -0.9197299519806039, -0.9470868496504155, -0.973799293518065, -0.9939046870798971, -0.9994802500418722, -0.9818088718924787, -0.9379552394107673, -0.8670008008937473, -0.7705264440340392, -0.6521004113891326, -0.5144092774960887, -0.36485089494478745, -0.2342972691033958, -0.20379004137555345, -0.4331012671590666, -0.9313036391113808, -0.9998512798181065, -0.9804943354804004, -0.6808305602801163, -0.3002225897126332, -0.12441080439811437, 0.7755349331307031, 0.9361666278126214, 0.9867347706963467, 0.9790949001112069, 0.9648626122304769, 0.9522886162394253, 0.9617561085931273, 0.9975905441996382, 0.9801341335797348, 0.9723287665802429, 0.9963129768909862, 0.9949290780881545, 0.9845653604635305, 0.9663945214209124, 0.907051448359088, 0.8367911347668335, 0.8240594971531336, 0.8416778588687169, 0.8601266935334761, 0.8843893114040496, 0.9046846403323009, 0.9178152666812058, 0.9230322218077768], "sin_yaw_values": [-0.9241696294714765, -0.9398305574773438, -0.9511599646550051, -0.959104119859475, -0.9649227578037625, -0.9689417751086193, -0.969839873476298, -0.9656506915038656, -0.9553854357943403, -0.9384447347200832, -0.9108789617332184, -0.863917997657666, -0.7965348484714446, -0.7250210793101516, -0.6522265150044116, -0.578184664731122, -0.5028008937698221, -0.428195492382497, -0.34723122114550503, -0.2316758009359723, -0.008962879992829985, 0.4745766439828663, 0.991964773813884, 0.9338122631882831, 0.9438002483885214, 0.9815471274557593, 0.805994696128824, 0.8211527777320219, 0.9097812056323847, 0.7316761403658835, 0.471651417318114, 0.39000005606696225, 0.40577777495378264, 0.5300848719425711, 0.7275387778183896, 0.9309794584186045, 0.9968660569412382, 0.9940036838629288, 0.9406659960399898, 0.8487461564773842, 0.8142979415682963, 0.773684832581792, 0.649087776141428, 0.5188025491385407, 0.5230773350873619, 0.6020696218003467, 0.6910239334532479, 0.8054738794270216, 0.9083445765324875, 0.9787078259898306, 0.9994915785061953]}